{
	"parent": "item/handheld",
	"textures": {
		"layer0": "item/iron_hoe"
	},
	"overrides": [
		{ "predicate": { "damage": 0 }, "model": "item/iron_hoe" },
		{ "predicate": { "damaged": 0, "damage": 0.00398406374502 }, "model": "mobs/ooze" },
		{ "predicate": { "damaged": 0, "damage": 0.00796812749004 }, "model": "mobs/ooze_moving" },
		{ "predicate": { "damaged": 0, "damage": 0.01195219123506 }, "model": "mobs/ooze_hurt" },
		{ "predicate": { "damaged": 0, "damage": 0.01593625498008 }, "model": "mobs/cave_dweller" },
		{ "predicate": { "damaged": 0, "damage": 0.0199203187251 }, "model": "mobs/cave_dweller_moving" },
		{ "predicate": { "damaged": 0, "damage": 0.02390438247012 }, "model": "mobs/cave_dweller_hurt" },
		{ "predicate": { "damaged": 0, "damage": 0.027888446215139 }, "model": "mobs/goblin" },
		{ "predicate": { "damaged": 0, "damage": 0.031872509960159 }, "model": "mobs/goblin_moving" },
		{ "predicate": { "damaged": 0, "damage": 0.035856573705179 }, "model": "mobs/goblin_hurt" },
		{ "predicate": { "damaged": 0, "damage": 0.039840637450199 }, "model": "mobs/ice_creeper" },
		{ "predicate": { "damaged": 0, "damage": 0.043824701195219 }, "model": "mobs/ice_creeper_moving" },
		{ "predicate": { "damaged": 0, "damage": 0.047808764940239 }, "model": "mobs/ice_creeper_hurt" },
		{ "predicate": { "damaged": 0, "damage": 0.051792828685259 }, "model": "mobs/mummy" },
		{ "predicate": { "damaged": 0, "damage": 0.055776892430279 }, "model": "mobs/mummy_moving" },
		{ "predicate": { "damaged": 0, "damage": 0.059760956175299 }, "model": "mobs/mummy_hurt" },
		{ "predicate": { "damaged": 0, "damage": 0.063745019920319 }, "model": "mobs/sand_creeper" },
		{ "predicate": { "damaged": 0, "damage": 0.067729083665339 }, "model": "mobs/sand_creeper_moving" },
		{ "predicate": { "damaged": 0, "damage": 0.071713147410359 }, "model": "mobs/sand_creeper_hurt" },
		{ "predicate": { "damaged": 0, "damage": 0.075697211155378 }, "model": "mobs/sandmite" },
		{ "predicate": { "damaged": 0, "damage": 0.079681274900398 }, "model": "mobs/sandmite_moving" },
		{ "predicate": { "damaged": 0, "damage": 0.083665338645418 }, "model": "mobs/sandmite_hurt" },
		{ "predicate": { "damaged": 0, "damage": 0.087649402390438 }, "model": "mobs/tree_golem" },
		{ "predicate": { "damaged": 0, "damage": 0.091633466135458 }, "model": "mobs/tree_golem_moving" },
		{ "predicate": { "damaged": 0, "damage": 0.095617529880478 }, "model": "mobs/tree_golem_hurt" },
		{ "predicate": { "damaged": 0, "damage": 0.099601593625498 }, "model": "mobs/troll" },
		{ "predicate": { "damaged": 0, "damage": 0.103585657370518 }, "model": "mobs/troll_moving" },
		{ "predicate": { "damaged": 0, "damage": 0.107569721115538 }, "model": "mobs/troll_hurt" },
		{ "predicate": { "damaged": 0, "damage": 0.111553784860558 }, "model": "mobs/yeti" },
		{ "predicate": { "damaged": 0, "damage": 0.115537848605578 }, "model": "mobs/yeti_moving" },
		{ "predicate": { "damaged": 0, "damage": 0.119521912350598 }, "model": "mobs/yeti_hurt" },
		{ "predicate": { "damaged": 0, "damage": 0.123505976095618 }, "model": "mobs/druid" },
		{ "predicate": { "damaged": 0, "damage": 0.127490039840637 }, "model": "mobs/druid_hurt" },
		{ "predicate": { "damaged": 0, "damage": 0.131474103585657 }, "model": "mobs/druid_spell1" },
		{ "predicate": { "damaged": 0, "damage": 0.135458167330677 }, "model": "mobs/druid_spell1_hurt" },
		{ "predicate": { "damaged": 0, "damage": 0.139442231075697 }, "model": "mobs/druid_spell2" },
		{ "predicate": { "damaged": 0, "damage": 0.143426294820717 }, "model": "mobs/druid_spell2_hurt" },
		{ "predicate": { "damaged": 0, "damage": 0.147410358565737 }, "model": "mobs/jungle_mite" },
		{ "predicate": { "damaged": 0, "damage": 0.151394422310757 }, "model": "mobs/jungle_mite_hurt" },
		{ "predicate": { "damaged": 0, "damage": 0.155378486055777 }, "model": "mobs/sand_hag" },
		{ "predicate": { "damaged": 0, "damage": 0.159362549800797 }, "model": "mobs/sand_hag_hurt" },
		{ "predicate": { "damaged": 0, "damage": 0.163346613545817 }, "model": "mobs/deadlock_skeleton" },
		{ "predicate": { "damaged": 0, "damage": 0.167330677290837 }, "model": "mobs/death_skull" },
		{ "predicate": { "damaged": 0, "damage": 0.171314741035857 }, "model": "mobs/desert_archer" },
		{ "predicate": { "damaged": 0, "damage": 0.175298804780877 }, "model": "mobs/ice_hand" },
		{ "predicate": { "damaged": 0, "damage": 0.179282868525896 }, "model": "mobs/jungle_skeleton" },
		{ "predicate": { "damaged": 0, "damage": 0.183266932270916 }, "model": "mobs/jungle_zombie" },
		{ "predicate": { "damaged": 0, "damage": 0.187250996015936 }, "model": "mobs/jungle_zombie2" },
		{ "predicate": { "damaged": 0, "damage": 0.191235059760956 }, "model": "mobs/mossy_hand" },
		{ "predicate": { "damaged": 0, "damage": 0.195219123505976 }, "model": "mobs/mossy_zombie" },
		{ "predicate": { "damaged": 0, "damage": 0.199203187250996 }, "model": "mobs/shadow" },
		{ "predicate": { "damaged": 0, "damage": 0.203187250996016 }, "model": "mobs/skeleton_zombie" },
		{ "predicate": { "damaged": 0, "damage": 0.207171314741036 }, "model": "mobs/zombie_hand" },
		{ "predicate": { "damaged": 0, "damage": 0.211155378486056 }, "model": "mobs/zombie_hand_2" },
		{ "predicate": { "damaged": 0, "damage": 0.215139442231076 }, "model": "mobs/zombie_skull_mossy" },
		{ "predicate": { "damaged": 0, "damage": 0.219123505976096 }, "model": "item/iron_hoe" },
		{ "predicate": { "damaged": 1 }, "model": "item/iron_hoe" }
	]
}