{
	"parent": "item/handheld",
	"textures": {
		"layer0": "item/iron_sword"
	},
	"overrides": [
		{ "predicate": { "damage": 0 }, "model": "item/iron_sword" },
		{ "predicate": { "damaged": 0, "damage": 0.00398406374502 }, "model": "item/shadow_blade" },
		{ "predicate": { "damaged": 0, "damage": 0.00796812749004 }, "model": "item/shadow_blade_mortal" },
		{ "predicate": { "damaged": 0, "damage": 0.01195219123506 }, "model": "mobs/invisable_weapon" },
		{ "predicate": { "damaged": 1 }, "model": "item/iron_sword" }
	]
}