{
    "parent": "item/handheld",
    "textures": {
        "layer0": "item/leather_boots",
		"layer1": "item/leather_boots_overlay"
    },
    "overrides": [
		{"predicate": {"damaged": 0,"damage": 0.92424242424}, "model": "mechanization:gadgets/structural_boots"},
		{"predicate": {"damaged": 0,"damage": 0.93939393939}, "model": "mechanization:gadgets/copper_boots"},
		{"predicate": {"damaged": 0,"damage": 0.95454545454}, "model": "mechanization:gadgets/tin_boots"},
		{"predicate": {"damaged": 0,"damage": 0.96969696969}, "model": "mechanization:gadgets/steel_boots"},
		{"predicate": {"damaged": 0,"damage": 1.0}, "model": "mechanization:gadgets/titanium_boots"},
		{"predicate": {"damaged": 1,"damage": 0}, "model": "item/leather_boots"}
	]
}
