{
	"credit": "Made with Blockbench, a free, modern block model editor by JannisX11",
	"textures": {
		"0": "mobs/brown_spider",
		"particle": "mobs/brown_spider"
	},
	"elements": [
		{
			"name": "head",
			"from": [4, 0, -6],
			"to": [12, 8, 2],
			"faces": {
				"north": {"uv": [10, 3, 12, 5], "texture": "#0"},
				"east": {"uv": [8, 3, 10, 5], "texture": "#0"},
				"south": {"uv": [12, 1, 14, 3], "texture": "#0"},
				"west": {"uv": [12, 3, 14, 5], "texture": "#0"},
				"up": {"uv": [10, 1, 12, 3], "texture": "#0"},
				"down": {"uv": [12, 1, 14, 3], "texture": "#0"}
			}
		},
		{
			"from": [5, 1, 2],
			"to": [11, 7, 8],
			"faces": {
				"north": {"uv": [1.5, 0, 3.5, 2], "texture": "#0"},
				"east": {"uv": [1.5, 0, 3.5, 2], "texture": "#0"},
				"south": {"uv": [1.5, 0, 3.5, 2], "texture": "#0"},
				"west": {"uv": [1.5, 0, 3.5, 2], "texture": "#0"},
				"up": {"uv": [1.5, 0, 3.5, 2], "texture": "#0"},
				"down": {"uv": [1.5, 0, 3.5, 2], "texture": "#0"}
			}
		},
		{
			"name": "abdamen",
			"from": [3, 0, 8],
			"to": [13, 8, 20],
			"faces": {
				"north": {"uv": [5.5, 5, 8.5, 7.25], "texture": "#0"},
				"east": {"uv": [6.25, 3, 9.25, 5], "texture": "#0"},
				"south": {"uv": [0.25, 6, 3, 8], "texture": "#0"},
				"west": {"uv": [3.25, 3, 6.25, 5], "texture": "#0"},
				"up": {"uv": [3.25, 3, 5.75, 6.25], "texture": "#0"},
				"down": {"uv": [5.75, 3, 7.75, 6], "texture": "#0"}
			}
		},
		{
			"name": "leg",
			"from": [10, 3, -1],
			"to": [26, 5, 1],
			"rotation": {"angle": 22.5, "axis": "y", "origin": [18, 4, 0]},
			"faces": {
				"north": {"uv": [9, 0, 13, 0.5], "texture": "#0"},
				"east": {"uv": [4.5, 0.5, 5, 1], "texture": "#0"},
				"south": {"uv": [9, 0, 13, 0.5], "texture": "#0"},
				"west": {"uv": [9, 0.5, 9.5, 1], "texture": "#0"},
				"up": {"uv": [5, 0, 9, 0.5], "texture": "#0"},
				"down": {"uv": [9, 0, 13, 0.5], "texture": "#0"}
			}
		},
		{
			"name": "leg",
			"from": [10, 3, 9],
			"to": [26, 5, 11],
			"rotation": {"angle": -22.5, "axis": "y", "origin": [18, 4, 10]},
			"faces": {
				"north": {"uv": [9, 0, 13, 0.5], "texture": "#0"},
				"east": {"uv": [4.5, 0.5, 5, 1], "texture": "#0"},
				"south": {"uv": [9, 0, 13, 0.5], "texture": "#0"},
				"west": {"uv": [9, 0.5, 9.5, 1], "texture": "#0"},
				"up": {"uv": [9.5, 0.5, 13.5, 1], "texture": "#0"},
				"down": {"uv": [9, 0, 13, 0.5], "texture": "#0"}
			}
		},
		{
			"name": "leg",
			"from": [10, 3, 5.5],
			"to": [26, 5, 7.5],
			"rotation": {"angle": 0, "axis": "y", "origin": [18, 4, 6.5]},
			"faces": {
				"north": {"uv": [9, 0, 13, 0.5], "texture": "#0"},
				"east": {"uv": [4.5, 0.5, 5, 1], "texture": "#0"},
				"south": {"uv": [9, 0, 13, 0.5], "texture": "#0"},
				"west": {"uv": [9, 0.5, 9.5, 1], "texture": "#0"},
				"up": {"uv": [5, 0.5, 9, 1], "texture": "#0"},
				"down": {"uv": [9, 0, 13, 0.5], "texture": "#0"}
			}
		},
		{
			"name": "leg",
			"from": [10, 3, 2.75],
			"to": [26, 5, 4.75],
			"rotation": {"angle": 0, "axis": "y", "origin": [18, 4, 3.75]},
			"faces": {
				"north": {"uv": [9, 0, 13, 0.5], "texture": "#0"},
				"east": {"uv": [4.5, 0.5, 5, 1], "texture": "#0"},
				"south": {"uv": [9, 0, 13, 0.5], "texture": "#0"},
				"west": {"uv": [9, 0.5, 9.5, 1], "texture": "#0"},
				"up": {"uv": [5, 0.5, 9, 1], "texture": "#0"},
				"down": {"uv": [9, 0, 13, 0.5], "texture": "#0"}
			}
		},
		{
			"name": "leg",
			"from": [-10, 3, -1],
			"to": [6, 5, 1],
			"rotation": {"angle": -22.5, "axis": "y", "origin": [-2, 4, 0]},
			"faces": {
				"north": {"uv": [9, 0, 13, 0.5], "texture": "#0"},
				"east": {"uv": [4.5, 0.5, 5, 1], "texture": "#0"},
				"south": {"uv": [9, 0, 13, 0.5], "texture": "#0"},
				"west": {"uv": [9, 0.5, 9.5, 1], "texture": "#0"},
				"up": {"uv": [5, 0.5, 9, 1], "texture": "#0"},
				"down": {"uv": [9, 0, 13, 0.5], "texture": "#0"}
			}
		},
		{
			"name": "leg",
			"from": [-10, 3, 9],
			"to": [6, 5, 11],
			"rotation": {"angle": 22.5, "axis": "y", "origin": [-2, 4, 10]},
			"faces": {
				"north": {"uv": [9, 0, 13, 0.5], "texture": "#0"},
				"east": {"uv": [4.5, 0.5, 5, 1], "texture": "#0"},
				"south": {"uv": [9, 0, 13, 0.5], "texture": "#0"},
				"west": {"uv": [9, 0.5, 9.5, 1], "texture": "#0"},
				"up": {"uv": [5, 0.5, 9, 1], "texture": "#0"},
				"down": {"uv": [9, 0, 13, 0.5], "texture": "#0"}
			}
		},
		{
			"name": "leg",
			"from": [-10, 3, 5.5],
			"to": [6, 5, 7.5],
			"rotation": {"angle": 0, "axis": "y", "origin": [-2, 4, 6.5]},
			"faces": {
				"north": {"uv": [9, 0, 13, 0.5], "texture": "#0"},
				"east": {"uv": [4.5, 0.5, 5, 1], "texture": "#0"},
				"south": {"uv": [9, 0, 13, 0.5], "texture": "#0"},
				"west": {"uv": [9, 0.5, 9.5, 1], "texture": "#0"},
				"up": {"uv": [5, 0, 9, 0.5], "texture": "#0"},
				"down": {"uv": [9, 0, 13, 0.5], "texture": "#0"}
			}
		},
		{
			"name": "leg",
			"from": [-10, 3, 2.75],
			"to": [6, 5, 4.75],
			"rotation": {"angle": 0, "axis": "y", "origin": [-2, 4, 3.75]},
			"faces": {
				"north": {"uv": [9, 0, 13, 0.5], "texture": "#0"},
				"east": {"uv": [4.5, 0.5, 5, 1], "texture": "#0"},
				"south": {"uv": [9, 0, 13, 0.5], "texture": "#0"},
				"west": {"uv": [9, 0.5, 9.5, 1], "texture": "#0"},
				"up": {"uv": [5, 0.5, 9, 1], "texture": "#0"},
				"down": {"uv": [9, 0, 13, 0.5], "texture": "#0"}
			}
		}
	],
	"display": {
		"head": {
			"scale": [1.5, 1.5, 1.5],
			"translation": [0, -17, 0]
		}
	},
	"groups": [
		{
			"name": "body",
			"isOpen": false,
			"shade": true,
			"display": {
				"visibility": true,
				"autouv": true
			},
			"children": [0, 1, 2]
		},
		{
			"name": "legs",
			"isOpen": false,
			"shade": true,
			"display": {
				"visibility": true,
				"autouv": true
			},
			"children": [3, 4, 5, 6, 7, 8, 9, 10]
		}
	]
}