{
    "credit": "Made with Blockbench,  a free,  modern block model editor by JannisX11", 
    "textures": {
        "main": "mobs/cave_dweller_hurt"
    }, 
    "elements": [
        {
            "name": "mask", 
            "from": [ 3.9, 23.8, 3.8 ], 
            "to":   [ 12.1, 32, 12.1 ], 
            "faces": {
                "north": { "uv": [ 6, 1, 7, 2 ], "texture": "#main" }, 
                "east":  { "uv": [ 1.875, 4.125, 2.875, 5.125 ], "texture": "#main" }, 
                "south": { "uv": [ 7, 0, 8, 1 ], "texture": "#main" }, 
                "west":  { "uv": [ 7, 1, 8, 2 ], "texture": "#main" }, 
                "up":    { "uv": [ 6, 0, 7, 1 ], "texture": "#main" }, 
                "down":  { "uv": [ 2, 0, 3, 1 ], "texture": "#main" }
            }
        }, 
        {
            "name": "head", 
            "from": [ 4, 23.9, 4 ], 
            "to":   [ 12, 31.9, 12 ], 
            "faces": {
                "north": { "uv": [ 1, 1, 2, 2 ], "texture": "#main" }, 
                "east":  { "uv": [ 0, 1, 1, 2 ], "texture": "#main" }, 
                "south": { "uv": [ 0, 0, 1, 1 ], "texture": "#main" }, 
                "west":  { "uv": [ 2.125, 1, 3.125, 2 ], "texture": "#main" }, 
                "up":    { "uv": [ 1, 0, 2, 1 ], "texture": "#main" }, 
                "down":  { "uv": [ 2, 0, 3, 1 ], "texture": "#main" }
            }
        }, 
        {
            "name": "body", 
            "from": [ 4, 12, 6 ], 
            "to":   [ 12, 24, 10 ], 
            "faces": {
                "north": { "uv": [ 2.5, 2.5, 3.5, 4 ], "texture": "#main" }, 
                "east":  { "uv": [ 2, 2.5, 2.5, 4 ], "texture": "#main" }, 
                "south": { "uv": [ 4, 2.5, 5, 4 ], "texture": "#main" }, 
                "west":  { "uv": [ 3.5, 2.5, 4, 4 ], "texture": "#main" }, 
                "up":    { "uv": [ 2.5, 2, 3.5, 2.5 ], "texture": "#main" }, 
                "down":  { "uv": [ 3.5, 2, 4.5, 2.5 ], "texture": "#main" }
            }
        }, 
        {
            "name": "R leg", 
            "from": [ 4, 0, 6 ], 
            "to":   [ 8, 12, 10 ], 
            "rotation": { "angle": 0, "axis": "x", "origin": [6, 10, 8] }, 
            "faces": {
                "north": { "uv": [ 0.5, 2.5, 1, 4 ], "texture": "#main" }, 
                "east":  { "uv": [ 1, 2.5, 1.5, 4 ], "texture": "#main" }, 
                "south": { "uv": [ 1.5, 2.5, 2, 4 ], "texture": "#main" }, 
                "west":  { "uv": [ 0, 2.5, 0.5, 4 ], "texture": "#main" }, 
                "up":    { "uv": [ 0.5, 2, 1, 2.5 ], "texture": "#main" }, 
                "down":  { "uv": [ 1.125, 3.75, 1.5, 4 ], "texture": "#main" }
            }
        }, 
        {
            "name": "L leg", 
            "from": [ 8, 0, 6 ], 
            "to":   [ 12, 12, 10 ], 
            "faces": {
                "north": { "uv": [ 0.5, 2.5, 1, 4 ], "texture": "#main" }, 
                "east":  { "uv": [ 0, 2.5, 0.5, 4 ], "texture": "#main" }, 
                "south": { "uv": [ 1.5, 2.5, 2, 4 ], "texture": "#main" }, 
                "west":  { "uv": [ 0, 2.5, 0.5, 4 ], "texture": "#main" }, 
                "up":    { "uv": [ 0.5, 2, 1, 2.5 ], "texture": "#main" }, 
                "down":  { "uv": [ 1.125, 3.75, 1.5, 4 ], "texture": "#main" }
            }
        }, 
        {
            "name": "L arm", 
            "from": [ 12, 20, -2 ], 
            "to":   [ 16, 24, 10 ], 
            "rotation": { "angle": 0, "axis": "x", "origin": [14, 22, 8] }, 
            "faces": {
                "north": { "uv": [ 4, 0, 4.5, 0.5 ], "texture": "#main", "rotation":180 }, 
                "east":  { "uv": [ 3.5, 0.5, 4, 2 ], "texture": "#main", "rotation":270 }, 
                "south": { "uv": [ 3.5, 0, 4, 0.5 ], "texture": "#main", "rotation":180 }, 
                "west":  { "uv": [ 3, 0.5, 3.5, 2 ], "texture": "#main", "rotation":90 }, 
                "up":    { "uv": [ 3.5, 0.5, 4, 2 ], "texture": "#main", "rotation":180 }, 
                "down":  { "uv": [ 4.5, 0.5, 5, 2 ], "texture": "#main" }
            }
        }, 
        {
            "name": "L arm mask", 
            "from": [ 11.9, 19.9, -2.2 ], 
            "to":   [ 16.1, 24.1, 10.1 ], 
            "rotation": { "angle": 0, "axis": "x", "origin": [14, 22, 8] }, 
            "faces": {
                "north": { "uv": [ 6.875, 2.875, 7.375, 3.375 ], "texture": "#main", "rotation":180 }, 
                "east":  { "uv": [ 7.5, 2.125, 8, 3.625 ], "texture": "#main", "rotation":270 }, 
                "south": { "uv": [ 3, 0, 3.5, 0.5 ], "texture": "#main", "rotation":180 }, 
                "west":  { "uv": [ 6, 2.125, 6.5, 3.625 ], "texture": "#main", "rotation":90 }, 
                "up":    { "uv": [ 7, 2.125, 7.5, 3.625 ], "texture": "#main", "rotation":180 }, 
                "down":  { "uv": [ 6.5, 2.125, 7, 3.625 ], "texture": "#main" }
            }
        }, 
        {
            "name": "R arm", 
            "from": [ 0, 20, -2 ], 
            "to":   [ 4, 24, 10 ], 
            "rotation": { "angle": 0, "axis": "x", "origin": [2, 22, 8] }, 
            "faces": {
                "north": { "uv": [ 4, 0, 4.5, 0.5 ], "texture": "#main", "rotation":180 }, 
                "east":  { "uv": [ 4, 0.5, 4.5, 2 ], "texture": "#main", "rotation":270 }, 
                "south": { "uv": [ 3.5, 0, 4, 0.5 ], "texture": "#main", "rotation":180 }, 
                "west":  { "uv": [ 3.5, 0.5, 4, 2 ], "texture": "#main", "rotation":90 }, 
                "up":    { "uv": [ 3.5, 0.5, 4, 2 ], "texture": "#main", "rotation":180 }, 
                "down":  { "uv": [ 4.5, 0.5, 5, 2 ], "texture": "#main" }
            }
        }, 
        {
            "name": "R arm mask", 
            "from": [ -0.1, 19.9, -2.1 ], 
            "to":   [ 4.1, 24.1, 10.2 ], 
            "rotation": { "angle": 0, "axis": "x", "origin": [2, 22, 8] }, 
            "faces": {
                "north": { "uv": [ 4.5, 0, 5, 0.5 ], "texture": "#main", "rotation":180 }, 
                "east":  { "uv": [ 6.625, 3.75, 7.125, 5.25 ], "texture": "#main", "rotation":270 }, 
                "south": { "uv": [ 3.125, 4.25, 3.625, 4.75 ], "texture": "#main", "rotation":180 }, 
                "west":  { "uv": [ 6, 3.75, 6.5, 5.25 ], "texture": "#main", "rotation":90 }, 
                "up":    { "uv": [ 7.125, 3.75, 7.625, 5.25 ], "texture": "#main", "rotation":180 }, 
                "down":  { "uv": [ 7.5, 3.75, 8, 5.25 ], "texture": "#main" }
            }
        }, 
        {
            "name": "mask", 
            "from": [ 3.9, 23.8, 3.8 ], 
            "to":   [ 12.1, 32, 12.1 ], 
            "faces": {
                "north": { "uv": [ 14, 1, 15, 2 ], "texture": "#main" }, 
                "east":  { "uv": [ 9.875, 4.125, 10.875, 5.125 ], "texture": "#main" }, 
                "south": { "uv": [ 15, 0, 16, 1 ], "texture": "#main" }, 
                "west":  { "uv": [ 15, 1, 16, 2 ], "texture": "#main" }, 
                "up":    { "uv": [ 14, 0, 15, 1 ], "texture": "#main" }, 
                "down":  { "uv": [ 10, 0, 11, 1 ], "texture": "#main" }
            }
        }, 
        {
            "name": "head", 
            "from": [ 4, 23.9, 4 ], 
            "to":   [ 12, 31.9, 12 ], 
            "faces": {
                "north": { "uv": [ 9, 1, 10, 2 ], "texture": "#main" }, 
                "east":  { "uv": [ 8, 1, 9, 2 ], "texture": "#main" }, 
                "south": { "uv": [ 8, 0, 9, 1 ], "texture": "#main" }, 
                "west":  { "uv": [ 10.125, 1, 11.125, 2 ], "texture": "#main" }, 
                "up":    { "uv": [ 9, 0, 10, 1 ], "texture": "#main" }, 
                "down":  { "uv": [ 10, 0, 11, 1 ], "texture": "#main" }
            }
        }, 
        {
            "name": "body", 
            "from": [ 4, 12, 6 ], 
            "to":   [ 12, 24, 10 ], 
            "faces": {
                "north": { "uv": [ 10.5, 2.5, 11.5, 4 ], "texture": "#main" }, 
                "east":  { "uv": [ 10, 2.5, 10.5, 4 ], "texture": "#main" }, 
                "south": { "uv": [ 12, 2.5, 13, 4 ], "texture": "#main" }, 
                "west":  { "uv": [ 11.5, 2.5, 12, 4 ], "texture": "#main" }, 
                "up":    { "uv": [ 10.5, 2, 11.5, 2.5 ], "texture": "#main" }, 
                "down":  { "uv": [ 11.5, 2, 12.5, 2.5 ], "texture": "#main" }
            }
        }, 
        {
            "name": "R leg", 
            "from": [ 4, 0, 6 ], 
            "to":   [ 8, 12, 10 ], 
            "rotation": { "angle": -22.5, "axis": "x", "origin": [6, 10, 8] }, 
            "faces": {
                "north": { "uv": [ 8.5, 2.5, 9, 4 ], "texture": "#main" }, 
                "east":  { "uv": [ 9, 2.5, 9.5, 4 ], "texture": "#main" }, 
                "south": { "uv": [ 9.5, 2.5, 10, 4 ], "texture": "#main" }, 
                "west":  { "uv": [ 8, 2.5, 8.5, 4 ], "texture": "#main" }, 
                "up":    { "uv": [ 8.5, 2, 9, 2.5 ], "texture": "#main" }, 
                "down":  { "uv": [ 9.125, 3.75, 9.5, 4 ], "texture": "#main" }
            }
        }, 
        {
            "name": "L leg", 
            "from": [ 8, 0, 6 ], 
            "to":   [ 12, 12, 10 ], 
            "rotation": { "angle": 22.5, "axis": "x", "origin": [10, 10, 8] }, 
            "faces": {
                "north": { "uv": [ 8.5, 2.5, 9, 4 ], "texture": "#main" }, 
                "east":  { "uv": [ 8, 2.5, 8.5, 4 ], "texture": "#main" }, 
                "south": { "uv": [ 9.5, 2.5, 10, 4 ], "texture": "#main" }, 
                "west":  { "uv": [ 8, 2.5, 8.5, 4 ], "texture": "#main" }, 
                "up":    { "uv": [ 8.5, 2, 9, 2.5 ], "texture": "#main" }, 
                "down":  { "uv": [ 9.125, 3.75, 9.5, 4 ], "texture": "#main" }
            }
        }, 
        {
            "name": "L arm", 
            "from": [ 12, 20, -2 ], 
            "to":   [ 16, 24, 10 ], 
            "rotation": { "angle": 0, "axis": "x", "origin": [14, 22, 8] }, 
            "faces": {
                "north": { "uv": [ 12, 0, 12.5, 0.5 ], "texture": "#main", "rotation":180 }, 
                "east":  { "uv": [ 11.5, 0.5, 12, 2 ], "texture": "#main", "rotation":270 }, 
                "south": { "uv": [ 11.5, 0, 12, 0.5 ], "texture": "#main", "rotation":180 }, 
                "west":  { "uv": [ 11, 0.5, 11.5, 2 ], "texture": "#main", "rotation":90 }, 
                "up":    { "uv": [ 11.5, 0.5, 12, 2 ], "texture": "#main", "rotation":180 }, 
                "down":  { "uv": [ 12.5, 0.5, 13, 2 ], "texture": "#main" }
            }
        }, 
        {
            "name": "L arm mask", 
            "from": [ 11.9, 19.9, -2.2 ], 
            "to":   [ 16.1, 24.1, 10.1 ], 
            "rotation": { "angle": 0, "axis": "x", "origin": [14, 22, 8] }, 
            "faces": {
                "north": { "uv": [ 14.875, 2.875, 15.375, 3.375 ], "texture": "#main", "rotation":180 }, 
                "east":  { "uv": [ 15.5, 2.125, 16, 3.625 ], "texture": "#main", "rotation":270 }, 
                "south": { "uv": [ 11, 0, 11.5, 0.5 ], "texture": "#main", "rotation":180 }, 
                "west":  { "uv": [ 14, 2.125, 14.5, 3.625 ], "texture": "#main", "rotation":90 }, 
                "up":    { "uv": [ 15, 2.125, 15.5, 3.625 ], "texture": "#main", "rotation":180 }, 
                "down":  { "uv": [ 14.5, 2.125, 15, 3.625 ], "texture": "#main" }
            }
        }, 
        {
            "name": "R arm", 
            "from": [ 0, 20, -2 ], 
            "to":   [ 4, 24, 10 ], 
            "rotation": { "angle": 0, "axis": "x", "origin": [2, 22, 8] }, 
            "faces": {
                "north": { "uv": [ 12, 0, 12.5, 0.5 ], "texture": "#main", "rotation":180 }, 
                "east":  { "uv": [ 12, 0.5, 12.5, 2 ], "texture": "#main", "rotation":270 }, 
                "south": { "uv": [ 11.5, 0, 12, 0.5 ], "texture": "#main", "rotation":180 }, 
                "west":  { "uv": [ 11.5, 0.5, 12, 2 ], "texture": "#main", "rotation":90 }, 
                "up":    { "uv": [ 11.5, 0.5, 12, 2 ], "texture": "#main", "rotation":180 }, 
                "down":  { "uv": [ 12.5, 0.5, 13, 2 ], "texture": "#main" }
            }
        }, 
        {
            "name": "R arm mask", 
            "from": [ -0.1, 19.9, -2.1 ], 
            "to":   [ 4.1, 24.1, 10.2 ], 
            "rotation": { "angle": 0, "axis": "x", "origin": [2, 22, 8] }, 
            "faces": {
                "north": { "uv": [ 12.5, 0, 13, 0.5 ], "texture": "#main", "rotation":180 }, 
                "east":  { "uv": [ 14.625, 3.75, 15.125, 5.25 ], "texture": "#main", "rotation":270 }, 
                "south": { "uv": [ 11.125, 4.25, 11.625, 4.75 ], "texture": "#main", "rotation":180 }, 
                "west":  { "uv": [ 14, 3.75, 14.5, 5.25 ], "texture": "#main", "rotation":90 }, 
                "up":    { "uv": [ 15.125, 3.75, 15.625, 5.25 ], "texture": "#main", "rotation":180 }, 
                "down":  { "uv": [ 15.5, 3.75, 16, 5.25 ], "texture": "#main" }
            }
        }, 
        {
            "name": "mask", 
            "from": [ 3.9, 23.8, 3.8 ], 
            "to":   [ 12.1, 32, 12.1 ], 
            "faces": {
                "north": { "uv": [ 6, 9, 7, 10 ], "texture": "#main" }, 
                "east":  { "uv": [ 1.875, 12.125, 2.875, 13.125 ], "texture": "#main" }, 
                "south": { "uv": [ 7, 8, 8, 9 ], "texture": "#main" }, 
                "west":  { "uv": [ 7, 9, 8, 10 ], "texture": "#main" }, 
                "up":    { "uv": [ 6, 8, 7, 9 ], "texture": "#main" }, 
                "down":  { "uv": [ 2, 8, 3, 9 ], "texture": "#main" }
            }
        }, 
        {
            "name": "head", 
            "from": [ 4, 23.9, 4 ], 
            "to":   [ 12, 31.9, 12 ], 
            "faces": {
                "north": { "uv": [ 1, 9, 2, 10 ], "texture": "#main" }, 
                "east":  { "uv": [ 0, 9, 1, 10 ], "texture": "#main" }, 
                "south": { "uv": [ 0, 8, 1, 9 ], "texture": "#main" }, 
                "west":  { "uv": [ 2.125, 9, 3.125, 10 ], "texture": "#main" }, 
                "up":    { "uv": [ 1, 8, 2, 9 ], "texture": "#main" }, 
                "down":  { "uv": [ 2, 8, 3, 9 ], "texture": "#main" }
            }
        }, 
        {
            "name": "body", 
            "from": [ 4, 12, 6 ], 
            "to":   [ 12, 24, 10 ], 
            "faces": {
                "north": { "uv": [ 2.5, 10.5, 3.5, 12 ], "texture": "#main" }, 
                "east":  { "uv": [ 2, 10.5, 2.5, 12 ], "texture": "#main" }, 
                "south": { "uv": [ 4, 10.5, 5, 12 ], "texture": "#main" }, 
                "west":  { "uv": [ 3.5, 10.5, 4, 12 ], "texture": "#main" }, 
                "up":    { "uv": [ 2.5, 10, 3.5, 10.5 ], "texture": "#main" }, 
                "down":  { "uv": [ 3.5, 10, 4.5, 10.5 ], "texture": "#main" }
            }
        }, 
        {
            "name": "R leg", 
            "from": [ 4, 0, 6 ], 
            "to":   [ 8, 12, 10 ], 
            "rotation": { "angle": 22.5, "axis": "x", "origin": [6, 10, 8] }, 
            "faces": {
                "north": { "uv": [ 0.5, 10.5, 1, 12 ], "texture": "#main" }, 
                "east":  { "uv": [ 1, 10.5, 1.5, 12 ], "texture": "#main" }, 
                "south": { "uv": [ 1.5, 10.5, 2, 12 ], "texture": "#main" }, 
                "west":  { "uv": [ 0, 10.5, 0.5, 12 ], "texture": "#main" }, 
                "up":    { "uv": [ 0.5, 10, 1, 10.5 ], "texture": "#main" }, 
                "down":  { "uv": [ 1.125, 11.75, 1.5, 12 ], "texture": "#main" }
            }
        }, 
        {
            "name": "L leg", 
            "from": [ 8, 0, 6 ], 
            "to":   [ 12, 12, 10 ], 
            "rotation": { "angle": -22.5, "axis": "x", "origin": [10, 10, 8] }, 
            "faces": {
                "north": { "uv": [ 0.5, 10.5, 1, 12 ], "texture": "#main" }, 
                "east":  { "uv": [ 0, 10.5, 0.5, 12 ], "texture": "#main" }, 
                "south": { "uv": [ 1.5, 10.5, 2, 12 ], "texture": "#main" }, 
                "west":  { "uv": [ 0, 10.5, 0.5, 12 ], "texture": "#main" }, 
                "up":    { "uv": [ 0.5, 10, 1, 10.5 ], "texture": "#main" }, 
                "down":  { "uv": [ 1.125, 11.75, 1.5, 12 ], "texture": "#main" }
            }
        }, 
        {
            "name": "L arm", 
            "from": [ 12, 20, -2 ], 
            "to":   [ 16, 24, 10 ], 
            "rotation": { "angle": 0, "axis": "x", "origin": [14, 22, 8] }, 
            "faces": {
                "north": { "uv": [ 4, 8, 4.5, 8.5 ], "texture": "#main", "rotation":180 }, 
                "east":  { "uv": [ 3.5, 8.5, 4, 10 ], "texture": "#main", "rotation":270 }, 
                "south": { "uv": [ 3.5, 8, 4, 8.5 ], "texture": "#main", "rotation":180 }, 
                "west":  { "uv": [ 3, 8.5, 3.5, 10 ], "texture": "#main", "rotation":90 }, 
                "up":    { "uv": [ 3.5, 8.5, 4, 10 ], "texture": "#main", "rotation":180 }, 
                "down":  { "uv": [ 4.5, 8.5, 5, 10 ], "texture": "#main" }
            }
        }, 
        {
            "name": "L arm mask", 
            "from": [ 11.9, 19.9, -2.2 ], 
            "to":   [ 16.1, 24.1, 10.1 ], 
            "rotation": { "angle": 0, "axis": "x", "origin": [14, 22, 8] }, 
            "faces": {
                "north": { "uv": [ 6.875, 10.875, 7.375, 11.375 ], "texture": "#main", "rotation":180 }, 
                "east":  { "uv": [ 7.5, 10.125, 8, 11.625 ], "texture": "#main", "rotation":270 }, 
                "south": { "uv": [ 3, 8, 3.5, 8.5 ], "texture": "#main", "rotation":180 }, 
                "west":  { "uv": [ 6, 10.125, 6.5, 11.625 ], "texture": "#main", "rotation":90 }, 
                "up":    { "uv": [ 7, 10.125, 7.5, 11.625 ], "texture": "#main", "rotation":180 }, 
                "down":  { "uv": [ 6.5, 10.125, 7, 11.625 ], "texture": "#main" }
            }
        }, 
        {
            "name": "R arm", 
            "from": [ 0, 20, -2 ], 
            "to":   [ 4, 24, 10 ], 
            "rotation": { "angle": 0, "axis": "x", "origin": [2, 22, 8] }, 
            "faces": {
                "north": { "uv": [ 4, 8, 4.5, 8.5 ], "texture": "#main", "rotation":180 }, 
                "east":  { "uv": [ 4, 8.5, 4.5, 10 ], "texture": "#main", "rotation":270 }, 
                "south": { "uv": [ 3.5, 8, 4, 8.5 ], "texture": "#main", "rotation":180 }, 
                "west":  { "uv": [ 3.5, 8.5, 4, 10 ], "texture": "#main", "rotation":90 }, 
                "up":    { "uv": [ 3.5, 8.5, 4, 10 ], "texture": "#main", "rotation":180 }, 
                "down":  { "uv": [ 4.5, 8.5, 5, 10 ], "texture": "#main" }
            }
        }, 
        {
            "name": "R arm mask", 
            "from": [ -0.1, 19.9, -2.1 ], 
            "to":   [ 4.1, 24.1, 10.2 ], 
            "rotation": { "angle": 0, "axis": "x", "origin": [2, 22, 8] }, 
            "faces": {
                "north": { "uv": [ 4.5, 8, 5, 8.5 ], "texture": "#main", "rotation":180 }, 
                "east":  { "uv": [ 6.625, 11.75, 7.125, 13.25 ], "texture": "#main", "rotation":270 }, 
                "south": { "uv": [ 3.125, 12.25, 3.625, 12.75 ], "texture": "#main", "rotation":180 }, 
                "west":  { "uv": [ 6, 11.75, 6.5, 13.25 ], "texture": "#main", "rotation":90 }, 
                "up":    { "uv": [ 7.125, 11.75, 7.625, 13.25 ], "texture": "#main", "rotation":180 }, 
                "down":  { "uv": [ 7.5, 11.75, 8, 13.25 ], "texture": "#main" }
            }
        }
    ], 
    "display": {
        "head": {
            "scale": [ 1.6, 1.6, 1.6 ], 
            "translation": [ 0, -32, 0 ]
        }
    }, 
    "__comment": "Model animated using Fizzy's model animator - http://fizzy81.github.io/animated-models/"
}