{
    "__comment": "Model generated using MrCrayfish's Model Creator (http://mrcrayfish.com/modelcreator/)",
    "textures": {
        "0": "mobs/sand_archer_body",
        "1": "mobs/sand_archer_sides",
        "2": "mobs/sand_archer_arms",
        "3": "mobs/sand_archer_head"
    },
    "elements": [
        {
            "name": "body",
            "from": [ 4.0, 10.0, 5.0 ], 
            "to": [ 12.0, 22.0, 9.0 ], 
            "faces": {
                "north": { "texture": "#0", "uv": [ 0.0, 4.0, 8.0, 16.0 ] },
                "east": { "texture": "#1", "uv": [ 12.0, 0.0, 16.0, 12.0 ] },
                "south": { "texture": "#0", "uv": [ 8.0, 4.0, 16.0, 16.0 ] },
                "west": { "texture": "#1", "uv": [ 0.0, 0.0, 4.0, 12.0 ] },
                "up": { "texture": "#0", "uv": [ 0.0, 0.0, 8.0, 4.0 ] },
                "down": { "texture": "#0", "uv": [ 8.0, 0.0, 16.0, 4.0 ] }
            }
        },
        {
            "name": "arm",
            "from": [ 0.0, 10.0, 5.0 ], 
            "to": [ 4.0, 22.0, 9.0 ], 
            "faces": {
                "north": { "texture": "#2", "uv": [ 0.0, 0.0, 4.0, 12.0 ] },
                "east": { "texture": "#2", "uv": [ 4.0, 0.0, 8.0, 12.0 ] },
                "south": { "texture": "#2", "uv": [ 8.0, 0.0, 12.0, 12.0 ] },
                "west": { "texture": "#2", "uv": [ 12.0, 0.0, 16.0, 12.0 ] },
                "up": { "texture": "#2", "uv": [ 0.0, 0.0, 4.0, 4.0 ] },
                "down": { "texture": "#2", "uv": [ 0.0, 12.0, 4.0, 16.0 ] }
            }
        },
        {
            "name": "arm",
            "from": [ 12.0, 10.0, 5.0 ], 
            "to": [ 16.0, 22.0, 9.0 ], 
            "faces": {
                "north": { "texture": "#2", "uv": [ 0.0, 0.0, 4.0, 12.0 ] },
                "east": { "texture": "#2", "uv": [ 0.0, 0.0, 4.0, 12.0 ] },
                "south": { "texture": "#2", "uv": [ 0.0, 0.0, 4.0, 12.0 ] },
                "west": { "texture": "#2", "uv": [ 0.0, 0.0, 4.0, 12.0 ] },
                "up": { "texture": "#2", "uv": [ 0.0, 0.0, 4.0, 4.0 ] },
                "down": { "texture": "#2", "uv": [ 12.0, 12.0, 16.0, 16.0 ] }
            }
        },
        {
            "name": "head",
            "from": [ 4.0, 22.0, 3.0 ], 
            "to": [ 12.0, 30.0, 11.0 ], 
            "faces": {
                "north": { "texture": "#3", "uv": [ 5.0, 8.0, 11.0, 16.0 ] },
                "east": { "texture": "#3", "uv": [ 0.0, 8.0, 8.0, 16.0 ] },
                "south": { "texture": "#3", "uv": [ 0.0, 0.0, 8.0, 8.0 ] },
                "west": { "texture": "#3", "uv": [ 8.0, 8.0, 16.0, 16.0 ] },
                "up": { "texture": "#3", "uv": [ 0.0, 0.0, 8.0, 8.0 ] },
                "down": { "texture": "#3", "uv": [ 8.0, 0.0, 16.0, 8.0 ] }
            }
        },
        {
            "name": "legs",
            "from": [ 4.0, 0.0, 5.0 ], 
            "to": [ 12.0, 10.0, 9.0 ], 
            "faces": {
                "north": { "texture": "#1", "uv": [ 8.0, 0.0, 16.0, 12.0 ] },
                "east": { "texture": "#1", "uv": [ 12.0, 0.0, 16.0, 12.0 ] },
                "south": { "texture": "#1", "uv": [ 8.0, 0.0, 16.0, 12.0 ] },
                "west": { "texture": "#1", "uv": [ 0.0, 0.0, 4.0, 12.0 ] },
                "up": { "texture": "#1", "uv": [ 3.0, 3.0, 11.0, 7.0 ] },
                "down": { "texture": "#1", "uv": [ 7.0, 12.0, 15.0, 16.0 ] }
            }
        }
    ],"display": {
    "thirdperson_lefthand": {"rotation": [ 90, 0, 0 ], "translation": [ -5, -3, -3 ], "scale": [ 1.1, 1.1, 1.1 ]},
    "thirdperson_righthand": {"rotation": [ 30, 45, 0], "translation": [ 0, 0, 0 ], "scale": [ 0.4, 0.4, 0.4 ]},
    "firstperson_lefthand": {"rotation": [ 0, 45, 0 ], "translation": [ 0, 1, 0 ], "scale": [ 0.4, 0.4, 0.4 ]},
    "firstperson_righthand": {"rotation": [ 0, 45, 0 ], "translation": [ 0, 1, 0 ], "scale": [ 0.4, 0.4, 0.4 ]},
    "gui": {"rotation": [ 30, 45, 0 ], "translation": [ 0, 0, 0 ], "scale": [ 0.65, 0.65, 0.65 ]},
    "ground": {"rotation": [ 0, 0, 0], "translation": [ 0, 0, 0 ], "scale":[2,2,2]},
    "head": { "translation": [ 0, -30, 1.6 ], "scale": [ 1.7, 1.7, 1.7 ]},
    "fixed": {"rotation": [ 0, 0, 0], "translation": [ 0, 0, 0 ], "scale":[2,2,2]}
}
}