{
    "__comment": "Model animated using Fizzy's model animator - http://fizzy81.github.io/animated-models/", 
    "textures": {
        "main": "mobs/goblin_hurt"
    }, 
    "elements": [
        {
            "name": "head", 
            "from": [ 5, 20, 7 ], 
            "to":   [ 11, 26, 13 ], 
            "faces": {
                "north": { "texture": "#main", "uv": [ 3, 0, 4, 1 ] }, 
                "east":  { "texture": "#main", "uv": [ 3, 0, 4, 1 ] }, 
                "south": { "texture": "#main", "uv": [ 2, 0, 3, 1 ] }, 
                "west":  { "texture": "#main", "uv": [ 3, 0, 4, 1 ] }, 
                "up":    { "texture": "#main", "uv": [ 0, 1.5, 1, 2.5 ] }, 
                "down":  { "texture": "#main", "uv": [ 0, 1.5, 1, 2.5 ] }
            }
        }, 
        {
            "name": "body", 
            "from": [ 3, 15, 5 ], 
            "to":   [ 13, 21, 10 ], 
            "faces": {
                "north": { "texture": "#main", "uv": [ 0.5, 2.5, 2, 3.5 ] }, 
                "east":  { "texture": "#main", "uv": [ 1.25, 2.5, 2, 3.5 ] }, 
                "south": { "texture": "#main", "uv": [ 0, 2.75, 1.25, 3.5 ] }, 
                "west":  { "texture": "#main", "uv": [ 3, 1.5, 3.75, 2.25 ] }, 
                "up":    { "texture": "#main", "uv": [ 0, 2.5, 1.25, 3.25 ] }, 
                "down":  { "texture": "#main", "uv": [ 0, 3.25, 1.25, 4 ] }
            }
        }, 
        {
            "name": "body2", 
            "from": [ 4, 9, 5.500000007450581 ], 
            "to":   [ 12, 15, 9.50000000745058 ], 
            "faces": {
                "north": { "texture": "#main", "uv": [ 2.25, 2.5, 3.5, 3.75 ] }, 
                "east":  { "texture": "#main", "uv": [ 2, 2.5, 3, 3.75 ] }, 
                "south": { "texture": "#main", "uv": [ 2, 2.5, 3.5, 3.75 ] }, 
                "west":  { "texture": "#main", "uv": [ 2.25, 2.5, 3.25, 3.75 ] }, 
                "up":    { "texture": "#main", "uv": [ 0, 0, 1, 1.25 ] }, 
                "down":  { "texture": "#main", "uv": [ 0, 0, 1.25, 1 ] }
            }
        }, 
        {
            "name": "leg r", 
            "from": [ 4, 0, 6 ], 
            "to":   [ 7, 10, 9 ], 
            "faces": {
                "north": { "texture": "#main", "uv": [ 1, 2.5, 1.5, 4 ] }, 
                "east":  { "texture": "#main", "uv": [ 0.75, 2.5, 1.25, 4 ] }, 
                "south": { "texture": "#main", "uv": [ 1.25, 2.5, 1.75, 4 ] }, 
                "west":  { "texture": "#main", "uv": [ 1.25, 2.5, 1.75, 4 ] }, 
                "up":    { "texture": "#main", "uv": [ 0, 0, 0.5, 0.5 ] }, 
                "down":  { "texture": "#main", "uv": [ 0, 0, 0.5, 0.5 ] }
            }
        }, 
        {
            "name": "leg l", 
            "from": [ 9, 0, 6 ], 
            "to":   [ 12, 10, 9 ], 
            "faces": {
                "north": { "texture": "#main", "uv": [ 0.75, 2.5, 1.25, 4 ] }, 
                "east":  { "texture": "#main", "uv": [ 1.25, 2.5, 1.75, 4 ] }, 
                "south": { "texture": "#main", "uv": [ 1.25, 2.5, 1.75, 4 ] }, 
                "west":  { "texture": "#main", "uv": [ 0.5, 2.5, 1, 4 ] }, 
                "up":    { "texture": "#main", "uv": [ 0, 0, 0.5, 0.5 ] }, 
                "down":  { "texture": "#main", "uv": [ 0, 0, 0.5, 0.5 ] }
            }
        }, 
        {
            "name": "arm", 
            "from": [ 1, 10, 6 ], 
            "to":   [ 3, 20, 9 ], 
            "rotation": { "origin": [8, 18, 8], "axis": "x", "angle": -45 }, 
            "faces": {
                "north": { "texture": "#main", "uv": [ 1, 2.5, 1.5, 4 ] }, 
                "east":  { "texture": "#main", "uv": [ 0.75, 2.5, 1.25, 4 ] }, 
                "south": { "texture": "#main", "uv": [ 1.25, 2.5, 1.75, 4 ] }, 
                "west":  { "texture": "#main", "uv": [ 1.25, 2.5, 1.75, 4 ] }, 
                "up":    { "texture": "#main", "uv": [ 0.75, 2.5, 1.25, 3 ] }, 
                "down":  { "texture": "#main", "uv": [ 0, 0, 0.5, 0.5 ] }
            }
        }, 
        {
            "name": "arm2", 
            "from": [ 13, 10, 6 ], 
            "to":   [ 15, 20, 9 ], 
            "rotation": { "origin": [8, 18, 8], "axis": "x", "angle": -45 }, 
            "faces": {
                "north": { "texture": "#main", "uv": [ 1, 2.5, 1.5, 4 ] }, 
                "east":  { "texture": "#main", "uv": [ 0.75, 2.5, 1.25, 4 ] }, 
                "south": { "texture": "#main", "uv": [ 1.25, 2.5, 1.75, 4 ] }, 
                "west":  { "texture": "#main", "uv": [ 1.25, 2.5, 1.75, 4 ] }, 
                "up":    { "texture": "#main", "uv": [ 0.75, 2.5, 1.25, 3 ] }, 
                "down":  { "texture": "#main", "uv": [ 0, 0, 0.5, 0.5 ] }
            }
        }, 
        {
            "name": "weapon", 
            "from": [ 1.4999999925494194, 10.50000000745058, 5 ], 
            "to":   [ 2.4999999925494194, 11.50000000745058, 13 ], 
            "rotation": { "origin": [8, 18, 8], "axis": "x", "angle": -45 }, 
            "faces": {
                "north": { "texture": "#main", "uv": [ 4, 0, 4.125, 0.125 ] }, 
                "east":  { "texture": "#main", "uv": [ 4, 0.875, 4.625, 0.75 ] }, 
                "south": { "texture": "#main", "uv": [ 4, 0, 4.625, 0.25 ] }, 
                "west":  { "texture": "#main", "uv": [ 4, 0, 4.75, 0.125 ] }, 
                "up":    { "texture": "#main", "uv": [ 4, 0, 4.125, 1 ] }, 
                "down":  { "texture": "#main", "uv": [ 4, 0, 4.125, 1 ] }
            }
        }, 
        {
            "name": "Cube", 
            "from": [ 0.4999999925494194, 9.50000000745058, 13 ], 
            "to":   [ 3.4999999925494194, 12.50000000745058, 19 ], 
            "rotation": { "origin": [8, 18, 8], "axis": "x", "angle": -45 }, 
            "faces": {
                "north": { "texture": "#main", "uv": [ 4, 0, 4.375, 0.375 ] }, 
                "east":  { "texture": "#main", "uv": [ 4, 0, 4.75, 0.375 ] }, 
                "south": { "texture": "#main", "uv": [ 4, 0, 4.375, 0.375 ] }, 
                "west":  { "texture": "#main", "uv": [ 4, 0, 4.75, 0.375 ] }, 
                "up":    { "texture": "#main", "uv": [ 4, 0, 4.375, 0.75 ] }, 
                "down":  { "texture": "#main", "uv": [ 4, 0, 4.375, 0.75 ] }
            }
        }, 
        {
            "name": "Cube", 
            "from": [ 0, 10.50000000745058, 14 ], 
            "to":   [ 1, 11.50000000745058, 15 ], 
            "rotation": { "origin": [8, 18, 8], "axis": "x", "angle": -45 }, 
            "faces": {
                "north": { "texture": "#main", "uv": [ 4, 0, 4.125, 0.125 ] }, 
                "east":  { "texture": "#main", "uv": [ 4, 0, 4.125, 0.125 ] }, 
                "south": { "texture": "#main", "uv": [ 4, 0, 4.125, 0.125 ] }, 
                "west":  { "texture": "#main", "uv": [ 4, 0, 4.125, 0.125 ] }, 
                "up":    { "texture": "#main", "uv": [ 4, 0, 4.125, 0.125 ] }, 
                "down":  { "texture": "#main", "uv": [ 4, 0, 4.125, 0.125 ] }
            }
        }, 
        {
            "name": "Cube", 
            "from": [ 0, 10.50000000745058, 17 ], 
            "to":   [ 1, 11.50000000745058, 18 ], 
            "rotation": { "origin": [8, 18, 8], "axis": "x", "angle": -45 }, 
            "faces": {
                "north": { "texture": "#main", "uv": [ 4, 0, 4.125, 0.125 ] }, 
                "east":  { "texture": "#main", "uv": [ 4, 0, 4.125, 0.125 ] }, 
                "south": { "texture": "#main", "uv": [ 4, 0, 4.125, 0.125 ] }, 
                "west":  { "texture": "#main", "uv": [ 4, 0, 4.125, 0.125 ] }, 
                "up":    { "texture": "#main", "uv": [ 4, 0, 4.125, 0.125 ] }, 
                "down":  { "texture": "#main", "uv": [ 4, 0, 4.125, 0.125 ] }
            }
        }, 
        {
            "name": "Cube", 
            "from": [ 3, 10.50000000745058, 17 ], 
            "to":   [ 4, 11.50000000745058, 18 ], 
            "rotation": { "origin": [8, 18, 8], "axis": "x", "angle": -45 }, 
            "faces": {
                "north": { "texture": "#main", "uv": [ 4, 0, 4.125, 0.125 ] }, 
                "east":  { "texture": "#main", "uv": [ 4, 0, 4.125, 0.125 ] }, 
                "south": { "texture": "#main", "uv": [ 4, 0, 4.125, 0.125 ] }, 
                "west":  { "texture": "#main", "uv": [ 4, 0, 4.125, 0.125 ] }, 
                "up":    { "texture": "#main", "uv": [ 4, 0, 4.125, 0.125 ] }, 
                "down":  { "texture": "#main", "uv": [ 4, 0, 4.125, 0.125 ] }
            }
        }, 
        {
            "name": "Cube", 
            "from": [ 3, 10.50000000745058, 14 ], 
            "to":   [ 4, 11.50000000745058, 15 ], 
            "rotation": { "origin": [8, 18, 8], "axis": "x", "angle": -45 }, 
            "faces": {
                "north": { "texture": "#main", "uv": [ 4, 0, 4.125, 0.125 ] }, 
                "east":  { "texture": "#main", "uv": [ 4, 0, 4.125, 0.125 ] }, 
                "south": { "texture": "#main", "uv": [ 4, 0, 4.125, 0.125 ] }, 
                "west":  { "texture": "#main", "uv": [ 4, 0, 4.125, 0.125 ] }, 
                "up":    { "texture": "#main", "uv": [ 4, 0, 4.125, 0.125 ] }, 
                "down":  { "texture": "#main", "uv": [ 4, 0, 4.125, 0.125 ] }
            }
        }, 
        {
            "name": "Cube", 
            "from": [ 1.5000000074505806, 10.50000000745058, 18.69999999552965 ], 
            "to":   [ 2.5000000074505806, 11.50000000745058, 19.69999999552965 ], 
            "rotation": { "origin": [8, 18, 8], "axis": "x", "angle": -45 }, 
            "faces": {
                "north": { "texture": "#main", "uv": [ 4, 0, 4.125, 0.125 ] }, 
                "east":  { "texture": "#main", "uv": [ 4, 0, 4.125, 0.125 ] }, 
                "south": { "texture": "#main", "uv": [ 4, 0, 4.125, 0.125 ] }, 
                "west":  { "texture": "#main", "uv": [ 4, 0, 4.125, 0.125 ] }, 
                "up":    { "texture": "#main", "uv": [ 4, 0, 4.125, 0.125 ] }, 
                "down":  { "texture": "#main", "uv": [ 4, 0, 4.125, 0.125 ] }
            }
        }, 
        {
            "name": "Cube", 
            "from": [ 1.5000000074505806, 12.000000014901161, 17 ], 
            "to":   [ 2.5000000074505806, 13.000000014901161, 18 ], 
            "rotation": { "origin": [8, 18, 8], "axis": "x", "angle": -45 }, 
            "faces": {
                "north": { "texture": "#main", "uv": [ 4, 0, 4.125, 0.125 ] }, 
                "east":  { "texture": "#main", "uv": [ 4, 0, 4.125, 0.125 ] }, 
                "south": { "texture": "#main", "uv": [ 4, 0, 4.125, 0.125 ] }, 
                "west":  { "texture": "#main", "uv": [ 4, 0, 4.125, 0.125 ] }, 
                "up":    { "texture": "#main", "uv": [ 4, 0, 4.125, 0.125 ] }, 
                "down":  { "texture": "#main", "uv": [ 4, 0, 4.125, 0.125 ] }
            }
        }, 
        {
            "name": "Cube", 
            "from": [ 1.5000000074505806, 12.000000014901161, 14 ], 
            "to":   [ 2.5000000074505806, 13.000000014901161, 15 ], 
            "rotation": { "origin": [8, 18, 8], "axis": "x", "angle": -45 }, 
            "faces": {
                "north": { "texture": "#main", "uv": [ 4, 0, 4.125, 0.125 ] }, 
                "east":  { "texture": "#main", "uv": [ 4, 0, 4.125, 0.125 ] }, 
                "south": { "texture": "#main", "uv": [ 4, 0, 4.125, 0.125 ] }, 
                "west":  { "texture": "#main", "uv": [ 4, 0, 4.125, 0.125 ] }, 
                "up":    { "texture": "#main", "uv": [ 4, 0, 4.125, 0.125 ] }, 
                "down":  { "texture": "#main", "uv": [ 4, 0, 4.125, 0.125 ] }
            }
        }, 
        {
            "name": "Cube", 
            "from": [ 1.5000000074505806, 9.000000014901161, 14 ], 
            "to":   [ 2.5000000074505806, 10.000000014901161, 15 ], 
            "rotation": { "origin": [8, 18, 8], "axis": "x", "angle": -45 }, 
            "faces": {
                "north": { "texture": "#main", "uv": [ 4, 0, 4.125, 0.125 ] }, 
                "east":  { "texture": "#main", "uv": [ 4, 0, 4.125, 0.125 ] }, 
                "south": { "texture": "#main", "uv": [ 4, 0, 4.125, 0.125 ] }, 
                "west":  { "texture": "#main", "uv": [ 4, 0, 4.125, 0.125 ] }, 
                "up":    { "texture": "#main", "uv": [ 4, 0, 4.125, 0.125 ] }, 
                "down":  { "texture": "#main", "uv": [ 4, 0, 4.125, 0.125 ] }
            }
        }, 
        {
            "name": "Cube", 
            "from": [ 1.5000000074505806, 9.000000014901161, 17 ], 
            "to":   [ 2.5000000074505806, 10.000000014901161, 18 ], 
            "rotation": { "origin": [8, 18, 8], "axis": "x", "angle": -45 }, 
            "faces": {
                "north": { "texture": "#main", "uv": [ 4, 0, 4.125, 0.125 ] }, 
                "east":  { "texture": "#main", "uv": [ 4, 0, 4.125, 0.125 ] }, 
                "south": { "texture": "#main", "uv": [ 4, 0, 4.125, 0.125 ] }, 
                "west":  { "texture": "#main", "uv": [ 4, 0, 4.125, 0.125 ] }, 
                "up":    { "texture": "#main", "uv": [ 4, 0, 4.125, 0.125 ] }, 
                "down":  { "texture": "#main", "uv": [ 4, 0, 4.125, 0.125 ] }
            }
        }, 
        {
            "name": "cuff", 
            "from": [ 12.50000000745058, 11, 5.799999997019768 ], 
            "to":   [ 15.50000000745058, 13, 9.200000002980232 ], 
            "rotation": { "origin": [8, 18, 8], "axis": "x", "angle": -45 }, 
            "faces": {
                "north": { "texture": "#main", "uv": [ 5, 0.625, 5.625, 1.125 ] }, 
                "east":  { "texture": "#main", "uv": [ 4.875, 0.625, 5.425000000745058, 1.125 ] }, 
                "south": { "texture": "#main", "uv": [ 5.125, 0.625, 5.625, 1.125 ] }, 
                "west":  { "texture": "#main", "uv": [ 5, 0.625, 5.675000000745058, 1.125 ] }, 
                "up":    { "texture": "#main", "uv": [ 4.875, 0.625, 5.25, 0.6750000007450581 ] }, 
                "down":  { "texture": "#main", "uv": [ 5.25, 0.625, 5.75, 0.6750000007450581 ] }
            }
        }, 
        {
            "name": "Cube", 
            "from": [ 0.5000000074505806, 11, 5.799999997019768 ], 
            "to":   [ 3.5000000074505806, 13, 9.200000002980232 ], 
            "rotation": { "origin": [8, 18, 8], "axis": "x", "angle": -45 }, 
            "faces": {
                "north": { "texture": "#main", "uv": [ 5, 0.625, 5.625, 1.125 ] }, 
                "east":  { "texture": "#main", "uv": [ 4.875, 0.625, 5.425000000745058, 1.125 ] }, 
                "south": { "texture": "#main", "uv": [ 5.125, 0.625, 5.625, 1.125 ] }, 
                "west":  { "texture": "#main", "uv": [ 5, 0.625, 5.675000000745058, 1.125 ] }, 
                "up":    { "texture": "#main", "uv": [ 4.875, 0.625, 5.25, 0.6750000007450581 ] }, 
                "down":  { "texture": "#main", "uv": [ 5.25, 0.625, 5.75, 0.6750000007450581 ] }
            }
        }, 
        {
            "name": "skull", 
            "from": [ 6.499999992549419, 11.49999999254942, 8.999999985098839 ], 
            "to":   [ 9.49999999254942, 14.49999999254942, 9.999999985098839 ], 
            "faces": {
                "north": { "texture": "#main", "uv": [ 5.125, 0, 5.5, 0.375 ] }, 
                "east":  { "texture": "#main", "uv": [ 5.375, 0, 5.5, 0.375 ] }, 
                "south": { "texture": "#main", "uv": [ 5, 0, 5.75, 0.625 ] }, 
                "west":  { "texture": "#main", "uv": [ 5.25, 0, 5.375, 0.375 ] }, 
                "up":    { "texture": "#main", "uv": [ 5.125, 0.125, 5.5, 0.25 ] }, 
                "down":  { "texture": "#main", "uv": [ 5.25, 0.125, 5.625, 0.25 ] }
            }
        }, 
        {
            "name": "head", 
            "from": [ 5, 20, 7 ], 
            "to":   [ 11, 26, 13 ], 
            "faces": {
                "north": { "texture": "#main", "uv": [ 11, 0, 12, 1 ] }, 
                "east":  { "texture": "#main", "uv": [ 11, 0, 12, 1 ] }, 
                "south": { "texture": "#main", "uv": [ 10, 0, 11, 1 ] }, 
                "west":  { "texture": "#main", "uv": [ 11, 0, 12, 1 ] }, 
                "up":    { "texture": "#main", "uv": [ 8, 1.5, 9, 2.5 ] }, 
                "down":  { "texture": "#main", "uv": [ 8, 1.5, 9, 2.5 ] }
            }
        }, 
        {
            "name": "body", 
            "from": [ 3, 15, 5 ], 
            "to":   [ 13, 21, 10 ], 
            "faces": {
                "north": { "texture": "#main", "uv": [ 8.5, 2.5, 10, 3.5 ] }, 
                "east":  { "texture": "#main", "uv": [ 9.25, 2.5, 10, 3.5 ] }, 
                "south": { "texture": "#main", "uv": [ 8, 2.75, 9.25, 3.5 ] }, 
                "west":  { "texture": "#main", "uv": [ 11, 1.5, 11.75, 2.25 ] }, 
                "up":    { "texture": "#main", "uv": [ 8, 2.5, 9.25, 3.25 ] }, 
                "down":  { "texture": "#main", "uv": [ 8, 3.25, 9.25, 4 ] }
            }
        }, 
        {
            "name": "body2", 
            "from": [ 4, 9, 5.500000007450581 ], 
            "to":   [ 12, 15, 9.50000000745058 ], 
            "faces": {
                "north": { "texture": "#main", "uv": [ 10.25, 2.5, 11.5, 3.75 ] }, 
                "east":  { "texture": "#main", "uv": [ 10, 2.5, 11, 3.75 ] }, 
                "south": { "texture": "#main", "uv": [ 10, 2.5, 11.5, 3.75 ] }, 
                "west":  { "texture": "#main", "uv": [ 10.25, 2.5, 11.25, 3.75 ] }, 
                "up":    { "texture": "#main", "uv": [ 8, 0, 9, 1.25 ] }, 
                "down":  { "texture": "#main", "uv": [ 8, 0, 9.25, 1 ] }
            }
        }, 
        {
            "name": "leg r", 
            "from": [ 4, 0, 6 ], 
            "to":   [ 7, 10, 9 ], 
            "rotation": { "origin": [8, 9, 8], "axis": "x", "angle": 22.5 }, 
            "faces": {
                "north": { "texture": "#main", "uv": [ 9, 2.5, 9.5, 4 ] }, 
                "east":  { "texture": "#main", "uv": [ 8.75, 2.5, 9.25, 4 ] }, 
                "south": { "texture": "#main", "uv": [ 9.25, 2.5, 9.75, 4 ] }, 
                "west":  { "texture": "#main", "uv": [ 9.25, 2.5, 9.75, 4 ] }, 
                "up":    { "texture": "#main", "uv": [ 8, 0, 8.5, 0.5 ] }, 
                "down":  { "texture": "#main", "uv": [ 8, 0, 8.5, 0.5 ] }
            }
        }, 
        {
            "name": "leg l", 
            "from": [ 9, 0, 6 ], 
            "to":   [ 12, 10, 9 ], 
            "rotation": { "origin": [8, 9, 8], "axis": "x", "angle": -22.5 }, 
            "faces": {
                "north": { "texture": "#main", "uv": [ 8.75, 2.5, 9.25, 4 ] }, 
                "east":  { "texture": "#main", "uv": [ 9.25, 2.5, 9.75, 4 ] }, 
                "south": { "texture": "#main", "uv": [ 9.25, 2.5, 9.75, 4 ] }, 
                "west":  { "texture": "#main", "uv": [ 8.5, 2.5, 9, 4 ] }, 
                "up":    { "texture": "#main", "uv": [ 8, 0, 8.5, 0.5 ] }, 
                "down":  { "texture": "#main", "uv": [ 8, 0, 8.5, 0.5 ] }
            }
        }, 
        {
            "name": "arm", 
            "from": [ 1, 10, 6 ], 
            "to":   [ 3, 20, 9 ], 
            "rotation": { "origin": [8, 18, 8], "axis": "x", "angle": -45 }, 
            "faces": {
                "north": { "texture": "#main", "uv": [ 9, 2.5, 9.5, 4 ] }, 
                "east":  { "texture": "#main", "uv": [ 8.75, 2.5, 9.25, 4 ] }, 
                "south": { "texture": "#main", "uv": [ 9.25, 2.5, 9.75, 4 ] }, 
                "west":  { "texture": "#main", "uv": [ 9.25, 2.5, 9.75, 4 ] }, 
                "up":    { "texture": "#main", "uv": [ 8.75, 2.5, 9.25, 3 ] }, 
                "down":  { "texture": "#main", "uv": [ 8, 0, 8.5, 0.5 ] }
            }
        }, 
        {
            "name": "arm2", 
            "from": [ 13, 10, 6 ], 
            "to":   [ 15, 20, 9 ], 
            "rotation": { "origin": [8, 18, 8], "axis": "x", "angle": -45 }, 
            "faces": {
                "north": { "texture": "#main", "uv": [ 9, 2.5, 9.5, 4 ] }, 
                "east":  { "texture": "#main", "uv": [ 8.75, 2.5, 9.25, 4 ] }, 
                "south": { "texture": "#main", "uv": [ 9.25, 2.5, 9.75, 4 ] }, 
                "west":  { "texture": "#main", "uv": [ 9.25, 2.5, 9.75, 4 ] }, 
                "up":    { "texture": "#main", "uv": [ 8.75, 2.5, 9.25, 3 ] }, 
                "down":  { "texture": "#main", "uv": [ 8, 0, 8.5, 0.5 ] }
            }
        }, 
        {
            "name": "weapon", 
            "from": [ 1.4999999925494194, 10.50000000745058, 5 ], 
            "to":   [ 2.4999999925494194, 11.50000000745058, 13 ], 
            "rotation": { "origin": [8, 18, 8], "axis": "x", "angle": -45 }, 
            "faces": {
                "north": { "texture": "#main", "uv": [ 12, 0, 12.125, 0.125 ] }, 
                "east":  { "texture": "#main", "uv": [ 12, 0.875, 12.625, 0.75 ] }, 
                "south": { "texture": "#main", "uv": [ 12, 0, 12.625, 0.25 ] }, 
                "west":  { "texture": "#main", "uv": [ 12, 0, 12.75, 0.125 ] }, 
                "up":    { "texture": "#main", "uv": [ 12, 0, 12.125, 1 ] }, 
                "down":  { "texture": "#main", "uv": [ 12, 0, 12.125, 1 ] }
            }
        }, 
        {
            "name": "Cube", 
            "from": [ 0.4999999925494194, 9.50000000745058, 13 ], 
            "to":   [ 3.4999999925494194, 12.50000000745058, 19 ], 
            "rotation": { "origin": [8, 18, 8], "axis": "x", "angle": -45 }, 
            "faces": {
                "north": { "texture": "#main", "uv": [ 12, 0, 12.375, 0.375 ] }, 
                "east":  { "texture": "#main", "uv": [ 12, 0, 12.75, 0.375 ] }, 
                "south": { "texture": "#main", "uv": [ 12, 0, 12.375, 0.375 ] }, 
                "west":  { "texture": "#main", "uv": [ 12, 0, 12.75, 0.375 ] }, 
                "up":    { "texture": "#main", "uv": [ 12, 0, 12.375, 0.75 ] }, 
                "down":  { "texture": "#main", "uv": [ 12, 0, 12.375, 0.75 ] }
            }
        }, 
        {
            "name": "Cube", 
            "from": [ 0, 10.50000000745058, 14 ], 
            "to":   [ 1, 11.50000000745058, 15 ], 
            "rotation": { "origin": [8, 18, 8], "axis": "x", "angle": -45 }, 
            "faces": {
                "north": { "texture": "#main", "uv": [ 12, 0, 12.125, 0.125 ] }, 
                "east":  { "texture": "#main", "uv": [ 12, 0, 12.125, 0.125 ] }, 
                "south": { "texture": "#main", "uv": [ 12, 0, 12.125, 0.125 ] }, 
                "west":  { "texture": "#main", "uv": [ 12, 0, 12.125, 0.125 ] }, 
                "up":    { "texture": "#main", "uv": [ 12, 0, 12.125, 0.125 ] }, 
                "down":  { "texture": "#main", "uv": [ 12, 0, 12.125, 0.125 ] }
            }
        }, 
        {
            "name": "Cube", 
            "from": [ 0, 10.50000000745058, 17 ], 
            "to":   [ 1, 11.50000000745058, 18 ], 
            "rotation": { "origin": [8, 18, 8], "axis": "x", "angle": -45 }, 
            "faces": {
                "north": { "texture": "#main", "uv": [ 12, 0, 12.125, 0.125 ] }, 
                "east":  { "texture": "#main", "uv": [ 12, 0, 12.125, 0.125 ] }, 
                "south": { "texture": "#main", "uv": [ 12, 0, 12.125, 0.125 ] }, 
                "west":  { "texture": "#main", "uv": [ 12, 0, 12.125, 0.125 ] }, 
                "up":    { "texture": "#main", "uv": [ 12, 0, 12.125, 0.125 ] }, 
                "down":  { "texture": "#main", "uv": [ 12, 0, 12.125, 0.125 ] }
            }
        }, 
        {
            "name": "Cube", 
            "from": [ 3, 10.50000000745058, 17 ], 
            "to":   [ 4, 11.50000000745058, 18 ], 
            "rotation": { "origin": [8, 18, 8], "axis": "x", "angle": -45 }, 
            "faces": {
                "north": { "texture": "#main", "uv": [ 12, 0, 12.125, 0.125 ] }, 
                "east":  { "texture": "#main", "uv": [ 12, 0, 12.125, 0.125 ] }, 
                "south": { "texture": "#main", "uv": [ 12, 0, 12.125, 0.125 ] }, 
                "west":  { "texture": "#main", "uv": [ 12, 0, 12.125, 0.125 ] }, 
                "up":    { "texture": "#main", "uv": [ 12, 0, 12.125, 0.125 ] }, 
                "down":  { "texture": "#main", "uv": [ 12, 0, 12.125, 0.125 ] }
            }
        }, 
        {
            "name": "Cube", 
            "from": [ 3, 10.50000000745058, 14 ], 
            "to":   [ 4, 11.50000000745058, 15 ], 
            "rotation": { "origin": [8, 18, 8], "axis": "x", "angle": -45 }, 
            "faces": {
                "north": { "texture": "#main", "uv": [ 12, 0, 12.125, 0.125 ] }, 
                "east":  { "texture": "#main", "uv": [ 12, 0, 12.125, 0.125 ] }, 
                "south": { "texture": "#main", "uv": [ 12, 0, 12.125, 0.125 ] }, 
                "west":  { "texture": "#main", "uv": [ 12, 0, 12.125, 0.125 ] }, 
                "up":    { "texture": "#main", "uv": [ 12, 0, 12.125, 0.125 ] }, 
                "down":  { "texture": "#main", "uv": [ 12, 0, 12.125, 0.125 ] }
            }
        }, 
        {
            "name": "Cube", 
            "from": [ 1.5000000074505806, 10.50000000745058, 18.69999999552965 ], 
            "to":   [ 2.5000000074505806, 11.50000000745058, 19.69999999552965 ], 
            "rotation": { "origin": [8, 18, 8], "axis": "x", "angle": -45 }, 
            "faces": {
                "north": { "texture": "#main", "uv": [ 12, 0, 12.125, 0.125 ] }, 
                "east":  { "texture": "#main", "uv": [ 12, 0, 12.125, 0.125 ] }, 
                "south": { "texture": "#main", "uv": [ 12, 0, 12.125, 0.125 ] }, 
                "west":  { "texture": "#main", "uv": [ 12, 0, 12.125, 0.125 ] }, 
                "up":    { "texture": "#main", "uv": [ 12, 0, 12.125, 0.125 ] }, 
                "down":  { "texture": "#main", "uv": [ 12, 0, 12.125, 0.125 ] }
            }
        }, 
        {
            "name": "Cube", 
            "from": [ 1.5000000074505806, 12.000000014901161, 17 ], 
            "to":   [ 2.5000000074505806, 13.000000014901161, 18 ], 
            "rotation": { "origin": [8, 18, 8], "axis": "x", "angle": -45 }, 
            "faces": {
                "north": { "texture": "#main", "uv": [ 12, 0, 12.125, 0.125 ] }, 
                "east":  { "texture": "#main", "uv": [ 12, 0, 12.125, 0.125 ] }, 
                "south": { "texture": "#main", "uv": [ 12, 0, 12.125, 0.125 ] }, 
                "west":  { "texture": "#main", "uv": [ 12, 0, 12.125, 0.125 ] }, 
                "up":    { "texture": "#main", "uv": [ 12, 0, 12.125, 0.125 ] }, 
                "down":  { "texture": "#main", "uv": [ 12, 0, 12.125, 0.125 ] }
            }
        }, 
        {
            "name": "Cube", 
            "from": [ 1.5000000074505806, 12.000000014901161, 14 ], 
            "to":   [ 2.5000000074505806, 13.000000014901161, 15 ], 
            "rotation": { "origin": [8, 18, 8], "axis": "x", "angle": -45 }, 
            "faces": {
                "north": { "texture": "#main", "uv": [ 12, 0, 12.125, 0.125 ] }, 
                "east":  { "texture": "#main", "uv": [ 12, 0, 12.125, 0.125 ] }, 
                "south": { "texture": "#main", "uv": [ 12, 0, 12.125, 0.125 ] }, 
                "west":  { "texture": "#main", "uv": [ 12, 0, 12.125, 0.125 ] }, 
                "up":    { "texture": "#main", "uv": [ 12, 0, 12.125, 0.125 ] }, 
                "down":  { "texture": "#main", "uv": [ 12, 0, 12.125, 0.125 ] }
            }
        }, 
        {
            "name": "Cube", 
            "from": [ 1.5000000074505806, 9.000000014901161, 14 ], 
            "to":   [ 2.5000000074505806, 10.000000014901161, 15 ], 
            "rotation": { "origin": [8, 18, 8], "axis": "x", "angle": -45 }, 
            "faces": {
                "north": { "texture": "#main", "uv": [ 12, 0, 12.125, 0.125 ] }, 
                "east":  { "texture": "#main", "uv": [ 12, 0, 12.125, 0.125 ] }, 
                "south": { "texture": "#main", "uv": [ 12, 0, 12.125, 0.125 ] }, 
                "west":  { "texture": "#main", "uv": [ 12, 0, 12.125, 0.125 ] }, 
                "up":    { "texture": "#main", "uv": [ 12, 0, 12.125, 0.125 ] }, 
                "down":  { "texture": "#main", "uv": [ 12, 0, 12.125, 0.125 ] }
            }
        }, 
        {
            "name": "Cube", 
            "from": [ 1.5000000074505806, 9.000000014901161, 17 ], 
            "to":   [ 2.5000000074505806, 10.000000014901161, 18 ], 
            "rotation": { "origin": [8, 18, 8], "axis": "x", "angle": -45 }, 
            "faces": {
                "north": { "texture": "#main", "uv": [ 12, 0, 12.125, 0.125 ] }, 
                "east":  { "texture": "#main", "uv": [ 12, 0, 12.125, 0.125 ] }, 
                "south": { "texture": "#main", "uv": [ 12, 0, 12.125, 0.125 ] }, 
                "west":  { "texture": "#main", "uv": [ 12, 0, 12.125, 0.125 ] }, 
                "up":    { "texture": "#main", "uv": [ 12, 0, 12.125, 0.125 ] }, 
                "down":  { "texture": "#main", "uv": [ 12, 0, 12.125, 0.125 ] }
            }
        }, 
        {
            "name": "cuff", 
            "from": [ 12.50000000745058, 11, 5.799999997019768 ], 
            "to":   [ 15.50000000745058, 13, 9.200000002980232 ], 
            "rotation": { "origin": [8, 18, 8], "axis": "x", "angle": -45 }, 
            "faces": {
                "north": { "texture": "#main", "uv": [ 13, 0.625, 13.625, 1.125 ] }, 
                "east":  { "texture": "#main", "uv": [ 12.875, 0.625, 13.425000000745058, 1.125 ] }, 
                "south": { "texture": "#main", "uv": [ 13.125, 0.625, 13.625, 1.125 ] }, 
                "west":  { "texture": "#main", "uv": [ 13, 0.625, 13.675000000745058, 1.125 ] }, 
                "up":    { "texture": "#main", "uv": [ 12.875, 0.625, 13.25, 0.6750000007450581 ] }, 
                "down":  { "texture": "#main", "uv": [ 13.25, 0.625, 13.75, 0.6750000007450581 ] }
            }
        }, 
        {
            "name": "Cube", 
            "from": [ 0.5000000074505806, 11, 5.799999997019768 ], 
            "to":   [ 3.5000000074505806, 13, 9.200000002980232 ], 
            "rotation": { "origin": [8, 18, 8], "axis": "x", "angle": -45 }, 
            "faces": {
                "north": { "texture": "#main", "uv": [ 13, 0.625, 13.625, 1.125 ] }, 
                "east":  { "texture": "#main", "uv": [ 12.875, 0.625, 13.425000000745058, 1.125 ] }, 
                "south": { "texture": "#main", "uv": [ 13.125, 0.625, 13.625, 1.125 ] }, 
                "west":  { "texture": "#main", "uv": [ 13, 0.625, 13.675000000745058, 1.125 ] }, 
                "up":    { "texture": "#main", "uv": [ 12.875, 0.625, 13.25, 0.6750000007450581 ] }, 
                "down":  { "texture": "#main", "uv": [ 13.25, 0.625, 13.75, 0.6750000007450581 ] }
            }
        }, 
        {
            "name": "skull", 
            "from": [ 6.499999992549419, 11.49999999254942, 8.999999985098839 ], 
            "to":   [ 9.49999999254942, 14.49999999254942, 9.999999985098839 ], 
            "faces": {
                "north": { "texture": "#main", "uv": [ 13.125, 0, 13.5, 0.375 ] }, 
                "east":  { "texture": "#main", "uv": [ 13.375, 0, 13.5, 0.375 ] }, 
                "south": { "texture": "#main", "uv": [ 13, 0, 13.75, 0.625 ] }, 
                "west":  { "texture": "#main", "uv": [ 13.25, 0, 13.375, 0.375 ] }, 
                "up":    { "texture": "#main", "uv": [ 13.125, 0.125, 13.5, 0.25 ] }, 
                "down":  { "texture": "#main", "uv": [ 13.25, 0.125, 13.625, 0.25 ] }
            }
        }, 
        {
            "name": "head", 
            "from": [ 5, 20, 7 ], 
            "to":   [ 11, 26, 13 ], 
            "faces": {
                "north": { "texture": "#main", "uv": [ 3, 8, 4, 9 ] }, 
                "east":  { "texture": "#main", "uv": [ 3, 8, 4, 9 ] }, 
                "south": { "texture": "#main", "uv": [ 2, 8, 3, 9 ] }, 
                "west":  { "texture": "#main", "uv": [ 3, 8, 4, 9 ] }, 
                "up":    { "texture": "#main", "uv": [ 0, 9.5, 1, 10.5 ] }, 
                "down":  { "texture": "#main", "uv": [ 0, 9.5, 1, 10.5 ] }
            }
        }, 
        {
            "name": "body", 
            "from": [ 3, 15, 5 ], 
            "to":   [ 13, 21, 10 ], 
            "faces": {
                "north": { "texture": "#main", "uv": [ 0.5, 10.5, 2, 11.5 ] }, 
                "east":  { "texture": "#main", "uv": [ 1.25, 10.5, 2, 11.5 ] }, 
                "south": { "texture": "#main", "uv": [ 0, 10.75, 1.25, 11.5 ] }, 
                "west":  { "texture": "#main", "uv": [ 3, 9.5, 3.75, 10.25 ] }, 
                "up":    { "texture": "#main", "uv": [ 0, 10.5, 1.25, 11.25 ] }, 
                "down":  { "texture": "#main", "uv": [ 0, 11.25, 1.25, 12 ] }
            }
        }, 
        {
            "name": "body2", 
            "from": [ 4, 9, 5.500000007450581 ], 
            "to":   [ 12, 15, 9.50000000745058 ], 
            "faces": {
                "north": { "texture": "#main", "uv": [ 2.25, 10.5, 3.5, 11.75 ] }, 
                "east":  { "texture": "#main", "uv": [ 2, 10.5, 3, 11.75 ] }, 
                "south": { "texture": "#main", "uv": [ 2, 10.5, 3.5, 11.75 ] }, 
                "west":  { "texture": "#main", "uv": [ 2.25, 10.5, 3.25, 11.75 ] }, 
                "up":    { "texture": "#main", "uv": [ 0, 8, 1, 9.25 ] }, 
                "down":  { "texture": "#main", "uv": [ 0, 8, 1.25, 9 ] }
            }
        }, 
        {
            "name": "leg r", 
            "from": [ 4, 0, 6 ], 
            "to":   [ 7, 10, 9 ], 
            "rotation": { "origin": [8, 9, 8], "axis": "x", "angle": -22.5 }, 
            "faces": {
                "north": { "texture": "#main", "uv": [ 1, 10.5, 1.5, 12 ] }, 
                "east":  { "texture": "#main", "uv": [ 0.75, 10.5, 1.25, 12 ] }, 
                "south": { "texture": "#main", "uv": [ 1.25, 10.5, 1.75, 12 ] }, 
                "west":  { "texture": "#main", "uv": [ 1.25, 10.5, 1.75, 12 ] }, 
                "up":    { "texture": "#main", "uv": [ 0, 8, 0.5, 8.5 ] }, 
                "down":  { "texture": "#main", "uv": [ 0, 8, 0.5, 8.5 ] }
            }
        }, 
        {
            "name": "leg l", 
            "from": [ 9, 0, 6 ], 
            "to":   [ 12, 10, 9 ], 
            "rotation": { "origin": [8, 9, 8], "axis": "x", "angle": 22.5 }, 
            "faces": {
                "north": { "texture": "#main", "uv": [ 0.75, 10.5, 1.25, 12 ] }, 
                "east":  { "texture": "#main", "uv": [ 1.25, 10.5, 1.75, 12 ] }, 
                "south": { "texture": "#main", "uv": [ 1.25, 10.5, 1.75, 12 ] }, 
                "west":  { "texture": "#main", "uv": [ 0.5, 10.5, 1, 12 ] }, 
                "up":    { "texture": "#main", "uv": [ 0, 8, 0.5, 8.5 ] }, 
                "down":  { "texture": "#main", "uv": [ 0, 8, 0.5, 8.5 ] }
            }
        }, 
        {
            "name": "arm", 
            "from": [ 1, 10, 6 ], 
            "to":   [ 3, 20, 9 ], 
            "rotation": { "origin": [8, 18, 8], "axis": "x", "angle": -45 }, 
            "faces": {
                "north": { "texture": "#main", "uv": [ 1, 10.5, 1.5, 12 ] }, 
                "east":  { "texture": "#main", "uv": [ 0.75, 10.5, 1.25, 12 ] }, 
                "south": { "texture": "#main", "uv": [ 1.25, 10.5, 1.75, 12 ] }, 
                "west":  { "texture": "#main", "uv": [ 1.25, 10.5, 1.75, 12 ] }, 
                "up":    { "texture": "#main", "uv": [ 0.75, 10.5, 1.25, 11 ] }, 
                "down":  { "texture": "#main", "uv": [ 0, 8, 0.5, 8.5 ] }
            }
        }, 
        {
            "name": "arm2", 
            "from": [ 13, 10, 6 ], 
            "to":   [ 15, 20, 9 ], 
            "rotation": { "origin": [8, 18, 8], "axis": "x", "angle": -45 }, 
            "faces": {
                "north": { "texture": "#main", "uv": [ 1, 10.5, 1.5, 12 ] }, 
                "east":  { "texture": "#main", "uv": [ 0.75, 10.5, 1.25, 12 ] }, 
                "south": { "texture": "#main", "uv": [ 1.25, 10.5, 1.75, 12 ] }, 
                "west":  { "texture": "#main", "uv": [ 1.25, 10.5, 1.75, 12 ] }, 
                "up":    { "texture": "#main", "uv": [ 0.75, 10.5, 1.25, 11 ] }, 
                "down":  { "texture": "#main", "uv": [ 0, 8, 0.5, 8.5 ] }
            }
        }, 
        {
            "name": "weapon", 
            "from": [ 1.4999999925494194, 10.50000000745058, 5 ], 
            "to":   [ 2.4999999925494194, 11.50000000745058, 13 ], 
            "rotation": { "origin": [8, 18, 8], "axis": "x", "angle": -45 }, 
            "faces": {
                "north": { "texture": "#main", "uv": [ 4, 8, 4.125, 8.125 ] }, 
                "east":  { "texture": "#main", "uv": [ 4, 8.875, 4.625, 8.75 ] }, 
                "south": { "texture": "#main", "uv": [ 4, 8, 4.625, 8.25 ] }, 
                "west":  { "texture": "#main", "uv": [ 4, 8, 4.75, 8.125 ] }, 
                "up":    { "texture": "#main", "uv": [ 4, 8, 4.125, 9 ] }, 
                "down":  { "texture": "#main", "uv": [ 4, 8, 4.125, 9 ] }
            }
        }, 
        {
            "name": "Cube", 
            "from": [ 0.4999999925494194, 9.50000000745058, 13 ], 
            "to":   [ 3.4999999925494194, 12.50000000745058, 19 ], 
            "rotation": { "origin": [8, 18, 8], "axis": "x", "angle": -45 }, 
            "faces": {
                "north": { "texture": "#main", "uv": [ 4, 8, 4.375, 8.375 ] }, 
                "east":  { "texture": "#main", "uv": [ 4, 8, 4.75, 8.375 ] }, 
                "south": { "texture": "#main", "uv": [ 4, 8, 4.375, 8.375 ] }, 
                "west":  { "texture": "#main", "uv": [ 4, 8, 4.75, 8.375 ] }, 
                "up":    { "texture": "#main", "uv": [ 4, 8, 4.375, 8.75 ] }, 
                "down":  { "texture": "#main", "uv": [ 4, 8, 4.375, 8.75 ] }
            }
        }, 
        {
            "name": "Cube", 
            "from": [ 0, 10.50000000745058, 14 ], 
            "to":   [ 1, 11.50000000745058, 15 ], 
            "rotation": { "origin": [8, 18, 8], "axis": "x", "angle": -45 }, 
            "faces": {
                "north": { "texture": "#main", "uv": [ 4, 8, 4.125, 8.125 ] }, 
                "east":  { "texture": "#main", "uv": [ 4, 8, 4.125, 8.125 ] }, 
                "south": { "texture": "#main", "uv": [ 4, 8, 4.125, 8.125 ] }, 
                "west":  { "texture": "#main", "uv": [ 4, 8, 4.125, 8.125 ] }, 
                "up":    { "texture": "#main", "uv": [ 4, 8, 4.125, 8.125 ] }, 
                "down":  { "texture": "#main", "uv": [ 4, 8, 4.125, 8.125 ] }
            }
        }, 
        {
            "name": "Cube", 
            "from": [ 0, 10.50000000745058, 17 ], 
            "to":   [ 1, 11.50000000745058, 18 ], 
            "rotation": { "origin": [8, 18, 8], "axis": "x", "angle": -45 }, 
            "faces": {
                "north": { "texture": "#main", "uv": [ 4, 8, 4.125, 8.125 ] }, 
                "east":  { "texture": "#main", "uv": [ 4, 8, 4.125, 8.125 ] }, 
                "south": { "texture": "#main", "uv": [ 4, 8, 4.125, 8.125 ] }, 
                "west":  { "texture": "#main", "uv": [ 4, 8, 4.125, 8.125 ] }, 
                "up":    { "texture": "#main", "uv": [ 4, 8, 4.125, 8.125 ] }, 
                "down":  { "texture": "#main", "uv": [ 4, 8, 4.125, 8.125 ] }
            }
        }, 
        {
            "name": "Cube", 
            "from": [ 3, 10.50000000745058, 17 ], 
            "to":   [ 4, 11.50000000745058, 18 ], 
            "rotation": { "origin": [8, 18, 8], "axis": "x", "angle": -45 }, 
            "faces": {
                "north": { "texture": "#main", "uv": [ 4, 8, 4.125, 8.125 ] }, 
                "east":  { "texture": "#main", "uv": [ 4, 8, 4.125, 8.125 ] }, 
                "south": { "texture": "#main", "uv": [ 4, 8, 4.125, 8.125 ] }, 
                "west":  { "texture": "#main", "uv": [ 4, 8, 4.125, 8.125 ] }, 
                "up":    { "texture": "#main", "uv": [ 4, 8, 4.125, 8.125 ] }, 
                "down":  { "texture": "#main", "uv": [ 4, 8, 4.125, 8.125 ] }
            }
        }, 
        {
            "name": "Cube", 
            "from": [ 3, 10.50000000745058, 14 ], 
            "to":   [ 4, 11.50000000745058, 15 ], 
            "rotation": { "origin": [8, 18, 8], "axis": "x", "angle": -45 }, 
            "faces": {
                "north": { "texture": "#main", "uv": [ 4, 8, 4.125, 8.125 ] }, 
                "east":  { "texture": "#main", "uv": [ 4, 8, 4.125, 8.125 ] }, 
                "south": { "texture": "#main", "uv": [ 4, 8, 4.125, 8.125 ] }, 
                "west":  { "texture": "#main", "uv": [ 4, 8, 4.125, 8.125 ] }, 
                "up":    { "texture": "#main", "uv": [ 4, 8, 4.125, 8.125 ] }, 
                "down":  { "texture": "#main", "uv": [ 4, 8, 4.125, 8.125 ] }
            }
        }, 
        {
            "name": "Cube", 
            "from": [ 1.5000000074505806, 10.50000000745058, 18.69999999552965 ], 
            "to":   [ 2.5000000074505806, 11.50000000745058, 19.69999999552965 ], 
            "rotation": { "origin": [8, 18, 8], "axis": "x", "angle": -45 }, 
            "faces": {
                "north": { "texture": "#main", "uv": [ 4, 8, 4.125, 8.125 ] }, 
                "east":  { "texture": "#main", "uv": [ 4, 8, 4.125, 8.125 ] }, 
                "south": { "texture": "#main", "uv": [ 4, 8, 4.125, 8.125 ] }, 
                "west":  { "texture": "#main", "uv": [ 4, 8, 4.125, 8.125 ] }, 
                "up":    { "texture": "#main", "uv": [ 4, 8, 4.125, 8.125 ] }, 
                "down":  { "texture": "#main", "uv": [ 4, 8, 4.125, 8.125 ] }
            }
        }, 
        {
            "name": "Cube", 
            "from": [ 1.5000000074505806, 12.000000014901161, 17 ], 
            "to":   [ 2.5000000074505806, 13.000000014901161, 18 ], 
            "rotation": { "origin": [8, 18, 8], "axis": "x", "angle": -45 }, 
            "faces": {
                "north": { "texture": "#main", "uv": [ 4, 8, 4.125, 8.125 ] }, 
                "east":  { "texture": "#main", "uv": [ 4, 8, 4.125, 8.125 ] }, 
                "south": { "texture": "#main", "uv": [ 4, 8, 4.125, 8.125 ] }, 
                "west":  { "texture": "#main", "uv": [ 4, 8, 4.125, 8.125 ] }, 
                "up":    { "texture": "#main", "uv": [ 4, 8, 4.125, 8.125 ] }, 
                "down":  { "texture": "#main", "uv": [ 4, 8, 4.125, 8.125 ] }
            }
        }, 
        {
            "name": "Cube", 
            "from": [ 1.5000000074505806, 12.000000014901161, 14 ], 
            "to":   [ 2.5000000074505806, 13.000000014901161, 15 ], 
            "rotation": { "origin": [8, 18, 8], "axis": "x", "angle": -45 }, 
            "faces": {
                "north": { "texture": "#main", "uv": [ 4, 8, 4.125, 8.125 ] }, 
                "east":  { "texture": "#main", "uv": [ 4, 8, 4.125, 8.125 ] }, 
                "south": { "texture": "#main", "uv": [ 4, 8, 4.125, 8.125 ] }, 
                "west":  { "texture": "#main", "uv": [ 4, 8, 4.125, 8.125 ] }, 
                "up":    { "texture": "#main", "uv": [ 4, 8, 4.125, 8.125 ] }, 
                "down":  { "texture": "#main", "uv": [ 4, 8, 4.125, 8.125 ] }
            }
        }, 
        {
            "name": "Cube", 
            "from": [ 1.5000000074505806, 9.000000014901161, 14 ], 
            "to":   [ 2.5000000074505806, 10.000000014901161, 15 ], 
            "rotation": { "origin": [8, 18, 8], "axis": "x", "angle": -45 }, 
            "faces": {
                "north": { "texture": "#main", "uv": [ 4, 8, 4.125, 8.125 ] }, 
                "east":  { "texture": "#main", "uv": [ 4, 8, 4.125, 8.125 ] }, 
                "south": { "texture": "#main", "uv": [ 4, 8, 4.125, 8.125 ] }, 
                "west":  { "texture": "#main", "uv": [ 4, 8, 4.125, 8.125 ] }, 
                "up":    { "texture": "#main", "uv": [ 4, 8, 4.125, 8.125 ] }, 
                "down":  { "texture": "#main", "uv": [ 4, 8, 4.125, 8.125 ] }
            }
        }, 
        {
            "name": "Cube", 
            "from": [ 1.5000000074505806, 9.000000014901161, 17 ], 
            "to":   [ 2.5000000074505806, 10.000000014901161, 18 ], 
            "rotation": { "origin": [8, 18, 8], "axis": "x", "angle": -45 }, 
            "faces": {
                "north": { "texture": "#main", "uv": [ 4, 8, 4.125, 8.125 ] }, 
                "east":  { "texture": "#main", "uv": [ 4, 8, 4.125, 8.125 ] }, 
                "south": { "texture": "#main", "uv": [ 4, 8, 4.125, 8.125 ] }, 
                "west":  { "texture": "#main", "uv": [ 4, 8, 4.125, 8.125 ] }, 
                "up":    { "texture": "#main", "uv": [ 4, 8, 4.125, 8.125 ] }, 
                "down":  { "texture": "#main", "uv": [ 4, 8, 4.125, 8.125 ] }
            }
        }, 
        {
            "name": "cuff", 
            "from": [ 12.50000000745058, 11, 5.799999997019768 ], 
            "to":   [ 15.50000000745058, 13, 9.200000002980232 ], 
            "rotation": { "origin": [8, 18, 8], "axis": "x", "angle": -45 }, 
            "faces": {
                "north": { "texture": "#main", "uv": [ 5, 8.625, 5.625, 9.125 ] }, 
                "east":  { "texture": "#main", "uv": [ 4.875, 8.625, 5.425000000745058, 9.125 ] }, 
                "south": { "texture": "#main", "uv": [ 5.125, 8.625, 5.625, 9.125 ] }, 
                "west":  { "texture": "#main", "uv": [ 5, 8.625, 5.675000000745058, 9.125 ] }, 
                "up":    { "texture": "#main", "uv": [ 4.875, 8.625, 5.25, 8.675000000745058 ] }, 
                "down":  { "texture": "#main", "uv": [ 5.25, 8.625, 5.75, 8.675000000745058 ] }
            }
        }, 
        {
            "name": "Cube", 
            "from": [ 0.5000000074505806, 11, 5.799999997019768 ], 
            "to":   [ 3.5000000074505806, 13, 9.200000002980232 ], 
            "rotation": { "origin": [8, 18, 8], "axis": "x", "angle": -45 }, 
            "faces": {
                "north": { "texture": "#main", "uv": [ 5, 8.625, 5.625, 9.125 ] }, 
                "east":  { "texture": "#main", "uv": [ 4.875, 8.625, 5.425000000745058, 9.125 ] }, 
                "south": { "texture": "#main", "uv": [ 5.125, 8.625, 5.625, 9.125 ] }, 
                "west":  { "texture": "#main", "uv": [ 5, 8.625, 5.675000000745058, 9.125 ] }, 
                "up":    { "texture": "#main", "uv": [ 4.875, 8.625, 5.25, 8.675000000745058 ] }, 
                "down":  { "texture": "#main", "uv": [ 5.25, 8.625, 5.75, 8.675000000745058 ] }
            }
        }, 
        {
            "name": "skull", 
            "from": [ 6.499999992549419, 11.49999999254942, 8.999999985098839 ], 
            "to":   [ 9.49999999254942, 14.49999999254942, 9.999999985098839 ], 
            "faces": {
                "north": { "texture": "#main", "uv": [ 5.125, 8, 5.5, 8.375 ] }, 
                "east":  { "texture": "#main", "uv": [ 5.375, 8, 5.5, 8.375 ] }, 
                "south": { "texture": "#main", "uv": [ 5, 8, 5.75, 8.625 ] }, 
                "west":  { "texture": "#main", "uv": [ 5.25, 8, 5.375, 8.375 ] }, 
                "up":    { "texture": "#main", "uv": [ 5.125, 8.125, 5.5, 8.25 ] }, 
                "down":  { "texture": "#main", "uv": [ 5.25, 8.125, 5.625, 8.25 ] }
            }
        }
    ],"display": {
    "thirdperson_lefthand": {"rotation": [ 30, 45, 0], "translation": [ 0, 0, 0 ], "scale": [ 0.4, 0.4, 0.4 ]},
    "thirdperson_righthand": {"rotation": [ 30, 45, 0], "translation": [ 0, 0, 0 ], "scale": [ 0.4, 0.4, 0.4 ]},
    "firstperson_lefthand": {"rotation": [ 0, 45, 0 ], "translation": [ 0, 1, 0 ], "scale": [ 0.4, 0.4, 0.4 ]},
    "firstperson_righthand": {"rotation": [ 0, 45, 0 ], "translation": [ 0, 1, 0 ], "scale": [ 0.4, 0.4, 0.4 ]},
    "gui": {"rotation": [ 30, 45, 0 ], "translation": [ 0, 0, 0 ], "scale": [ 0.65, 0.65, 0.65 ]},
    "ground": {"rotation": [ 0, 0, 180], "translation": [ 0, 0, 0 ], "scale":[1,1,1]},
    "head": {"rotation": [ 0, 180, 0], "translation": [ 0, -30, 0 ], "scale": [ 2, 2, 2 ]},
    "fixed": {"rotation": [ 0, 0, 0], "translation": [ 0, 0, 0 ], "scale":[3,3,3]}
}
}