{
	"credit": "Made with Blockbench, a free, modern block model editor by JannisX11",
	"textures": {
		"0": "mobs/jungle_mite",
		"1": "mobs/jungle_mite_belly",
		"particle": "mobs/jungle_mite"
	},
	"elements": [
		{
			"from": [6.5, 0, 4],
			"to": [9.3, 2, 5],
			"faces": {
				"north": {"uv": [0, 0, 2.8, 2], "texture": "#0"},
				"east": {"uv": [0, 0, 1, 2], "texture": "#0"},
				"south": {"uv": [0, 0, 2.8, 2], "texture": "#missing"},
				"west": {"uv": [0, 0, 1, 2], "texture": "#0"},
				"up": {"uv": [0, 0, 2.8, 1], "texture": "#0"},
				"down": {"uv": [5, 0, 7.8, 1], "texture": "#1"}
			}
		},
		{
			"from": [5.6, 0, 5],
			"to": [10.3, 3, 9],
			"faces": {
				"north": {"uv": [0, 0, 4.7, 3], "texture": "#0"},
				"east": {"uv": [0, 0, 4, 3], "texture": "#0"},
				"south": {"uv": [0, 0, 4.7, 3], "texture": "#0"},
				"west": {"uv": [0, 0, 4, 3], "texture": "#0"},
				"up": {"uv": [0, 0, 4.7, 4], "texture": "#0"},
				"down": {"uv": [4, 5, 8.7, 9], "texture": "#1"}
			}
		},
		{
			"from": [6.5, 0, 9],
			"to": [9.5, 2.5, 10],
			"faces": {
				"north": {"uv": [0, 0, 3, 2.5], "texture": "#missing"},
				"east": {"uv": [0, 0, 1, 2.5], "texture": "#0"},
				"south": {"uv": [0, 0, 3, 2.5], "texture": "#0"},
				"west": {"uv": [0, 0, 1, 2.5], "texture": "#0"},
				"up": {"uv": [0, 0, 3, 1], "texture": "#0"},
				"down": {"uv": [3, 14, 6, 15], "texture": "#1"}
			}
		},
		{
			"from": [7, 0, 10],
			"to": [9, 2, 11],
			"faces": {
				"north": {"uv": [0, 0, 2, 2], "texture": "#missing"},
				"east": {"uv": [0, 0, 1, 2], "texture": "#0"},
				"south": {"uv": [0, 0, 2, 2], "texture": "#0"},
				"west": {"uv": [0, 0, 1, 2], "texture": "#0"},
				"up": {"uv": [0, 0, 2, 1], "texture": "#0"},
				"down": {"uv": [11, 2, 13, 3], "texture": "#1"}
			}
		}
	],
	"display": {
		"head": {
			"translation": [0, -23.5, 0]
		}
	}
}