{
	"credit": "Made with Blockbench, a free, modern block model editor by JannisX11",
	"textures": {
		"0": "mobs/sluge",
		"particle": "mobs/sluge"
	},
	"elements": [
		{
			"name": "body",
			"from": [1, 0, 1],
			"to": [15, 14, 15],
			"faces": {
				"north": {"uv": [8, 8, 16, 16], "texture": "#0"},
				"east": {"uv": [8, 8, 16, 16], "texture": "#0"},
				"south": {"uv": [8, 8, 16, 16], "texture": "#0"},
				"west": {"uv": [8, 8, 16, 16], "texture": "#0"},
				"up": {"uv": [8, 8, 16, 16], "texture": "#0"},
				"down": {"uv": [8, 8, 16, 16], "texture": "#0"}
			}
		},
		{
			"from": [5, 4, 4],
			"to": [12, 11, 11],
			"faces": {
				"north": {"uv": [0, 12, 4, 16], "texture": "#0"},
				"east": {"uv": [4, 12, 8, 16], "texture": "#0"},
				"south": {"uv": [0, 8, 4, 12], "texture": "#0"},
				"west": {"uv": [4, 8, 8, 12], "texture": "#0"},
				"up": {"uv": [4, 10, 8, 14], "texture": "#0"},
				"down": {"uv": [0, 10, 4, 14], "texture": "#0"}
			}
		},
		{
			"from": [-1, 0, -1],
			"to": [4, 5, 4],
			"faces": {
				"north": {"uv": [9, 9, 16, 16], "texture": "#0"},
				"east": {"uv": [9, 9, 16, 16], "texture": "#0"},
				"south": {"uv": [9, 9, 16, 16], "texture": "#0"},
				"west": {"uv": [9, 9, 16, 16], "texture": "#0"},
				"up": {"uv": [9, 9, 16, 16], "texture": "#0"},
				"down": {"uv": [9, 9, 16, 16], "texture": "#0"}
			}
		},
		{
			"from": [10, 0, 0],
			"to": [13, 3, 1],
			"faces": {
				"north": {"uv": [9, 9, 16, 16], "texture": "#0"},
				"east": {"uv": [9, 9, 16, 16], "texture": "#0"},
				"south": {"uv": [9, 9, 16, 16], "texture": "#0"},
				"west": {"uv": [9, 9, 16, 16], "texture": "#0"},
				"up": {"uv": [9, 9, 16, 16], "texture": "#0"},
				"down": {"uv": [9, 9, 16, 16], "texture": "#0"}
			}
		},
		{
			"from": [12, 0, 11],
			"to": [17, 2, 16],
			"faces": {
				"north": {"uv": [9, 9, 16, 16], "texture": "#0"},
				"east": {"uv": [9, 9, 16, 16], "texture": "#0"},
				"south": {"uv": [9, 9, 16, 16], "texture": "#0"},
				"west": {"uv": [9, 9, 16, 16], "texture": "#0"},
				"up": {"uv": [9, 9, 16, 16], "texture": "#0"},
				"down": {"uv": [9, 9, 16, 16], "texture": "#0"}
			}
		},
		{
			"from": [-2, 0, -2],
			"to": [1, 2, 1],
			"faces": {
				"north": {"uv": [9, 9, 16, 16], "texture": "#0"},
				"east": {"uv": [9, 9, 16, 16], "texture": "#0"},
				"south": {"uv": [9, 9, 16, 16], "texture": "#0"},
				"west": {"uv": [9, 9, 16, 16], "texture": "#0"},
				"up": {"uv": [9, 9, 16, 16], "texture": "#0"},
				"down": {"uv": [9, 9, 16, 16], "texture": "#0"}
			}
		},
		{
			"from": [3, 0, 0],
			"to": [6, 2, 3],
			"faces": {
				"north": {"uv": [9, 9, 16, 16], "texture": "#0"},
				"east": {"uv": [9, 9, 16, 16], "texture": "#0"},
				"south": {"uv": [9, 9, 16, 16], "texture": "#0"},
				"west": {"uv": [9, 9, 16, 16], "texture": "#0"},
				"up": {"uv": [9, 9, 16, 16], "texture": "#0"},
				"down": {"uv": [9, 9, 16, 16], "texture": "#0"}
			}
		},
		{
			"from": [15, 0, 4],
			"to": [16, 7, 7],
			"faces": {
				"north": {"uv": [9, 9, 16, 16], "texture": "#0"},
				"east": {"uv": [9, 9, 16, 16], "texture": "#0"},
				"south": {"uv": [9, 9, 16, 16], "texture": "#0"},
				"west": {"uv": [9, 9, 16, 16], "texture": "#0"},
				"up": {"uv": [9, 9, 16, 16], "texture": "#0"},
				"down": {"uv": [9, 9, 16, 16], "texture": "#0"}
			}
		},
		{
			"from": [15, 0, 10],
			"to": [16, 3, 13],
			"faces": {
				"north": {"uv": [9, 9, 16, 16], "texture": "#0"},
				"east": {"uv": [9, 9, 16, 16], "texture": "#0"},
				"south": {"uv": [9, 9, 16, 16], "texture": "#0"},
				"west": {"uv": [9, 9, 16, 16], "texture": "#0"},
				"up": {"uv": [9, 9, 16, 16], "texture": "#0"},
				"down": {"uv": [9, 9, 16, 16], "texture": "#0"}
			}
		},
		{
			"from": [4, 0, 13],
			"to": [12, 8, 19],
			"faces": {
				"north": {"uv": [9, 9, 16, 16], "texture": "#0"},
				"east": {"uv": [9, 9, 16, 16], "texture": "#0"},
				"south": {"uv": [9, 9, 16, 16], "texture": "#0"},
				"west": {"uv": [9, 9, 16, 16], "texture": "#0"},
				"up": {"uv": [9, 9, 16, 16], "texture": "#0"},
				"down": {"uv": [9, 9, 16, 16], "texture": "#0"}
			}
		},
		{
			"from": [0, 0, 5],
			"to": [5, 3, 10],
			"faces": {
				"north": {"uv": [9, 9, 16, 16], "texture": "#0"},
				"east": {"uv": [9, 9, 16, 16], "texture": "#0"},
				"south": {"uv": [9, 9, 16, 16], "texture": "#0"},
				"west": {"uv": [9, 9, 16, 16], "texture": "#0"},
				"up": {"uv": [9, 9, 16, 16], "texture": "#0"},
				"down": {"uv": [9, 9, 16, 16], "texture": "#0"}
			}
		},
		{
			"from": [-1, 0, 12],
			"to": [4, 2, 17],
			"faces": {
				"north": {"uv": [9, 9, 16, 16], "texture": "#0"},
				"east": {"uv": [9, 9, 16, 16], "texture": "#0"},
				"south": {"uv": [9, 9, 16, 16], "texture": "#0"},
				"west": {"uv": [9, 9, 16, 16], "texture": "#0"},
				"up": {"uv": [9, 9, 16, 16], "texture": "#0"},
				"down": {"uv": [9, 9, 16, 16], "texture": "#0"}
			}
		},
		{
			"from": [4.5, 0, 19],
			"to": [10.5, 4, 22],
			"faces": {
				"north": {"uv": [9, 9, 16, 16], "texture": "#0"},
				"east": {"uv": [9, 9, 16, 16], "texture": "#0"},
				"south": {"uv": [9, 9, 16, 16], "texture": "#0"},
				"west": {"uv": [9, 9, 16, 16], "texture": "#0"},
				"up": {"uv": [9, 9, 16, 16], "texture": "#0"},
				"down": {"uv": [9, 9, 16, 16], "texture": "#0"}
			}
		},
		{
			"from": [-1, 0, 6],
			"to": [6, 1, 11],
			"faces": {
				"north": {"uv": [9, 9, 16, 16], "texture": "#0"},
				"east": {"uv": [9, 9, 16, 16], "texture": "#0"},
				"south": {"uv": [9, 9, 16, 16], "texture": "#0"},
				"west": {"uv": [9, 9, 16, 16], "texture": "#0"},
				"up": {"uv": [9, 9, 16, 16], "texture": "#0"},
				"down": {"uv": [9, 9, 16, 16], "texture": "#0"}
			}
		},
		{
			"from": [0, 0, 12],
			"to": [4, 4, 18],
			"faces": {
				"north": {"uv": [9, 9, 16, 16], "texture": "#0"},
				"east": {"uv": [9, 9, 16, 16], "texture": "#0"},
				"south": {"uv": [9, 9, 16, 16], "texture": "#0"},
				"west": {"uv": [9, 9, 16, 16], "texture": "#0"},
				"up": {"uv": [9, 9, 16, 16], "texture": "#0"},
				"down": {"uv": [9, 9, 16, 16], "texture": "#0"}
			}
		},
		{
			"from": [12, 0, -1],
			"to": [17, 2, 4],
			"faces": {
				"north": {"uv": [9, 9, 16, 16], "texture": "#0"},
				"east": {"uv": [9, 9, 16, 16], "texture": "#0"},
				"south": {"uv": [9, 9, 16, 16], "texture": "#0"},
				"west": {"uv": [9, 9, 16, 16], "texture": "#0"},
				"up": {"uv": [9, 9, 16, 16], "texture": "#0"},
				"down": {"uv": [9, 9, 16, 16], "texture": "#0"}
			}
		},
		{
			"from": [4, 0, 3],
			"to": [13, 4, 12],
			"faces": {
				"north": {"uv": [10.5, 14, 14.5, 16], "texture": "#0"},
				"east": {"uv": [10.5, 14, 14.5, 16], "texture": "#0"},
				"south": {"uv": [10.5, 14, 14.5, 16], "texture": "#0"},
				"west": {"uv": [10.5, 14, 14.5, 16], "texture": "#0"},
				"up": {"uv": [10.5, 14, 14.5, 16], "texture": "#0"},
				"down": {"uv": [10.5, 14, 14.5, 16], "texture": "#0"}
			}
		},
		{
			"name": "shull",
			"from": [10, 3, 2],
			"to": [14, 7, 6],
			"rotation": {"angle": -45, "axis": "y", "origin": [12, 5, 4]},
			"faces": {
				"north": {"uv": [0, 4, 4, 8], "texture": "#0"},
				"east": {"uv": [4, 4, 8, 8], "texture": "#0", "rotation": 270},
				"south": {"uv": [0, 0, 4, 4], "texture": "#0", "rotation": 90},
				"west": {"uv": [4, 4, 8, 8], "texture": "#0"},
				"up": {"uv": [0, 0, 4, 4], "texture": "#0"},
				"down": {"uv": [4, 0, 8, 4], "texture": "#0"}
			}
		},
		{
			"name": "skull",
			"from": [7, 3, 2],
			"to": [10, 6, 5],
			"rotation": {"angle": -22.5, "axis": "y", "origin": [9, 5, 4]},
			"faces": {
				"north": {"uv": [0, 4, 4, 8], "texture": "#0"},
				"east": {"uv": [4, 4, 8, 8], "texture": "#0", "rotation": 270},
				"south": {"uv": [0, 0, 4, 4], "texture": "#0", "rotation": 90},
				"west": {"uv": [4, 4, 8, 8], "texture": "#0"},
				"up": {"uv": [0, 0, 4, 4], "texture": "#0"},
				"down": {"uv": [4, 0, 8, 4], "texture": "#0"}
			}
		},
		{
			"name": "skull",
			"from": [1, 1, 13],
			"to": [3, 3, 15],
			"rotation": {"angle": -22.5, "axis": "y", "origin": [2, 2, 14]},
			"faces": {
				"north": {"uv": [4, 4, 8, 8], "texture": "#0", "rotation": 270},
				"east": {"uv": [0, 0, 4, 4], "texture": "#0", "rotation": 90},
				"south": {"uv": [4, 4, 8, 8], "texture": "#0"},
				"west": {"uv": [0, 4, 4, 8], "texture": "#0"},
				"up": {"uv": [0, 0, 4, 4], "texture": "#0", "rotation": 270},
				"down": {"uv": [4, 0, 8, 4], "texture": "#0", "rotation": 90}
			}
		},
		{
			"name": "skull",
			"from": [8, 1, 12],
			"to": [11, 4, 15],
			"rotation": {"angle": -22.5, "axis": "y", "origin": [9.5, 2.5, 13.5]},
			"faces": {
				"north": {"uv": [4, 4, 8, 8], "texture": "#0"},
				"east": {"uv": [0, 4, 4, 8], "texture": "#0"},
				"south": {"uv": [4, 4, 8, 8], "texture": "#0", "rotation": 270},
				"west": {"uv": [0, 0, 4, 4], "texture": "#0", "rotation": 90},
				"up": {"uv": [0, 0, 4, 4], "texture": "#0", "rotation": 90},
				"down": {"uv": [4, 0, 8, 4], "texture": "#0", "rotation": 270}
			}
		}
	],
	"display": {
		"head": {
			"scale": [2, 2, 2],
			"translation": [0, -15.5, 0]
		}
	},
	"groups": [0,
		{
			"name": "blobs",
			"isOpen": false,
			"shade": true,
			"display": {
				"visibility": true,
				"autouv": true
			},
			"children": [1, 2, 3, 4, 5, 6, 7, 8, 9, 10, 11, 12, 13, 14, 15, 16]
		},
		{
			"name": "skulls",
			"isOpen": false,
			"shade": true,
			"display": {
				"visibility": true,
				"autouv": true
			},
			"children": [17, 18, 19, 20]
		}
	]
}