{
    "__comment": "Model generated using MrCrayfish's Model Creator (http://mrcrayfish.com/modelcreator/)",
    "textures": {
        "0": "mobs/mite_mouth",
        "1": "mobs/mite_skin",
        "2": "mobs/mite_tummy"
    },
    "elements": [
        {
            "name": "Head",
            "from": [ 6.0, 0.0, -1.0 ], 
            "to": [ 10.0, 4.0, 2.0 ], 
            "faces": {
                "north": { "texture": "#0", "uv": [ 3.0, 3.0, 12.0, 12.0 ] },
                "east": { "texture": "#1", "uv": [ 0.0, 0.0, 3.0, 4.0 ] },
                "south": { "texture": "#1", "uv": [ 0.0, 0.0, 4.0, 4.0 ] },
                "west": { "texture": "#1", "uv": [ 0.0, 0.0, 3.0, 4.0 ] },
                "up": { "texture": "#1", "uv": [ 0.0, 0.0, 4.0, 3.0 ] },
                "down": { "texture": "#2", "uv": [ 3.0, 3.0, 12.0, 12.0 ] }
            }
        },
        {
            "name": "Body1",
            "from": [ 5.0, 0.0, 2.0 ], 
            "to": [ 11.0, 4.499999992549419, 10.0 ], 
            "faces": {
                "north": { "texture": "#1", "uv": [ 0.0, 0.0, 6.0, 4.499999992549419 ] },
                "east": { "texture": "#1", "uv": [ 0.0, 0.0, 8.0, 4.499999992549419 ] },
                "south": { "texture": "#1", "uv": [ 0.0, 0.0, 6.0, 4.499999992549419 ] },
                "west": { "texture": "#1", "uv": [ 0.0, 0.0, 8.0, 4.499999992549419 ] },
                "up": { "texture": "#1", "uv": [ 0.0, 0.0, 6.0, 8.0 ] },
                "down": { "texture": "#2", "uv": [ 0.0, 0.0, 6.0, 8.0 ] }
            }
        },
        {
            "name": "body2",
            "from": [ 6.0, 0.0, 10.0 ], 
            "to": [ 10.0, 3.999999985098839, 14.0 ], 
            "faces": {
                "north": { "texture": "#1", "uv": [ 0.0, 0.0, 4.0, 3.999999985098839 ] },
                "east": { "texture": "#1", "uv": [ 0.0, 0.0, 4.0, 3.999999985098839 ] },
                "south": { "texture": "#1", "uv": [ 0.0, 0.0, 4.0, 3.999999985098839 ] },
                "west": { "texture": "#1", "uv": [ 0.0, 0.0, 4.0, 3.999999985098839 ] },
                "up": { "texture": "#1", "uv": [ 0.0, 0.0, 4.0, 4.0 ] },
                "down": { "texture": "#2", "uv": [ 0.0, 0.0, 4.0, 4.0 ] }
            }
        },
        {
            "name": "tail",
            "from": [ 6.300000004470348, 0.0, 14.0 ], 
            "to": [ 9.699999995529652, 3.499999977648258, 17.0 ], 
            "faces": {
                "north": { "texture": "#1", "uv": [ 0.0, 0.0, 3.3999999910593033, 3.499999977648258 ] },
                "east": { "texture": "#1", "uv": [ 0.0, 0.0, 3.0, 3.499999977648258 ] },
                "south": { "texture": "#1", "uv": [ 0.0, 0.0, 3.3999999910593033, 3.499999977648258 ] },
                "west": { "texture": "#1", "uv": [ 0.0, 0.0, 3.0, 3.499999977648258 ] },
                "up": { "texture": "#1", "uv": [ 0.0, 0.0, 3.3999999910593033, 3.0 ] },
                "down": { "texture": "#2", "uv": [ 0.0, 0.0, 3.3999999910593033, 3.0 ] }
            }
        },
        {
            "name": "tail 2",
            "from": [ 6.699999995529652, 0.0, 17.0 ], 
            "to": [ 9.299999989569187, 2.999999985098839, 21.0 ], 
            "faces": {
                "north": { "texture": "#1", "uv": [ 0.0, 0.0, 2.5999999940395355, 2.999999985098839 ] },
                "east": { "texture": "#1", "uv": [ 0.0, 0.0, 4.0, 2.999999985098839 ] },
                "south": { "texture": "#1", "uv": [ 0.0, 0.0, 2.5999999940395355, 2.999999985098839 ] },
                "west": { "texture": "#1", "uv": [ 0.0, 0.0, 4.0, 2.999999985098839 ] },
                "up": { "texture": "#1", "uv": [ 0.0, 0.0, 2.5999999940395355, 4.0 ] },
                "down": { "texture": "#2", "uv": [ 0.0, 0.0, 2.5999999940395355, 4.0 ] }
            }
        },
        {
            "name": "tail tip",
            "from": [ 7.0, 0.0, 21.0 ], 
            "to": [ 9.0, 1.9999999850988388, 25.0 ], 
            "faces": {
                "north": { "texture": "#1", "uv": [ 0.0, 0.0, 2.0, 1.9999999850988388 ] },
                "east": { "texture": "#1", "uv": [ 0.0, 0.0, 4.0, 1.9999999850988388 ] },
                "south": { "texture": "#1", "uv": [ 0.0, 0.0, 2.0, 1.9999999850988388 ] },
                "west": { "texture": "#1", "uv": [ 0.0, 0.0, 4.0, 1.9999999850988388 ] },
                "up": { "texture": "#1", "uv": [ 0.0, 0.0, 2.0, 4.0 ] },
                "down": { "texture": "#2", "uv": [ 0.0, 0.0, 2.0, 4.0 ] }
            }
        }
    ],"display": {
    "thirdperson_lefthand": {"rotation": [ 30, 45, 0], "translation": [ 0, 0, 0 ], "scale": [ 0.4, 0.4, 0.4 ]},
    "thirdperson_righthand": {"rotation": [ 30, 45, 0], "translation": [ 0, 0, 0 ], "scale": [ 0.4, 0.4, 0.4 ]},
    "firstperson_lefthand": {"rotation": [ 0, 45, 0 ], "translation": [ 0, 1, 0 ], "scale": [ 0.4, 0.4, 0.4 ]},
    "firstperson_righthand": {"rotation": [ 0, 45, 0 ], "translation": [ 0, 1, 0 ], "scale": [ 0.4, 0.4, 0.4 ]},
    "gui": {"rotation": [ 30, 45, 0 ], "translation": [ 0, 0, 0 ], "scale": [ 0.65, 0.65, 0.65 ]},
    "ground": {"rotation": [ 0, 0, 180], "translation": [ 0, 0, 0 ], "scale":[1,1,1]},
    "head": { "translation": [ 0, -24, 0 ], "scale": [ 1.5, 1.5, 1.5 ]},
    "fixed": {"rotation": [ 0, 0, 0], "translation": [ 0, 0, 0 ], "scale":[1,1,1]}
}
}