{
    "__comment": "Model animated using Fizzy's model animator - http://fizzy81.github.io/animated-models/", 
    "textures": {
        "main": "mobs/sandmite_hurt"
    }, 
    "elements": [
        {
            "name": "Head", 
            "from": [ 6, 0, -1 ], 
            "to":   [ 10, 4, 2 ], 
            "faces": {
                "north": { "texture": "#main", "uv": [ 0.375, 0.375, 1.5, 1.5 ] }, 
                "east":  { "texture": "#main", "uv": [ 2, 0, 2.375, 0.5 ] }, 
                "south": { "texture": "#main", "uv": [ 2, 0, 2.5, 0.5 ] }, 
                "west":  { "texture": "#main", "uv": [ 2, 0, 2.375, 0.5 ] }, 
                "up":    { "texture": "#main", "uv": [ 2, 0, 2.5, 0.375 ] }, 
                "down":  { "texture": "#main", "uv": [ 0.375, 2.375, 1.5, 3.5 ] }
            }
        }, 
        {
            "name": "Body1", 
            "from": [ 5, 0, 2 ], 
            "to":   [ 11, 4.499999992549419, 10 ], 
            "faces": {
                "north": { "texture": "#main", "uv": [ 2, 0, 2.75, 0.5624999990686774 ] }, 
                "east":  { "texture": "#main", "uv": [ 2, 0, 3, 0.5624999990686774 ] }, 
                "south": { "texture": "#main", "uv": [ 2, 0, 2.75, 0.5624999990686774 ] }, 
                "west":  { "texture": "#main", "uv": [ 2, 0, 3, 0.5624999990686774 ] }, 
                "up":    { "texture": "#main", "uv": [ 2, 0, 2.75, 1 ] }, 
                "down":  { "texture": "#main", "uv": [ 0, 2, 0.75, 3 ] }
            }
        }, 
        {
            "name": "body2", 
            "from": [ 6, 0, 10 ], 
            "to":   [ 10, 3.999999985098839, 14 ], 
            "faces": {
                "north": { "texture": "#main", "uv": [ 2, 0, 2.5, 0.49999999813735485 ] }, 
                "east":  { "texture": "#main", "uv": [ 2, 0, 2.5, 0.49999999813735485 ] }, 
                "south": { "texture": "#main", "uv": [ 2, 0, 2.5, 0.49999999813735485 ] }, 
                "west":  { "texture": "#main", "uv": [ 2, 0, 2.5, 0.49999999813735485 ] }, 
                "up":    { "texture": "#main", "uv": [ 2, 0, 2.5, 0.5 ] }, 
                "down":  { "texture": "#main", "uv": [ 0, 2, 0.5, 2.5 ] }
            }
        }, 
        {
            "name": "tail", 
            "from": [ 6.300000004470348, 0, 14 ], 
            "to":   [ 9.699999995529652, 3.499999977648258, 17 ], 
            "faces": {
                "north": { "texture": "#main", "uv": [ 2, 0, 2.424999998882413, 0.4374999972060323 ] }, 
                "east":  { "texture": "#main", "uv": [ 2, 0, 2.375, 0.4374999972060323 ] }, 
                "south": { "texture": "#main", "uv": [ 2, 0, 2.424999998882413, 0.4374999972060323 ] }, 
                "west":  { "texture": "#main", "uv": [ 2, 0, 2.375, 0.4374999972060323 ] }, 
                "up":    { "texture": "#main", "uv": [ 2, 0, 2.424999998882413, 0.375 ] }, 
                "down":  { "texture": "#main", "uv": [ 0, 2, 0.4249999988824129, 2.375 ] }
            }
        }, 
        {
            "name": "tail 2", 
            "from": [ 6.699999995529652, 0, 17 ], 
            "to":   [ 9.299999989569187, 2.999999985098839, 21 ], 
            "faces": {
                "north": { "texture": "#main", "uv": [ 2, 0, 2.324999999254942, 0.37499999813735485 ] }, 
                "east":  { "texture": "#main", "uv": [ 2, 0, 2.5, 0.37499999813735485 ] }, 
                "south": { "texture": "#main", "uv": [ 2, 0, 2.324999999254942, 0.37499999813735485 ] }, 
                "west":  { "texture": "#main", "uv": [ 2, 0, 2.5, 0.37499999813735485 ] }, 
                "up":    { "texture": "#main", "uv": [ 2, 0, 2.324999999254942, 0.5 ] }, 
                "down":  { "texture": "#main", "uv": [ 0, 2, 0.32499999925494194, 2.5 ] }
            }
        }, 
        {
            "name": "tail tip", 
            "from": [ 7, 0, 21 ], 
            "to":   [ 9, 1.9999999850988388, 25 ], 
            "faces": {
                "north": { "texture": "#main", "uv": [ 2, 0, 2.25, 0.24999999813735485 ] }, 
                "east":  { "texture": "#main", "uv": [ 2, 0, 2.5, 0.24999999813735485 ] }, 
                "south": { "texture": "#main", "uv": [ 2, 0, 2.25, 0.24999999813735485 ] }, 
                "west":  { "texture": "#main", "uv": [ 2, 0, 2.5, 0.24999999813735485 ] }, 
                "up":    { "texture": "#main", "uv": [ 2, 0, 2.25, 0.5 ] }, 
                "down":  { "texture": "#main", "uv": [ 0, 2, 0.25, 2.5 ] }
            }
        }, 
        {
            "name": "Head", 
            "from": [ 6, 0, -1 ], 
            "to":   [ 10, 4, 2 ], 
            "faces": {
                "north": { "texture": "#main", "uv": [ 4.375, 0.375, 5.5, 1.5 ] }, 
                "east":  { "texture": "#main", "uv": [ 6, 0, 6.375, 0.5 ] }, 
                "south": { "texture": "#main", "uv": [ 6, 0, 6.5, 0.5 ] }, 
                "west":  { "texture": "#main", "uv": [ 6, 0, 6.375, 0.5 ] }, 
                "up":    { "texture": "#main", "uv": [ 6, 0, 6.5, 0.375 ] }, 
                "down":  { "texture": "#main", "uv": [ 4.375, 2.375, 5.5, 3.5 ] }
            }
        }, 
        {
            "name": "Body1", 
            "from": [ 5, 0, 2 ], 
            "to":   [ 11, 4.499999992549419, 10 ], 
            "faces": {
                "north": { "texture": "#main", "uv": [ 6, 0, 6.75, 0.5624999990686774 ] }, 
                "east":  { "texture": "#main", "uv": [ 6, 0, 7, 0.5624999990686774 ] }, 
                "south": { "texture": "#main", "uv": [ 6, 0, 6.75, 0.5624999990686774 ] }, 
                "west":  { "texture": "#main", "uv": [ 6, 0, 7, 0.5624999990686774 ] }, 
                "up":    { "texture": "#main", "uv": [ 6, 0, 6.75, 1 ] }, 
                "down":  { "texture": "#main", "uv": [ 4, 2, 4.75, 3 ] }
            }
        }, 
        {
            "name": "body2", 
            "from": [ 7, 0, 10 ], 
            "to":   [ 11, 3.999999985098839, 14 ], 
            "faces": {
                "north": { "texture": "#main", "uv": [ 6, 0, 6.5, 0.49999999813735485 ] }, 
                "east":  { "texture": "#main", "uv": [ 6, 0, 6.5, 0.49999999813735485 ] }, 
                "south": { "texture": "#main", "uv": [ 6, 0, 6.5, 0.49999999813735485 ] }, 
                "west":  { "texture": "#main", "uv": [ 6, 0, 6.5, 0.49999999813735485 ] }, 
                "up":    { "texture": "#main", "uv": [ 6, 0, 6.5, 0.5 ] }, 
                "down":  { "texture": "#main", "uv": [ 4, 2, 4.5, 2.5 ] }
            }
        }, 
        {
            "name": "tail", 
            "from": [ 6.300000004470348, 0, 14 ], 
            "to":   [ 9.699999995529652, 3.499999977648258, 17 ], 
            "faces": {
                "north": { "texture": "#main", "uv": [ 6, 0, 6.424999998882413, 0.4374999972060323 ] }, 
                "east":  { "texture": "#main", "uv": [ 6, 0, 6.375, 0.4374999972060323 ] }, 
                "south": { "texture": "#main", "uv": [ 6, 0, 6.424999998882413, 0.4374999972060323 ] }, 
                "west":  { "texture": "#main", "uv": [ 6, 0, 6.375, 0.4374999972060323 ] }, 
                "up":    { "texture": "#main", "uv": [ 6, 0, 6.424999998882413, 0.375 ] }, 
                "down":  { "texture": "#main", "uv": [ 4, 2, 4.424999998882413, 2.375 ] }
            }
        }, 
        {
            "name": "tail 2", 
            "from": [ 5.699999995529652, 0, 17 ], 
            "to":   [ 8.299999989569187, 2.999999985098839, 21 ], 
            "faces": {
                "north": { "texture": "#main", "uv": [ 6, 0, 6.324999999254942, 0.37499999813735485 ] }, 
                "east":  { "texture": "#main", "uv": [ 6, 0, 6.5, 0.37499999813735485 ] }, 
                "south": { "texture": "#main", "uv": [ 6, 0, 6.324999999254942, 0.37499999813735485 ] }, 
                "west":  { "texture": "#main", "uv": [ 6, 0, 6.5, 0.37499999813735485 ] }, 
                "up":    { "texture": "#main", "uv": [ 6, 0, 6.324999999254942, 0.5 ] }, 
                "down":  { "texture": "#main", "uv": [ 4, 2, 4.324999999254942, 2.5 ] }
            }
        }, 
        {
            "name": "tail tip", 
            "from": [ 7, 0, 21 ], 
            "to":   [ 9, 1.9999999850988388, 25 ], 
            "faces": {
                "north": { "texture": "#main", "uv": [ 6, 0, 6.25, 0.24999999813735485 ] }, 
                "east":  { "texture": "#main", "uv": [ 6, 0, 6.5, 0.24999999813735485 ] }, 
                "south": { "texture": "#main", "uv": [ 6, 0, 6.25, 0.24999999813735485 ] }, 
                "west":  { "texture": "#main", "uv": [ 6, 0, 6.5, 0.24999999813735485 ] }, 
                "up":    { "texture": "#main", "uv": [ 6, 0, 6.25, 0.5 ] }, 
                "down":  { "texture": "#main", "uv": [ 4, 2, 4.25, 2.5 ] }
            }
        }, 
        {
            "name": "Head", 
            "from": [ 6, 0, -1 ], 
            "to":   [ 10, 4, 2 ], 
            "faces": {
                "north": { "texture": "#main", "uv": [ 8.375, 0.375, 9.5, 1.5 ] }, 
                "east":  { "texture": "#main", "uv": [ 10, 0, 10.375, 0.5 ] }, 
                "south": { "texture": "#main", "uv": [ 10, 0, 10.5, 0.5 ] }, 
                "west":  { "texture": "#main", "uv": [ 10, 0, 10.375, 0.5 ] }, 
                "up":    { "texture": "#main", "uv": [ 10, 0, 10.5, 0.375 ] }, 
                "down":  { "texture": "#main", "uv": [ 8.375, 2.375, 9.5, 3.5 ] }
            }
        }, 
        {
            "name": "Body1", 
            "from": [ 6, 0, 2 ], 
            "to":   [ 12, 4.499999992549419, 10 ], 
            "faces": {
                "north": { "texture": "#main", "uv": [ 10, 0, 10.75, 0.5624999990686774 ] }, 
                "east":  { "texture": "#main", "uv": [ 10, 0, 11, 0.5624999990686774 ] }, 
                "south": { "texture": "#main", "uv": [ 10, 0, 10.75, 0.5624999990686774 ] }, 
                "west":  { "texture": "#main", "uv": [ 10, 0, 11, 0.5624999990686774 ] }, 
                "up":    { "texture": "#main", "uv": [ 10, 0, 10.75, 1 ] }, 
                "down":  { "texture": "#main", "uv": [ 8, 2, 8.75, 3 ] }
            }
        }, 
        {
            "name": "body2", 
            "from": [ 6, 0, 10 ], 
            "to":   [ 10, 3.999999985098839, 14 ], 
            "faces": {
                "north": { "texture": "#main", "uv": [ 10, 0, 10.5, 0.49999999813735485 ] }, 
                "east":  { "texture": "#main", "uv": [ 10, 0, 10.5, 0.49999999813735485 ] }, 
                "south": { "texture": "#main", "uv": [ 10, 0, 10.5, 0.49999999813735485 ] }, 
                "west":  { "texture": "#main", "uv": [ 10, 0, 10.5, 0.49999999813735485 ] }, 
                "up":    { "texture": "#main", "uv": [ 10, 0, 10.5, 0.5 ] }, 
                "down":  { "texture": "#main", "uv": [ 8, 2, 8.5, 2.5 ] }
            }
        }, 
        {
            "name": "tail", 
            "from": [ 5.300000004470348, 0, 14 ], 
            "to":   [ 8.699999995529652, 3.499999977648258, 17 ], 
            "faces": {
                "north": { "texture": "#main", "uv": [ 10, 0, 10.424999998882413, 0.4374999972060323 ] }, 
                "east":  { "texture": "#main", "uv": [ 10, 0, 10.375, 0.4374999972060323 ] }, 
                "south": { "texture": "#main", "uv": [ 10, 0, 10.424999998882413, 0.4374999972060323 ] }, 
                "west":  { "texture": "#main", "uv": [ 10, 0, 10.375, 0.4374999972060323 ] }, 
                "up":    { "texture": "#main", "uv": [ 10, 0, 10.424999998882413, 0.375 ] }, 
                "down":  { "texture": "#main", "uv": [ 8, 2, 8.424999998882413, 2.375 ] }
            }
        }, 
        {
            "name": "tail 2", 
            "from": [ 6.699999995529652, 0, 17 ], 
            "to":   [ 9.299999989569187, 2.999999985098839, 21 ], 
            "faces": {
                "north": { "texture": "#main", "uv": [ 10, 0, 10.324999999254942, 0.37499999813735485 ] }, 
                "east":  { "texture": "#main", "uv": [ 10, 0, 10.5, 0.37499999813735485 ] }, 
                "south": { "texture": "#main", "uv": [ 10, 0, 10.324999999254942, 0.37499999813735485 ] }, 
                "west":  { "texture": "#main", "uv": [ 10, 0, 10.5, 0.37499999813735485 ] }, 
                "up":    { "texture": "#main", "uv": [ 10, 0, 10.324999999254942, 0.5 ] }, 
                "down":  { "texture": "#main", "uv": [ 8, 2, 8.324999999254942, 2.5 ] }
            }
        }, 
        {
            "name": "tail tip", 
            "from": [ 8, 0, 21 ], 
            "to":   [ 10, 1.9999999850988388, 25 ], 
            "faces": {
                "north": { "texture": "#main", "uv": [ 10, 0, 10.25, 0.24999999813735485 ] }, 
                "east":  { "texture": "#main", "uv": [ 10, 0, 10.5, 0.24999999813735485 ] }, 
                "south": { "texture": "#main", "uv": [ 10, 0, 10.25, 0.24999999813735485 ] }, 
                "west":  { "texture": "#main", "uv": [ 10, 0, 10.5, 0.24999999813735485 ] }, 
                "up":    { "texture": "#main", "uv": [ 10, 0, 10.25, 0.5 ] }, 
                "down":  { "texture": "#main", "uv": [ 8, 2, 8.25, 2.5 ] }
            }
        }, 
        {
            "name": "Head", 
            "from": [ 6, 0, -1 ], 
            "to":   [ 10, 4, 2 ], 
            "faces": {
                "north": { "texture": "#main", "uv": [ 12.375, 0.375, 13.5, 1.5 ] }, 
                "east":  { "texture": "#main", "uv": [ 14, 0, 14.375, 0.5 ] }, 
                "south": { "texture": "#main", "uv": [ 14, 0, 14.5, 0.5 ] }, 
                "west":  { "texture": "#main", "uv": [ 14, 0, 14.375, 0.5 ] }, 
                "up":    { "texture": "#main", "uv": [ 14, 0, 14.5, 0.375 ] }, 
                "down":  { "texture": "#main", "uv": [ 12.375, 2.375, 13.5, 3.5 ] }
            }
        }, 
        {
            "name": "Body1", 
            "from": [ 5, 0, 2 ], 
            "to":   [ 11, 4.499999992549419, 10 ], 
            "faces": {
                "north": { "texture": "#main", "uv": [ 14, 0, 14.75, 0.5624999990686774 ] }, 
                "east":  { "texture": "#main", "uv": [ 14, 0, 15, 0.5624999990686774 ] }, 
                "south": { "texture": "#main", "uv": [ 14, 0, 14.75, 0.5624999990686774 ] }, 
                "west":  { "texture": "#main", "uv": [ 14, 0, 15, 0.5624999990686774 ] }, 
                "up":    { "texture": "#main", "uv": [ 14, 0, 14.75, 1 ] }, 
                "down":  { "texture": "#main", "uv": [ 12, 2, 12.75, 3 ] }
            }
        }, 
        {
            "name": "body2", 
            "from": [ 5, 0, 10 ], 
            "to":   [ 9, 3.999999985098839, 14 ], 
            "faces": {
                "north": { "texture": "#main", "uv": [ 14, 0, 14.5, 0.49999999813735485 ] }, 
                "east":  { "texture": "#main", "uv": [ 14, 0, 14.5, 0.49999999813735485 ] }, 
                "south": { "texture": "#main", "uv": [ 14, 0, 14.5, 0.49999999813735485 ] }, 
                "west":  { "texture": "#main", "uv": [ 14, 0, 14.5, 0.49999999813735485 ] }, 
                "up":    { "texture": "#main", "uv": [ 14, 0, 14.5, 0.5 ] }, 
                "down":  { "texture": "#main", "uv": [ 12, 2, 12.5, 2.5 ] }
            }
        }, 
        {
            "name": "tail", 
            "from": [ 6.300000004470348, 0, 14 ], 
            "to":   [ 9.699999995529652, 3.499999977648258, 17 ], 
            "faces": {
                "north": { "texture": "#main", "uv": [ 14, 0, 14.424999998882413, 0.4374999972060323 ] }, 
                "east":  { "texture": "#main", "uv": [ 14, 0, 14.375, 0.4374999972060323 ] }, 
                "south": { "texture": "#main", "uv": [ 14, 0, 14.424999998882413, 0.4374999972060323 ] }, 
                "west":  { "texture": "#main", "uv": [ 14, 0, 14.375, 0.4374999972060323 ] }, 
                "up":    { "texture": "#main", "uv": [ 14, 0, 14.424999998882413, 0.375 ] }, 
                "down":  { "texture": "#main", "uv": [ 12, 2, 12.424999998882413, 2.375 ] }
            }
        }, 
        {
            "name": "tail 2", 
            "from": [ 7.699999995529652, 0, 17 ], 
            "to":   [ 10.299999989569187, 2.999999985098839, 21 ], 
            "faces": {
                "north": { "texture": "#main", "uv": [ 14, 0, 14.324999999254942, 0.37499999813735485 ] }, 
                "east":  { "texture": "#main", "uv": [ 14, 0, 14.5, 0.37499999813735485 ] }, 
                "south": { "texture": "#main", "uv": [ 14, 0, 14.324999999254942, 0.37499999813735485 ] }, 
                "west":  { "texture": "#main", "uv": [ 14, 0, 14.5, 0.37499999813735485 ] }, 
                "up":    { "texture": "#main", "uv": [ 14, 0, 14.324999999254942, 0.5 ] }, 
                "down":  { "texture": "#main", "uv": [ 12, 2, 12.324999999254942, 2.5 ] }
            }
        }, 
        {
            "name": "tail tip", 
            "from": [ 7, 0, 21 ], 
            "to":   [ 9, 1.9999999850988388, 25 ], 
            "faces": {
                "north": { "texture": "#main", "uv": [ 14, 0, 14.25, 0.24999999813735485 ] }, 
                "east":  { "texture": "#main", "uv": [ 14, 0, 14.5, 0.24999999813735485 ] }, 
                "south": { "texture": "#main", "uv": [ 14, 0, 14.25, 0.24999999813735485 ] }, 
                "west":  { "texture": "#main", "uv": [ 14, 0, 14.5, 0.24999999813735485 ] }, 
                "up":    { "texture": "#main", "uv": [ 14, 0, 14.25, 0.5 ] }, 
                "down":  { "texture": "#main", "uv": [ 12, 2, 12.25, 2.5 ] }
            }
        }, 
        {
            "name": "Head", 
            "from": [ 6, 0, -1 ], 
            "to":   [ 10, 4, 2 ], 
            "faces": {
                "north": { "texture": "#main", "uv": [ 0.375, 4.375, 1.5, 5.5 ] }, 
                "east":  { "texture": "#main", "uv": [ 2, 4, 2.375, 4.5 ] }, 
                "south": { "texture": "#main", "uv": [ 2, 4, 2.5, 4.5 ] }, 
                "west":  { "texture": "#main", "uv": [ 2, 4, 2.375, 4.5 ] }, 
                "up":    { "texture": "#main", "uv": [ 2, 4, 2.5, 4.375 ] }, 
                "down":  { "texture": "#main", "uv": [ 0.375, 6.375, 1.5, 7.5 ] }
            }
        }, 
        {
            "name": "Body1", 
            "from": [ 4, 0, 2 ], 
            "to":   [ 10, 4.499999992549419, 10 ], 
            "faces": {
                "north": { "texture": "#main", "uv": [ 2, 4, 2.75, 4.562499999068677 ] }, 
                "east":  { "texture": "#main", "uv": [ 2, 4, 3, 4.562499999068677 ] }, 
                "south": { "texture": "#main", "uv": [ 2, 4, 2.75, 4.562499999068677 ] }, 
                "west":  { "texture": "#main", "uv": [ 2, 4, 3, 4.562499999068677 ] }, 
                "up":    { "texture": "#main", "uv": [ 2, 4, 2.75, 5 ] }, 
                "down":  { "texture": "#main", "uv": [ 0, 6, 0.75, 7 ] }
            }
        }, 
        {
            "name": "body2", 
            "from": [ 6, 0, 10 ], 
            "to":   [ 10, 3.999999985098839, 14 ], 
            "faces": {
                "north": { "texture": "#main", "uv": [ 2, 4, 2.5, 4.499999998137355 ] }, 
                "east":  { "texture": "#main", "uv": [ 2, 4, 2.5, 4.499999998137355 ] }, 
                "south": { "texture": "#main", "uv": [ 2, 4, 2.5, 4.499999998137355 ] }, 
                "west":  { "texture": "#main", "uv": [ 2, 4, 2.5, 4.499999998137355 ] }, 
                "up":    { "texture": "#main", "uv": [ 2, 4, 2.5, 4.5 ] }, 
                "down":  { "texture": "#main", "uv": [ 0, 6, 0.5, 6.5 ] }
            }
        }, 
        {
            "name": "tail", 
            "from": [ 7.300000004470348, 0, 14 ], 
            "to":   [ 10.699999995529652, 3.499999977648258, 17 ], 
            "faces": {
                "north": { "texture": "#main", "uv": [ 2, 4, 2.424999998882413, 4.437499997206032 ] }, 
                "east":  { "texture": "#main", "uv": [ 2, 4, 2.375, 4.437499997206032 ] }, 
                "south": { "texture": "#main", "uv": [ 2, 4, 2.424999998882413, 4.437499997206032 ] }, 
                "west":  { "texture": "#main", "uv": [ 2, 4, 2.375, 4.437499997206032 ] }, 
                "up":    { "texture": "#main", "uv": [ 2, 4, 2.424999998882413, 4.375 ] }, 
                "down":  { "texture": "#main", "uv": [ 0, 6, 0.4249999988824129, 6.375 ] }
            }
        }, 
        {
            "name": "tail 2", 
            "from": [ 6.699999995529652, 0, 17 ], 
            "to":   [ 9.299999989569187, 2.999999985098839, 21 ], 
            "faces": {
                "north": { "texture": "#main", "uv": [ 2, 4, 2.324999999254942, 4.374999998137355 ] }, 
                "east":  { "texture": "#main", "uv": [ 2, 4, 2.5, 4.374999998137355 ] }, 
                "south": { "texture": "#main", "uv": [ 2, 4, 2.324999999254942, 4.374999998137355 ] }, 
                "west":  { "texture": "#main", "uv": [ 2, 4, 2.5, 4.374999998137355 ] }, 
                "up":    { "texture": "#main", "uv": [ 2, 4, 2.324999999254942, 4.5 ] }, 
                "down":  { "texture": "#main", "uv": [ 0, 6, 0.32499999925494194, 6.5 ] }
            }
        }, 
        {
            "name": "tail tip", 
            "from": [ 6, 0, 21 ], 
            "to":   [ 8, 1.9999999850988388, 25 ], 
            "faces": {
                "north": { "texture": "#main", "uv": [ 2, 4, 2.25, 4.249999998137355 ] }, 
                "east":  { "texture": "#main", "uv": [ 2, 4, 2.5, 4.249999998137355 ] }, 
                "south": { "texture": "#main", "uv": [ 2, 4, 2.25, 4.249999998137355 ] }, 
                "west":  { "texture": "#main", "uv": [ 2, 4, 2.5, 4.249999998137355 ] }, 
                "up":    { "texture": "#main", "uv": [ 2, 4, 2.25, 4.5 ] }, 
                "down":  { "texture": "#main", "uv": [ 0, 6, 0.25, 6.5 ] }
            }
        }
    ],"display": {
    "thirdperson_lefthand": {"rotation": [ 30, 45, 0], "translation": [ 0, 0, 0 ], "scale": [ 0.4, 0.4, 0.4 ]},
    "thirdperson_righthand": {"rotation": [ 30, 45, 0], "translation": [ 0, 0, 0 ], "scale": [ 0.4, 0.4, 0.4 ]},
    "firstperson_lefthand": {"rotation": [ 0, 45, 0 ], "translation": [ 0, 1, 0 ], "scale": [ 0.4, 0.4, 0.4 ]},
    "firstperson_righthand": {"rotation": [ 0, 45, 0 ], "translation": [ 0, 1, 0 ], "scale": [ 0.4, 0.4, 0.4 ]},
    "gui": {"rotation": [ 30, 45, 0 ], "translation": [ 0, 0, 0 ], "scale": [ 0.65, 0.65, 0.65 ]},
    "ground": {"rotation": [ 0, 0, 180], "translation": [ 0, 0, 0 ], "scale":[1,1,1]},
    "head": { "translation": [ 0, -24, 0 ], "scale": [ 1.5, 1.5, 1.5 ]},
    "fixed": {"rotation": [ 0, 0, 0], "translation": [ 0, 0, 0 ], "scale":[1,1,1]}
}
}