{
	"credit": "Made with Blockbench, a free, modern block model editor by JannisX11",
	"textures": {
		"0": "mobs/shadow",
		"particle": "mobs/shadow"
	},
	"elements": [
		{
			"name": "head",
			"from": [4, 24, 4],
			"to": [12, 32, 12],
			"faces": {
				"north": {"uv": [0, 0, 8, 8], "texture": "#0"},
				"east": {"uv": [0, 0, 8, 8], "texture": "#0"},
				"south": {"uv": [0, 0, 8, 8], "texture": "#0"},
				"west": {"uv": [0, 0, 8, 8], "texture": "#0"},
				"up": {"uv": [0, 0, 8, 8], "texture": "#0"},
				"down": {"uv": [0, 0, 8, 8], "texture": "#0"}
			}
		},
		{
			"name": "body",
			"from": [4, 12, 6],
			"to": [12, 24, 10],
			"faces": {
				"north": {"uv": [0, 0, 8, 12], "texture": "#0"},
				"east": {"uv": [0, 0, 8, 12], "texture": "#0"},
				"south": {"uv": [0, 0, 8, 12], "texture": "#0"},
				"west": {"uv": [0, 0, 8, 12], "texture": "#0"},
				"up": {"uv": [0, 0, 8, 12], "texture": "#0"},
				"down": {"uv": [0, 0, 8, 12], "texture": "#0"}
			}
		},
		{
			"name": "R leg",
			"from": [4.1, 1, 6.6],
			"to": [8, 13, 10.6],
			"rotation": {"angle": -22.5, "axis": "x", "origin": [6, 11, 8.6]},
			"faces": {
				"north": {"uv": [0, 0, 3.9, 12], "texture": "#0"},
				"east": {"uv": [0, 0, 3.9, 12], "texture": "#0"},
				"south": {"uv": [0, 0, 3.9, 12], "texture": "#0"},
				"west": {"uv": [0, 0, 3.9, 12], "texture": "#0"},
				"up": {"uv": [0, 0, 3.9, 12], "texture": "#0"},
				"down": {"uv": [0, 0, 3.9, 12], "texture": "#0"}
			}
		},
		{
			"name": "L leg",
			"from": [8, 1, 6.6],
			"to": [11.9, 13, 10.6],
			"rotation": {"angle": -22.5, "axis": "x", "origin": [10, 11, 8.6]},
			"faces": {
				"north": {"uv": [0, 0, 3.9, 12], "texture": "#0"},
				"east": {"uv": [0, 0, 3.9, 12], "texture": "#0"},
				"south": {"uv": [0, 0, 3.9, 12], "texture": "#0"},
				"west": {"uv": [0, 0, 3.9, 12], "texture": "#0"},
				"up": {"uv": [0, 0, 3.9, 12], "texture": "#0"},
				"down": {"uv": [0, 0, 3.9, 12], "texture": "#0"}
			}
		},
		{
			"name": "L arm",
			"from": [12, 12, 6],
			"to": [16, 24, 10],
			"rotation": {"angle": 45, "axis": "x", "origin": [14, 22, 8]},
			"faces": {
				"north": {"uv": [0, 0, 4, 12], "texture": "#0"},
				"east": {"uv": [0, 0, 4, 12], "texture": "#0"},
				"south": {"uv": [0, 0, 4, 12], "texture": "#0"},
				"west": {"uv": [0, 0, 4, 12], "texture": "#0"},
				"up": {"uv": [0, 0, 4, 12], "texture": "#0"},
				"down": {"uv": [0, 0, 4, 12], "texture": "#0"}
			}
		},
		{
			"name": "R arm",
			"from": [0, 12, 6],
			"to": [4, 24, 10],
			"rotation": {"angle": 45, "axis": "x", "origin": [2, 22, 8]},
			"faces": {
				"north": {"uv": [0, 0, 4, 12], "texture": "#0"},
				"east": {"uv": [0, 0, 4, 12], "texture": "#0"},
				"south": {"uv": [0, 0, 4, 12], "texture": "#0"},
				"west": {"uv": [0, 0, 4, 12], "texture": "#0"},
				"up": {"uv": [0, 0, 4, 12], "texture": "#0"},
				"down": {"uv": [0, 0, 4, 12], "texture": "#0"}
			}
		}
	],
	"display": {
		"head": {
			"scale": [1.6, 1.6, 1.6],
			"translation": [0, -32, 0]
		}
	}
}