{
    "__comment": "Model generated using MrCrayfish's Model Creator (http://mrcrayfish.com/modelcreator/)",
    "textures": {
        "0": "mobs/skeleton_zombie"
    },
    "elements": [
        {
            "name": "head",
            "from": [ 4.0, 4.0, 4.0 ], 
            "to": [ 12.0, 12.0, 12.0 ], 
            "faces": {
                "north": { "texture": "#0", "uv": [ 4.0, 4.0, 8.0, 8.0 ] },
                "east": { "texture": "#0", "uv": [ 0.0, 0.0, 4.0, 4.0 ] },
                "south": { "texture": "#0", "uv": [ 4.0, 0.0, 8.0, 4.0 ] },
                "west": { "texture": "#0", "uv": [ 8.0, 4.0, 12.0, 8.0 ] },
                "up": { "texture": "#0", "uv": [ 8.0, 4.0, 12.0, 8.0 ] },
                "down": { "texture": "#0", "uv": [ 8.0, 0.0, 12.0, 4.0 ] }
            }
        },
        {
            "name": "skull",
            "from": [ 4.100000001490116, 4.100000001490116, 4.100000001490116 ], 
            "to": [ 11.899999998509884, 11.899999998509884, 11.899999998509884 ], 
            "faces": {
                "north": { "texture": "#0", "uv": [ 12.0, 4.0, 15.799999997019768, 7.799999997019768 ] },
                "east": { "texture": "#0", "uv": [ 12.0, 0.0, 15.799999997019768, 3.7999999970197678 ] },
                "south": { "texture": "#0", "uv": [ 12.0, 0.0, 15.799999997019768, 3.7999999970197678 ] },
                "west": { "texture": "#0", "uv": [ 12.0, 1.0, 15.799999997019768, 4.799999997019768 ] },
                "up": { "texture": "#0", "uv": [ 12.0, 0.0, 15.799999997019768, 3.7999999970197678 ] },
                "down": { "texture": "#0", "uv": [ 12.0, 0.0, 15.799999997019768, 3.7999999970197678 ] }
            }
        }
    ],
"display": {
    "head": {
        "rotation": [ 0, 0, 0 ],
        "translation": [ 0, 0, 0 ],
        "scale": [ 1.7, 1.7, 1.7 ]
    }
}
}