{
    "__comment": "Model animated using Fizzy's model animator - http://fizzy81.github.io/animated-models/", 
    "textures": {
        "main": "mobs/tree_golem_moving"
    }, 
    "elements": [
        {
            "name": "legs", 
            "from": [ 4, 0, 6.500000007450581 ], 
            "to":   [ 7, 8, 9.50000000745058 ], 
            "faces": {
                "north": { "texture": "#main", "uv": [ 0, 0, 0.75, 2 ] }, 
                "east":  { "texture": "#main", "uv": [ 0, 0, 0.875, 2 ] }, 
                "south": { "texture": "#main", "uv": [ 0, 0, 0.875, 2 ] }, 
                "west":  { "texture": "#main", "uv": [ 0, 0, 0.875, 2 ] }, 
                "up":    { "texture": "#main", "uv": [ 0, 0, 0.875, 0.875 ] }, 
                "down":  { "texture": "#main", "uv": [ 2.625, 0.625, 3.375, 1.375 ] }
            }
        }, 
        {
            "name": "torso", 
            "from": [ 5.200000002980232, 7.5999999940395355, 6 ], 
            "to":   [ 10.600000008940697, 10.599999994039536, 10 ], 
            "faces": {
                "north": { "texture": "#main", "uv": [ 4, 0, 5.425000000745058, 0.75 ] }, 
                "east":  { "texture": "#main", "uv": [ 4, 0, 5.375, 0.75 ] }, 
                "south": { "texture": "#main", "uv": [ 4, 0, 5.425000000745058, 0.75 ] }, 
                "west":  { "texture": "#main", "uv": [ 4, 0, 5.25, 0.875 ] }, 
                "up":    { "texture": "#main", "uv": [ 4, 0, 5.175000000745058, 0.875 ] }, 
                "down":  { "texture": "#main", "uv": [ 2.25, 0.5, 3.675000000745058, 1.5 ] }
            }
        }, 
        {
            "name": "chest", 
            "from": [ 3.5000000074505806, 10.299999989569187, 5.4000000059604645 ], 
            "to":   [ 12.50000000745058, 15.799999997019768, 10.400000005960464 ], 
            "faces": {
                "north": { "texture": "#main", "uv": [ 4, 0, 6, 1.1875000009313226 ] }, 
                "east":  { "texture": "#main", "uv": [ 4, 0, 5.5, 1.1875000009313226 ] }, 
                "south": { "texture": "#main", "uv": [ 4, 0, 6, 1.1875000009313226 ] }, 
                "west":  { "texture": "#main", "uv": [ 4, 0, 5.25, 1.0625000009313226 ] }, 
                "up":    { "texture": "#main", "uv": [ 4, 0, 6, 1.125 ] }, 
                "down":  { "texture": "#main", "uv": [ 2.25, 0.25, 3.75, 1.75 ] }
            }
        }, 
        {
            "name": "head", 
            "from": [ 6, 15.799999997019768, 4.899999998509884 ], 
            "to":   [ 10, 20.799999997019768, 8.899999998509884 ], 
            "faces": {
                "north": { "texture": "#main", "uv": [ 4, 0, 5, 1.25 ] }, 
                "east":  { "texture": "#main", "uv": [ 4, 0, 5, 1.25 ] }, 
                "south": { "texture": "#main", "uv": [ 4, 0, 5, 1.25 ] }, 
                "west":  { "texture": "#main", "uv": [ 4, 0, 5, 1.375 ] }, 
                "up":    { "texture": "#main", "uv": [ 2, 0, 4, 2 ] }, 
                "down":  { "texture": "#main", "uv": [ 2, 0, 4, 2 ] }
            }
        }, 
        {
            "name": "nose", 
            "from": [ 7.500000007450581, 15.300000004470348, 3.7999999970197678 ], 
            "to":   [ 8.50000000745058, 17.30000000447035, 4.799999997019768 ], 
            "faces": {
                "north": { "texture": "#main", "uv": [ 4, 0, 4.75, 1.125 ] }, 
                "east":  { "texture": "#main", "uv": [ 4, 0, 4.75, 1 ] }, 
                "south": { "texture": "#main", "uv": [ 4, 0, 4.75, 1.125 ] }, 
                "west":  { "texture": "#main", "uv": [ 4, 0, 4.75, 1.25 ] }, 
                "up":    { "texture": "#main", "uv": [ 4, 0, 4.875, 1 ] }, 
                "down":  { "texture": "#main", "uv": [ 4, 0, 4.75, 0.75 ] }
            }
        }, 
        {
            "name": "Cube", 
            "from": [ 9, 0, 6.500000007450581 ], 
            "to":   [ 12, 8, 9.50000000745058 ], 
            "faces": {
                "north": { "texture": "#main", "uv": [ 4, 0, 4.75, 2 ] }, 
                "east":  { "texture": "#main", "uv": [ 4, 0, 4.875, 2 ] }, 
                "south": { "texture": "#main", "uv": [ 4, 0, 4.875, 2 ] }, 
                "west":  { "texture": "#main", "uv": [ 4, 0, 4.875, 2 ] }, 
                "up":    { "texture": "#main", "uv": [ 4, 0, 4.875, 0.875 ] }, 
                "down":  { "texture": "#main", "uv": [ 2.625, 0.625, 3.375, 1.375 ] }
            }
        }, 
        {
            "name": "arm", 
            "from": [ 1.5000000074505806, 1.3000000044703484, 6.499999992549419 ], 
            "to":   [ 3.5000000074505806, 15.799999997019768, 9.49999999254942 ], 
            "faces": {
                "north": { "texture": "#main", "uv": [ 4, 0, 4.625, 1.9374999990686774 ] }, 
                "east":  { "texture": "#main", "uv": [ 4, 0, 4.625, 1.9374999990686774 ] }, 
                "south": { "texture": "#main", "uv": [ 4, 0, 4.625, 1.9374999990686774 ] }, 
                "west":  { "texture": "#main", "uv": [ 4, 0, 4.625, 1.9374999990686774 ] }, 
                "up":    { "texture": "#main", "uv": [ 2, 0, 4, 2 ] }, 
                "down":  { "texture": "#main", "uv": [ 2, 0, 4, 2 ] }
            }
        }, 
        {
            "name": "arm", 
            "from": [ 12.50000000745058, 1.3000000044703484, 6.499999992549419 ], 
            "to":   [ 14.50000000745058, 15.799999997019768, 9.49999999254942 ], 
            "faces": {
                "north": { "texture": "#main", "uv": [ 6.625, 0, 7.25, 1.9374999990686774 ] }, 
                "east":  { "texture": "#main", "uv": [ 7.25, 0, 7.875, 1.9374999990686774 ] }, 
                "south": { "texture": "#main", "uv": [ 6, 0, 6.625, 1.9374999990686774 ] }, 
                "west":  { "texture": "#main", "uv": [ 6.75, 0, 7.375, 1.9374999990686774 ] }, 
                "up":    { "texture": "#main", "uv": [ 2.25, 0.25, 3.75, 1.75 ] }, 
                "down":  { "texture": "#main", "uv": [ 2.25, 0.25, 3.75, 1.75 ] }
            }
        }, 
        {
            "name": "eye", 
            "from": [ 6.500000007450581, 17.30000000447035, 4.799999997019768 ], 
            "to":   [ 7.500000007450581, 18.30000000447035, 4.899999998509884 ], 
            "faces": {
                "north": { "texture": "#main", "uv": [ 0.375, 1.625, 0.625, 1.875 ] }, 
                "east":  { "texture": "#main", "uv": [ 0, 0, 0.012500000186264515, 0.125 ] }, 
                "south": { "texture": "#main", "uv": [ 0, 0, 0.125, 0.125 ] }, 
                "west":  { "texture": "#main", "uv": [ 0, 0, 0.012500000186264515, 0.125 ] }, 
                "up":    { "texture": "#main", "uv": [ 0, 0, 0.125, 0.012500000186264515 ] }, 
                "down":  { "texture": "#main", "uv": [ 0, 0, 0.125, 0.012500000186264515 ] }
            }
        }, 
        {
            "name": "eye", 
            "from": [ 8.50000000745058, 17.30000000447035, 4.799999997019768 ], 
            "to":   [ 9.50000000745058, 18.30000000447035, 4.899999998509884 ], 
            "faces": {
                "north": { "texture": "#main", "uv": [ 1.625, 1.625, 1.875, 1.875 ] }, 
                "east":  { "texture": "#main", "uv": [ 0, 0, 0.012500000186264515, 0.125 ] }, 
                "south": { "texture": "#main", "uv": [ 0, 0, 0.125, 0.125 ] }, 
                "west":  { "texture": "#main", "uv": [ 0, 0, 0.012500000186264515, 0.125 ] }, 
                "up":    { "texture": "#main", "uv": [ 0, 0, 0.125, 0.012500000186264515 ] }, 
                "down":  { "texture": "#main", "uv": [ 0, 0, 0.125, 0.012500000186264515 ] }
            }
        }, 
        {
            "name": "leaves", 
            "from": [ 1, 15, 5 ], 
            "to":   [ 5, 19, 9 ], 
            "faces": {
                "north": { "texture": "#main", "uv": [ 0, 2, 2, 4 ] }, 
                "east":  { "texture": "#main", "uv": [ 0, 2, 2, 4 ] }, 
                "south": { "texture": "#main", "uv": [ 0, 2, 2, 4 ] }, 
                "west":  { "texture": "#main", "uv": [ 0, 2, 2, 4 ] }, 
                "up":    { "texture": "#main", "uv": [ 0, 2, 2, 4 ] }, 
                "down":  { "texture": "#main", "uv": [ 0, 2, 2, 4 ] }
            }
        }, 
        {
            "name": "Cube", 
            "from": [ 3, 15, 8 ], 
            "to":   [ 7, 19, 12 ], 
            "faces": {
                "north": { "texture": "#main", "uv": [ 0, 2, 2, 4 ] }, 
                "east":  { "texture": "#main", "uv": [ 0, 2, 2, 4 ] }, 
                "south": { "texture": "#main", "uv": [ 0, 2, 2, 4 ] }, 
                "west":  { "texture": "#main", "uv": [ 0, 2, 2, 4 ] }, 
                "up":    { "texture": "#main", "uv": [ 0, 2, 2, 4 ] }, 
                "down":  { "texture": "#main", "uv": [ 0, 2, 2, 4 ] }
            }
        }, 
        {
            "name": "Cube", 
            "from": [ 3, 16, 6 ], 
            "to":   [ 7, 20, 10 ], 
            "faces": {
                "north": { "texture": "#main", "uv": [ 0, 2, 2, 4 ] }, 
                "east":  { "texture": "#main", "uv": [ 0, 2, 2, 4 ] }, 
                "south": { "texture": "#main", "uv": [ 0, 2, 2, 4 ] }, 
                "west":  { "texture": "#main", "uv": [ 0, 2, 2, 4 ] }, 
                "up":    { "texture": "#main", "uv": [ 0, 2, 2, 4 ] }, 
                "down":  { "texture": "#main", "uv": [ 0, 2, 2, 4 ] }
            }
        }, 
        {
            "name": "Cube", 
            "from": [ 9, 13, 7 ], 
            "to":   [ 13, 17, 11 ], 
            "faces": {
                "north": { "texture": "#main", "uv": [ 0, 2, 2, 4 ] }, 
                "east":  { "texture": "#main", "uv": [ 0, 2, 2, 4 ] }, 
                "south": { "texture": "#main", "uv": [ 0, 2, 2, 4 ] }, 
                "west":  { "texture": "#main", "uv": [ 0, 2, 2, 4 ] }, 
                "up":    { "texture": "#main", "uv": [ 0, 2, 2, 4 ] }, 
                "down":  { "texture": "#main", "uv": [ 0, 2, 2, 4 ] }
            }
        }, 
        {
            "name": "Cube", 
            "from": [ 12, 14.699999995529652, 6 ], 
            "to":   [ 16, 18.69999999552965, 10 ], 
            "faces": {
                "north": { "texture": "#main", "uv": [ 0, 2, 2, 4 ] }, 
                "east":  { "texture": "#main", "uv": [ 0, 2, 2, 4 ] }, 
                "south": { "texture": "#main", "uv": [ 0, 2, 2, 4 ] }, 
                "west":  { "texture": "#main", "uv": [ 0, 2, 2, 4 ] }, 
                "up":    { "texture": "#main", "uv": [ 0, 2, 2, 4 ] }, 
                "down":  { "texture": "#main", "uv": [ 0, 2, 2, 4 ] }
            }
        }, 
        {
            "name": "Cube", 
            "from": [ 7.500000007450581, 18.49999999254942, 5.799999997019768 ], 
            "to":   [ 11.50000000745058, 22.49999999254942, 9.799999997019768 ], 
            "faces": {
                "north": { "texture": "#main", "uv": [ 0, 2, 2, 4 ] }, 
                "east":  { "texture": "#main", "uv": [ 0, 2, 2, 4 ] }, 
                "south": { "texture": "#main", "uv": [ 0, 2, 2, 4 ] }, 
                "west":  { "texture": "#main", "uv": [ 0, 2, 2, 4 ] }, 
                "up":    { "texture": "#main", "uv": [ 0, 2, 2, 4 ] }, 
                "down":  { "texture": "#main", "uv": [ 0, 2, 2, 4 ] }
            }
        }, 
        {
            "name": "Cube", 
            "from": [ 5, 19.299999989569187, 3.9999999701976776 ], 
            "to":   [ 9, 23.299999989569187, 7.999999970197678 ], 
            "faces": {
                "north": { "texture": "#main", "uv": [ 0, 2, 2, 4 ] }, 
                "east":  { "texture": "#main", "uv": [ 0, 2, 2, 4 ] }, 
                "south": { "texture": "#main", "uv": [ 0, 2, 2, 4 ] }, 
                "west":  { "texture": "#main", "uv": [ 0, 2, 2, 4 ] }, 
                "up":    { "texture": "#main", "uv": [ 0, 2, 2, 4 ] }, 
                "down":  { "texture": "#main", "uv": [ 0, 2, 2, 4 ] }
            }
        }, 
        {
            "name": "legs", 
            "from": [ 4, 0, 6.5 ], 
            "to":   [ 7, 8, 9.5 ], 
            "rotation": { "angle": 22.5, "axis": "x", "origin": [5.5, 7, 8] }, 
            "faces": {
                "north": { "uv": [ 8, 0, 8.75, 2 ], "texture": "#main" }, 
                "east":  { "uv": [ 8, 0, 8.875, 2 ], "texture": "#main" }, 
                "south": { "uv": [ 8, 0, 8.875, 2 ], "texture": "#main" }, 
                "west":  { "uv": [ 8, 0, 8.875, 2 ], "texture": "#main" }, 
                "up":    { "uv": [ 8, 0, 8.875, 0.875 ], "texture": "#main" }, 
                "down":  { "uv": [ 10.625, 0.625, 11.375, 1.375 ], "texture": "#main" }
            }
        }, 
        {
            "name": "torso", 
            "from": [ 5.2, 7.6, 6 ], 
            "to":   [ 10.6, 10.6, 10 ], 
            "faces": {
                "north": { "uv": [ 12, 0, 13.425, 0.75 ], "texture": "#main" }, 
                "east":  { "uv": [ 12, 0, 13.375, 0.75 ], "texture": "#main" }, 
                "south": { "uv": [ 12, 0, 13.425, 0.75 ], "texture": "#main" }, 
                "west":  { "uv": [ 12, 0, 13.25, 0.875 ], "texture": "#main" }, 
                "up":    { "uv": [ 12, 0, 13.175, 0.875 ], "texture": "#main" }, 
                "down":  { "uv": [ 10.25, 0.5, 11.675, 1.5 ], "texture": "#main" }
            }
        }, 
        {
            "name": "chest", 
            "from": [ 3.5, 10.3, 5.4 ], 
            "to":   [ 12.5, 15.8, 10.4 ], 
            "faces": {
                "north": { "uv": [ 12, 0, 14, 1.1875 ], "texture": "#main" }, 
                "east":  { "uv": [ 12, 0, 13.5, 1.1875 ], "texture": "#main" }, 
                "south": { "uv": [ 12, 0, 14, 1.1875 ], "texture": "#main" }, 
                "west":  { "uv": [ 12, 0, 13.25, 1.0625 ], "texture": "#main" }, 
                "up":    { "uv": [ 12, 0, 14, 1.125 ], "texture": "#main" }, 
                "down":  { "uv": [ 10.25, 0.25, 11.75, 1.75 ], "texture": "#main" }
            }
        }, 
        {
            "name": "head", 
            "from": [ 6, 15.8, 4.9 ], 
            "to":   [ 10, 20.8, 8.9 ], 
            "faces": {
                "north": { "uv": [ 12, 0, 13, 1.25 ], "texture": "#main" }, 
                "east":  { "uv": [ 12, 0, 13, 1.25 ], "texture": "#main" }, 
                "south": { "uv": [ 12, 0, 13, 1.25 ], "texture": "#main" }, 
                "west":  { "uv": [ 12, 0, 13, 1.375 ], "texture": "#main" }, 
                "up":    { "uv": [ 10, 0, 12, 2 ], "texture": "#main" }, 
                "down":  { "uv": [ 10, 0, 12, 2 ], "texture": "#main" }
            }
        }, 
        {
            "name": "nose", 
            "from": [ 7.5, 15.3, 3.8 ], 
            "to":   [ 8.5, 17.3, 4.8 ], 
            "faces": {
                "north": { "uv": [ 12, 0, 12.75, 1.125 ], "texture": "#main" }, 
                "east":  { "uv": [ 12, 0, 12.75, 1 ], "texture": "#main" }, 
                "south": { "uv": [ 12, 0, 12.75, 1.125 ], "texture": "#main" }, 
                "west":  { "uv": [ 12, 0, 12.75, 1.25 ], "texture": "#main" }, 
                "up":    { "uv": [ 12, 0, 12.875, 1 ], "texture": "#main" }, 
                "down":  { "uv": [ 12, 0, 12.75, 0.75 ], "texture": "#main" }
            }
        }, 
        {
            "name": "Cube", 
            "from": [ 9, 0, 6.5 ], 
            "to":   [ 12, 8, 9.5 ], 
            "rotation": { "angle": -22.5, "axis": "x", "origin": [10.5, 7, 8] }, 
            "faces": {
                "north": { "uv": [ 12, 0, 12.75, 2 ], "texture": "#main" }, 
                "east":  { "uv": [ 12, 0, 12.875, 2 ], "texture": "#main" }, 
                "south": { "uv": [ 12, 0, 12.875, 2 ], "texture": "#main" }, 
                "west":  { "uv": [ 12, 0, 12.875, 2 ], "texture": "#main" }, 
                "up":    { "uv": [ 12, 0, 12.875, 0.875 ], "texture": "#main" }, 
                "down":  { "uv": [ 10.625, 0.625, 11.375, 1.375 ], "texture": "#main" }
            }
        }, 
        {
            "name": "arm", 
            "from": [ 1.5, 1.3, 6.5 ], 
            "to":   [ 3.5, 15.8, 9.5 ], 
            "faces": {
                "north": { "uv": [ 12, 0, 12.625, 1.9375 ], "texture": "#main" }, 
                "east":  { "uv": [ 12, 0, 12.625, 1.9375 ], "texture": "#main" }, 
                "south": { "uv": [ 12, 0, 12.625, 1.9375 ], "texture": "#main" }, 
                "west":  { "uv": [ 12, 0, 12.625, 1.9375 ], "texture": "#main" }, 
                "up":    { "uv": [ 10, 0, 12, 2 ], "texture": "#main" }, 
                "down":  { "uv": [ 10, 0, 12, 2 ], "texture": "#main" }
            }
        }, 
        {
            "name": "arm", 
            "from": [ 12.5, 1.3, 6.5 ], 
            "to":   [ 14.5, 15.8, 9.5 ], 
            "faces": {
                "north": { "uv": [ 14.625, 0, 15.25, 1.9375 ], "texture": "#main" }, 
                "east":  { "uv": [ 15.25, 0, 15.875, 1.9375 ], "texture": "#main" }, 
                "south": { "uv": [ 14, 0, 14.625, 1.9375 ], "texture": "#main" }, 
                "west":  { "uv": [ 14.75, 0, 15.375, 1.9375 ], "texture": "#main" }, 
                "up":    { "uv": [ 10.25, 0.25, 11.75, 1.75 ], "texture": "#main" }, 
                "down":  { "uv": [ 10.25, 0.25, 11.75, 1.75 ], "texture": "#main" }
            }
        }, 
        {
            "name": "eye", 
            "from": [ 6.5, 17.3, 4.8 ], 
            "to":   [ 7.5, 18.3, 4.9 ], 
            "faces": {
                "north": { "uv": [ 8.375, 1.625, 8.625, 1.875 ], "texture": "#main" }, 
                "east":  { "uv": [ 8, 0, 8.0125, 0.125 ], "texture": "#main" }, 
                "south": { "uv": [ 8, 0, 8.125, 0.125 ], "texture": "#main" }, 
                "west":  { "uv": [ 8, 0, 8.0125, 0.125 ], "texture": "#main" }, 
                "up":    { "uv": [ 8, 0, 8.125, 0.0125 ], "texture": "#main" }, 
                "down":  { "uv": [ 8, 0, 8.125, 0.0125 ], "texture": "#main" }
            }
        }, 
        {
            "name": "eye", 
            "from": [ 8.5, 17.3, 4.8 ], 
            "to":   [ 9.5, 18.3, 4.9 ], 
            "faces": {
                "north": { "uv": [ 9.625, 1.625, 9.875, 1.875 ], "texture": "#main" }, 
                "east":  { "uv": [ 8, 0, 8.0125, 0.125 ], "texture": "#main" }, 
                "south": { "uv": [ 8, 0, 8.125, 0.125 ], "texture": "#main" }, 
                "west":  { "uv": [ 8, 0, 8.0125, 0.125 ], "texture": "#main" }, 
                "up":    { "uv": [ 8, 0, 8.125, 0.0125 ], "texture": "#main" }, 
                "down":  { "uv": [ 8, 0, 8.125, 0.0125 ], "texture": "#main" }
            }
        }, 
        {
            "name": "leaves", 
            "from": [ 1, 15, 5 ], 
            "to":   [ 5, 19, 9 ], 
            "faces": {
                "north": { "uv": [ 8, 2, 10, 4 ], "texture": "#main" }, 
                "east":  { "uv": [ 8, 2, 10, 4 ], "texture": "#main" }, 
                "south": { "uv": [ 8, 2, 10, 4 ], "texture": "#main" }, 
                "west":  { "uv": [ 8, 2, 10, 4 ], "texture": "#main" }, 
                "up":    { "uv": [ 8, 2, 10, 4 ], "texture": "#main" }, 
                "down":  { "uv": [ 8, 2, 10, 4 ], "texture": "#main" }
            }
        }, 
        {
            "name": "Cube", 
            "from": [ 3, 15, 8 ], 
            "to":   [ 7, 19, 12 ], 
            "faces": {
                "north": { "uv": [ 8, 2, 10, 4 ], "texture": "#main" }, 
                "east":  { "uv": [ 8, 2, 10, 4 ], "texture": "#main" }, 
                "south": { "uv": [ 8, 2, 10, 4 ], "texture": "#main" }, 
                "west":  { "uv": [ 8, 2, 10, 4 ], "texture": "#main" }, 
                "up":    { "uv": [ 8, 2, 10, 4 ], "texture": "#main" }, 
                "down":  { "uv": [ 8, 2, 10, 4 ], "texture": "#main" }
            }
        }, 
        {
            "name": "Cube", 
            "from": [ 3, 16, 6 ], 
            "to":   [ 7, 20, 10 ], 
            "faces": {
                "north": { "uv": [ 8, 2, 10, 4 ], "texture": "#main" }, 
                "east":  { "uv": [ 8, 2, 10, 4 ], "texture": "#main" }, 
                "south": { "uv": [ 8, 2, 10, 4 ], "texture": "#main" }, 
                "west":  { "uv": [ 8, 2, 10, 4 ], "texture": "#main" }, 
                "up":    { "uv": [ 8, 2, 10, 4 ], "texture": "#main" }, 
                "down":  { "uv": [ 8, 2, 10, 4 ], "texture": "#main" }
            }
        }, 
        {
            "name": "Cube", 
            "from": [ 9, 13, 7 ], 
            "to":   [ 13, 17, 11 ], 
            "faces": {
                "north": { "uv": [ 8, 2, 10, 4 ], "texture": "#main" }, 
                "east":  { "uv": [ 8, 2, 10, 4 ], "texture": "#main" }, 
                "south": { "uv": [ 8, 2, 10, 4 ], "texture": "#main" }, 
                "west":  { "uv": [ 8, 2, 10, 4 ], "texture": "#main" }, 
                "up":    { "uv": [ 8, 2, 10, 4 ], "texture": "#main" }, 
                "down":  { "uv": [ 8, 2, 10, 4 ], "texture": "#main" }
            }
        }, 
        {
            "name": "Cube", 
            "from": [ 12, 14.7, 6 ], 
            "to":   [ 16, 18.7, 10 ], 
            "faces": {
                "north": { "uv": [ 8, 2, 10, 4 ], "texture": "#main" }, 
                "east":  { "uv": [ 8, 2, 10, 4 ], "texture": "#main" }, 
                "south": { "uv": [ 8, 2, 10, 4 ], "texture": "#main" }, 
                "west":  { "uv": [ 8, 2, 10, 4 ], "texture": "#main" }, 
                "up":    { "uv": [ 8, 2, 10, 4 ], "texture": "#main" }, 
                "down":  { "uv": [ 8, 2, 10, 4 ], "texture": "#main" }
            }
        }, 
        {
            "name": "Cube", 
            "from": [ 7.5, 18.5, 5.8 ], 
            "to":   [ 11.5, 22.5, 9.8 ], 
            "faces": {
                "north": { "uv": [ 8, 2, 10, 4 ], "texture": "#main" }, 
                "east":  { "uv": [ 8, 2, 10, 4 ], "texture": "#main" }, 
                "south": { "uv": [ 8, 2, 10, 4 ], "texture": "#main" }, 
                "west":  { "uv": [ 8, 2, 10, 4 ], "texture": "#main" }, 
                "up":    { "uv": [ 8, 2, 10, 4 ], "texture": "#main" }, 
                "down":  { "uv": [ 8, 2, 10, 4 ], "texture": "#main" }
            }
        }, 
        {
            "name": "Cube", 
            "from": [ 5, 19.3, 4 ], 
            "to":   [ 9, 23.3, 8 ], 
            "faces": {
                "north": { "uv": [ 8, 2, 10, 4 ], "texture": "#main" }, 
                "east":  { "uv": [ 8, 2, 10, 4 ], "texture": "#main" }, 
                "south": { "uv": [ 8, 2, 10, 4 ], "texture": "#main" }, 
                "west":  { "uv": [ 8, 2, 10, 4 ], "texture": "#main" }, 
                "up":    { "uv": [ 8, 2, 10, 4 ], "texture": "#main" }, 
                "down":  { "uv": [ 8, 2, 10, 4 ], "texture": "#main" }
            }
        }, 
        {
            "name": "legs", 
            "from": [ 4, 0, 6.5 ], 
            "to":   [ 7, 8, 9.5 ], 
            "rotation": { "angle": -22.5, "axis": "x", "origin": [5.5, 7, 8] }, 
            "faces": {
                "north": { "uv": [ 0, 8, 0.75, 10 ], "texture": "#main" }, 
                "east":  { "uv": [ 0, 8, 0.875, 10 ], "texture": "#main" }, 
                "south": { "uv": [ 0, 8, 0.875, 10 ], "texture": "#main" }, 
                "west":  { "uv": [ 0, 8, 0.875, 10 ], "texture": "#main" }, 
                "up":    { "uv": [ 0, 8, 0.875, 8.875 ], "texture": "#main" }, 
                "down":  { "uv": [ 2.625, 8.625, 3.375, 9.375 ], "texture": "#main" }
            }
        }, 
        {
            "name": "torso", 
            "from": [ 5.2, 7.6, 6 ], 
            "to":   [ 10.6, 10.6, 10 ], 
            "faces": {
                "north": { "uv": [ 4, 8, 5.425, 8.75 ], "texture": "#main" }, 
                "east":  { "uv": [ 4, 8, 5.375, 8.75 ], "texture": "#main" }, 
                "south": { "uv": [ 4, 8, 5.425, 8.75 ], "texture": "#main" }, 
                "west":  { "uv": [ 4, 8, 5.25, 8.875 ], "texture": "#main" }, 
                "up":    { "uv": [ 4, 8, 5.175, 8.875 ], "texture": "#main" }, 
                "down":  { "uv": [ 2.25, 8.5, 3.675, 9.5 ], "texture": "#main" }
            }
        }, 
        {
            "name": "chest", 
            "from": [ 3.5, 10.3, 5.4 ], 
            "to":   [ 12.5, 15.8, 10.4 ], 
            "faces": {
                "north": { "uv": [ 4, 8, 6, 9.1875 ], "texture": "#main" }, 
                "east":  { "uv": [ 4, 8, 5.5, 9.1875 ], "texture": "#main" }, 
                "south": { "uv": [ 4, 8, 6, 9.1875 ], "texture": "#main" }, 
                "west":  { "uv": [ 4, 8, 5.25, 9.0625 ], "texture": "#main" }, 
                "up":    { "uv": [ 4, 8, 6, 9.125 ], "texture": "#main" }, 
                "down":  { "uv": [ 2.25, 8.25, 3.75, 9.75 ], "texture": "#main" }
            }
        }, 
        {
            "name": "head", 
            "from": [ 6, 15.8, 4.9 ], 
            "to":   [ 10, 20.8, 8.9 ], 
            "faces": {
                "north": { "uv": [ 4, 8, 5, 9.25 ], "texture": "#main" }, 
                "east":  { "uv": [ 4, 8, 5, 9.25 ], "texture": "#main" }, 
                "south": { "uv": [ 4, 8, 5, 9.25 ], "texture": "#main" }, 
                "west":  { "uv": [ 4, 8, 5, 9.375 ], "texture": "#main" }, 
                "up":    { "uv": [ 2, 8, 4, 10 ], "texture": "#main" }, 
                "down":  { "uv": [ 2, 8, 4, 10 ], "texture": "#main" }
            }
        }, 
        {
            "name": "nose", 
            "from": [ 7.5, 15.3, 3.8 ], 
            "to":   [ 8.5, 17.3, 4.8 ], 
            "faces": {
                "north": { "uv": [ 4, 8, 4.75, 9.125 ], "texture": "#main" }, 
                "east":  { "uv": [ 4, 8, 4.75, 9 ], "texture": "#main" }, 
                "south": { "uv": [ 4, 8, 4.75, 9.125 ], "texture": "#main" }, 
                "west":  { "uv": [ 4, 8, 4.75, 9.25 ], "texture": "#main" }, 
                "up":    { "uv": [ 4, 8, 4.875, 9 ], "texture": "#main" }, 
                "down":  { "uv": [ 4, 8, 4.75, 8.75 ], "texture": "#main" }
            }
        }, 
        {
            "name": "Cube", 
            "from": [ 9, 0, 6.5 ], 
            "to":   [ 12, 8, 9.5 ], 
            "rotation": { "angle": 22.5, "axis": "x", "origin": [10.5, 7, 8] }, 
            "faces": {
                "north": { "uv": [ 4, 8, 4.75, 10 ], "texture": "#main" }, 
                "east":  { "uv": [ 4, 8, 4.875, 10 ], "texture": "#main" }, 
                "south": { "uv": [ 4, 8, 4.875, 10 ], "texture": "#main" }, 
                "west":  { "uv": [ 4, 8, 4.875, 10 ], "texture": "#main" }, 
                "up":    { "uv": [ 4, 8, 4.875, 8.875 ], "texture": "#main" }, 
                "down":  { "uv": [ 2.625, 8.625, 3.375, 9.375 ], "texture": "#main" }
            }
        }, 
        {
            "name": "arm", 
            "from": [ 1.5, 1.3, 6.5 ], 
            "to":   [ 3.5, 15.8, 9.5 ], 
            "faces": {
                "north": { "uv": [ 4, 8, 4.625, 9.9375 ], "texture": "#main" }, 
                "east":  { "uv": [ 4, 8, 4.625, 9.9375 ], "texture": "#main" }, 
                "south": { "uv": [ 4, 8, 4.625, 9.9375 ], "texture": "#main" }, 
                "west":  { "uv": [ 4, 8, 4.625, 9.9375 ], "texture": "#main" }, 
                "up":    { "uv": [ 2, 8, 4, 10 ], "texture": "#main" }, 
                "down":  { "uv": [ 2, 8, 4, 10 ], "texture": "#main" }
            }
        }, 
        {
            "name": "arm", 
            "from": [ 12.5, 1.3, 6.5 ], 
            "to":   [ 14.5, 15.8, 9.5 ], 
            "faces": {
                "north": { "uv": [ 6.625, 8, 7.25, 9.9375 ], "texture": "#main" }, 
                "east":  { "uv": [ 7.25, 8, 7.875, 9.9375 ], "texture": "#main" }, 
                "south": { "uv": [ 6, 8, 6.625, 9.9375 ], "texture": "#main" }, 
                "west":  { "uv": [ 6.75, 8, 7.375, 9.9375 ], "texture": "#main" }, 
                "up":    { "uv": [ 2.25, 8.25, 3.75, 9.75 ], "texture": "#main" }, 
                "down":  { "uv": [ 2.25, 8.25, 3.75, 9.75 ], "texture": "#main" }
            }
        }, 
        {
            "name": "eye", 
            "from": [ 6.5, 17.3, 4.8 ], 
            "to":   [ 7.5, 18.3, 4.9 ], 
            "faces": {
                "north": { "uv": [ 0.375, 9.625, 0.625, 9.875 ], "texture": "#main" }, 
                "east":  { "uv": [ 0, 8, 0.0125, 8.125 ], "texture": "#main" }, 
                "south": { "uv": [ 0, 8, 0.125, 8.125 ], "texture": "#main" }, 
                "west":  { "uv": [ 0, 8, 0.0125, 8.125 ], "texture": "#main" }, 
                "up":    { "uv": [ 0, 8, 0.125, 8.0125 ], "texture": "#main" }, 
                "down":  { "uv": [ 0, 8, 0.125, 8.0125 ], "texture": "#main" }
            }
        }, 
        {
            "name": "eye", 
            "from": [ 8.5, 17.3, 4.8 ], 
            "to":   [ 9.5, 18.3, 4.9 ], 
            "faces": {
                "north": { "uv": [ 1.625, 9.625, 1.875, 9.875 ], "texture": "#main" }, 
                "east":  { "uv": [ 0, 8, 0.0125, 8.125 ], "texture": "#main" }, 
                "south": { "uv": [ 0, 8, 0.125, 8.125 ], "texture": "#main" }, 
                "west":  { "uv": [ 0, 8, 0.0125, 8.125 ], "texture": "#main" }, 
                "up":    { "uv": [ 0, 8, 0.125, 8.0125 ], "texture": "#main" }, 
                "down":  { "uv": [ 0, 8, 0.125, 8.0125 ], "texture": "#main" }
            }
        }, 
        {
            "name": "leaves", 
            "from": [ 1, 15, 5 ], 
            "to":   [ 5, 19, 9 ], 
            "faces": {
                "north": { "uv": [ 0, 10, 2, 12 ], "texture": "#main" }, 
                "east":  { "uv": [ 0, 10, 2, 12 ], "texture": "#main" }, 
                "south": { "uv": [ 0, 10, 2, 12 ], "texture": "#main" }, 
                "west":  { "uv": [ 0, 10, 2, 12 ], "texture": "#main" }, 
                "up":    { "uv": [ 0, 10, 2, 12 ], "texture": "#main" }, 
                "down":  { "uv": [ 0, 10, 2, 12 ], "texture": "#main" }
            }
        }, 
        {
            "name": "Cube", 
            "from": [ 3, 15, 8 ], 
            "to":   [ 7, 19, 12 ], 
            "faces": {
                "north": { "uv": [ 0, 10, 2, 12 ], "texture": "#main" }, 
                "east":  { "uv": [ 0, 10, 2, 12 ], "texture": "#main" }, 
                "south": { "uv": [ 0, 10, 2, 12 ], "texture": "#main" }, 
                "west":  { "uv": [ 0, 10, 2, 12 ], "texture": "#main" }, 
                "up":    { "uv": [ 0, 10, 2, 12 ], "texture": "#main" }, 
                "down":  { "uv": [ 0, 10, 2, 12 ], "texture": "#main" }
            }
        }, 
        {
            "name": "Cube", 
            "from": [ 3, 16, 6 ], 
            "to":   [ 7, 20, 10 ], 
            "faces": {
                "north": { "uv": [ 0, 10, 2, 12 ], "texture": "#main" }, 
                "east":  { "uv": [ 0, 10, 2, 12 ], "texture": "#main" }, 
                "south": { "uv": [ 0, 10, 2, 12 ], "texture": "#main" }, 
                "west":  { "uv": [ 0, 10, 2, 12 ], "texture": "#main" }, 
                "up":    { "uv": [ 0, 10, 2, 12 ], "texture": "#main" }, 
                "down":  { "uv": [ 0, 10, 2, 12 ], "texture": "#main" }
            }
        }, 
        {
            "name": "Cube", 
            "from": [ 9, 13, 7 ], 
            "to":   [ 13, 17, 11 ], 
            "faces": {
                "north": { "uv": [ 0, 10, 2, 12 ], "texture": "#main" }, 
                "east":  { "uv": [ 0, 10, 2, 12 ], "texture": "#main" }, 
                "south": { "uv": [ 0, 10, 2, 12 ], "texture": "#main" }, 
                "west":  { "uv": [ 0, 10, 2, 12 ], "texture": "#main" }, 
                "up":    { "uv": [ 0, 10, 2, 12 ], "texture": "#main" }, 
                "down":  { "uv": [ 0, 10, 2, 12 ], "texture": "#main" }
            }
        }, 
        {
            "name": "Cube", 
            "from": [ 12, 14.7, 6 ], 
            "to":   [ 16, 18.7, 10 ], 
            "faces": {
                "north": { "uv": [ 0, 10, 2, 12 ], "texture": "#main" }, 
                "east":  { "uv": [ 0, 10, 2, 12 ], "texture": "#main" }, 
                "south": { "uv": [ 0, 10, 2, 12 ], "texture": "#main" }, 
                "west":  { "uv": [ 0, 10, 2, 12 ], "texture": "#main" }, 
                "up":    { "uv": [ 0, 10, 2, 12 ], "texture": "#main" }, 
                "down":  { "uv": [ 0, 10, 2, 12 ], "texture": "#main" }
            }
        }, 
        {
            "name": "Cube", 
            "from": [ 7.5, 18.5, 5.8 ], 
            "to":   [ 11.5, 22.5, 9.8 ], 
            "faces": {
                "north": { "uv": [ 0, 10, 2, 12 ], "texture": "#main" }, 
                "east":  { "uv": [ 0, 10, 2, 12 ], "texture": "#main" }, 
                "south": { "uv": [ 0, 10, 2, 12 ], "texture": "#main" }, 
                "west":  { "uv": [ 0, 10, 2, 12 ], "texture": "#main" }, 
                "up":    { "uv": [ 0, 10, 2, 12 ], "texture": "#main" }, 
                "down":  { "uv": [ 0, 10, 2, 12 ], "texture": "#main" }
            }
        }, 
        {
            "name": "Cube", 
            "from": [ 5, 19.3, 4 ], 
            "to":   [ 9, 23.3, 8 ], 
            "faces": {
                "north": { "uv": [ 0, 10, 2, 12 ], "texture": "#main" }, 
                "east":  { "uv": [ 0, 10, 2, 12 ], "texture": "#main" }, 
                "south": { "uv": [ 0, 10, 2, 12 ], "texture": "#main" }, 
                "west":  { "uv": [ 0, 10, 2, 12 ], "texture": "#main" }, 
                "up":    { "uv": [ 0, 10, 2, 12 ], "texture": "#main" }, 
                "down":  { "uv": [ 0, 10, 2, 12 ], "texture": "#main" }
            }
        }
    ], 
    "display": {
        "thirdperson_lefthand": {
            "rotation": [ 30, 45, 0 ], 
            "translation": [ 0, 0, 0 ], 
            "scale": [ 0.4, 0.4, 0.4 ]
        }, 
        "thirdperson_righthand": {
            "rotation": [ 30, 45, 0 ], 
            "translation": [ 0, 0, 0 ], 
            "scale": [ 0.4, 0.4, 0.4 ]
        }, 
        "firstperson_lefthand": {
            "rotation": [ 0, 45, 0 ], 
            "translation": [ 0, 1, 0 ], 
            "scale": [ 0.4, 0.4, 0.4 ]
        }, 
        "firstperson_righthand": {
            "rotation": [ 0, 45, 0 ], 
            "translation": [ 0, 1, 0 ], 
            "scale": [ 0.4, 0.4, 0.4 ]
        }, 
        "gui": {
            "rotation": [ 30, 45, 0 ], 
            "translation": [ 0, 0, 0 ], 
            "scale": [ 0.65, 0.65, 0.65 ]
        }, 
        "ground": {
            "rotation": [ 0, 0, 180 ], 
            "translation": [ 0, 0, 0 ], 
            "scale": [ 1, 1, 1 ]
        }, 
        "head": {
            "translation": [ 0, -13, 0 ], 
            "scale": [ 4, 4, 4 ]
        }, 
        "fixed": {
            "rotation": [ 0, 0, 0 ], 
            "translation": [ 0, 0, 0 ], 
            "scale": [ 1, 1, 1 ]
        }
    }
}