{
	"credit": "Made with Blockbench, a free, modern block model editor by JannisX11",
	"textures": {
		"1": "mobs/troll",
		"particle": "mobs/troll"
	},
	"elements": [
		{
			"name": "head",
			"from": [5.5, 18, 1.5],
			"to": [10.5, 23, 6.5],
			"faces": {
				"north": {"uv": [0, 12, 4, 16], "texture": "#1"},
				"east": {"uv": [4, 12, 8, 16], "texture": "#1"},
				"south": {"uv": [4, 12, 8, 16], "texture": "#1"},
				"west": {"uv": [4, 12, 8, 16], "texture": "#1"},
				"up": {"uv": [4, 12, 8, 16], "texture": "#1"},
				"down": {"uv": [4, 12, 8, 16], "texture": "#1"}
			}
		},
		{
			"name": "chest",
			"from": [4, 14, 6],
			"to": [12, 19, 10],
			"rotation": {"angle": -22.5, "axis": "x", "origin": [8, 14, 8]},
			"faces": {
				"north": {"uv": [8, 8, 16, 13], "texture": "#1"},
				"east": {"uv": [4, 5.5, 8, 10.5], "texture": "#1"},
				"south": {"uv": [8, 3, 16, 8], "texture": "#1"},
				"west": {"uv": [0, 0.5, 4, 5.5], "texture": "#1"},
				"up": {"uv": [0, 8, 8, 12], "texture": "#1", "rotation": 180},
				"down": {"uv": [0, 12, 8, 16], "texture": "#1"}
			}
		},
		{
			"name": "torso",
			"from": [5, 10, 7.25],
			"to": [11, 14.25, 10.5],
			"rotation": {"angle": -22.5, "axis": "x", "origin": [8, 12, 9]},
			"faces": {
				"north": {"uv": [1, 2.5, 7, 6.75], "texture": "#1"},
				"east": {"uv": [3, 2.5, 6.25, 6.75], "texture": "#1"},
				"south": {"uv": [1, 2.5, 7, 6.75], "texture": "#1"},
				"west": {"uv": [2.5, 2.5, 5.75, 6.75], "texture": "#1"},
				"up": {"uv": [0, 0, 6, 3.25], "texture": "#1"},
				"down": {"uv": [1, 5, 7, 6.75], "texture": "#1"}
			}
		},
		{
			"name": "cloth",
			"from": [5, 8, 7.5],
			"to": [11, 11, 11.1],
			"faces": {
				"north": {"uv": [9, 0, 15, 3], "texture": "#1"},
				"east": {"uv": [15.5, 1.5, 16, 2], "texture": "#1"},
				"south": {"uv": [9, 0, 15, 3], "texture": "#1"},
				"west": {"uv": [15.5, 1, 16, 1.5], "texture": "#1"},
				"up": {"uv": [15.5, 0.5, 16, 1], "texture": "#1"},
				"down": {"uv": [15.5, 1, 16, 1.5], "texture": "#1"}
			}
		},
		{
			"name": "upper arm",
			"from": [11, 12, 6],
			"to": [13, 18, 8],
			"rotation": {"angle": 22.5, "axis": "z", "origin": [12, 17, 7]},
			"faces": {
				"north": {"uv": [6, 5, 8, 11], "texture": "#1"},
				"east": {"uv": [6, 5, 8, 11], "texture": "#1"},
				"south": {"uv": [6, 5, 8, 11], "texture": "#1"},
				"west": {"uv": [2.5, 5, 4.5, 11], "texture": "#1"},
				"up": {"uv": [6, 5, 8, 7], "texture": "#1"},
				"down": {"uv": [0, 14, 2, 16], "texture": "#1"}
			}
		},
		{
			"name": "lower arm",
			"from": [13, 7.25, 6],
			"to": [15, 13.25, 8],
			"rotation": {"angle": 45, "axis": "x", "origin": [14, 12.25, 7]},
			"faces": {
				"north": {"uv": [3, 2, 5, 8], "texture": "#1"},
				"east": {"uv": [1, 2, 3, 8], "texture": "#1"},
				"south": {"uv": [0, 2, 2, 8], "texture": "#1"},
				"west": {"uv": [5, 2, 7, 8], "texture": "#1"},
				"up": {"uv": [0, 0, 2, 2], "texture": "#1"},
				"down": {"uv": [0, 0, 2, 2], "texture": "#1"}
			}
		},
		{
			"name": "upper arm",
			"from": [3, 12, 6],
			"to": [5, 18, 8],
			"rotation": {"angle": -22.5, "axis": "z", "origin": [4, 17, 7]},
			"faces": {
				"north": {"uv": [4.5, 10, 6.5, 16], "texture": "#1"},
				"east": {"uv": [4.5, 10, 6.5, 16], "texture": "#1"},
				"south": {"uv": [4.5, 10, 6.5, 16], "texture": "#1"},
				"west": {"uv": [4.5, 10, 6.5, 16], "texture": "#1"},
				"up": {"uv": [4.5, 14, 6.5, 16], "texture": "#1"},
				"down": {"uv": [4.5, 14, 6.5, 16], "texture": "#1"}
			}
		},
		{
			"name": "lower arm",
			"from": [1, 7.25, 6],
			"to": [3, 13.25, 8],
			"rotation": {"angle": 45, "axis": "x", "origin": [2, 12.25, 7]},
			"faces": {
				"north": {"uv": [4.5, 10, 6.5, 16], "texture": "#1"},
				"east": {"uv": [4.5, 10, 6.5, 16], "texture": "#1"},
				"south": {"uv": [4.5, 10, 6.5, 16], "texture": "#1"},
				"west": {"uv": [4.5, 10, 6.5, 16], "texture": "#1"},
				"up": {"uv": [4.5, 14, 6.5, 16], "texture": "#1"},
				"down": {"uv": [4.5, 14, 6.5, 16], "texture": "#1"}
			}
		},
		{
			"name": "R foot",
			"from": [9, 0, 7],
			"to": [10.9, 1, 10.1],
			"faces": {
				"north": {"uv": [0, 0, 1.9, 1], "texture": "#1"},
				"east": {"uv": [0, 0, 3.1, 1], "texture": "#1"},
				"south": {"uv": [0, 0, 1.9, 1], "texture": "#1"},
				"west": {"uv": [0, 0, 3.1, 1], "texture": "#1"},
				"up": {"uv": [0, 0, 1.9, 3.1], "texture": "#1"},
				"down": {"uv": [0, 0, 1.9, 3.1], "texture": "#1"}
			}
		},
		{
			"name": "lower leg",
			"from": [9, 0.25, 7],
			"to": [10.9, 6.25, 9],
			"rotation": {"angle": -22.5, "axis": "x", "origin": [10, 3.25, 8]},
			"faces": {
				"north": {"uv": [3.5, 2, 5.4, 8], "texture": "#1"},
				"east": {"uv": [5, 2, 7, 8], "texture": "#1"},
				"south": {"uv": [2.5, 2, 4.4, 8], "texture": "#1"},
				"west": {"uv": [0, 2, 2, 8], "texture": "#1"},
				"up": {"uv": [0, 14, 1.9, 16], "texture": "#1"},
				"down": {"uv": [0, 14, 1.9, 16], "texture": "#1"}
			}
		},
		{
			"name": "upper leg",
			"from": [9, 5, 7],
			"to": [10.9, 11, 9],
			"rotation": {"angle": 22.5, "axis": "x", "origin": [10, 8, 8]},
			"faces": {
				"north": {"uv": [4, 10, 5.9, 16], "texture": "#1"},
				"east": {"uv": [4, 10, 6, 16], "texture": "#1"},
				"south": {"uv": [4, 10, 5.9, 16], "texture": "#1"},
				"west": {"uv": [4, 10, 6, 16], "texture": "#1"},
				"up": {"uv": [4, 14, 5.9, 16], "texture": "#1"},
				"down": {"uv": [4, 14, 5.9, 16], "texture": "#1"}
			}
		},
		{
			"name": "upper leg",
			"from": [5.1, 5, 7],
			"to": [7, 11, 9],
			"rotation": {"angle": 22.5, "axis": "x", "origin": [6, 8, 8]},
			"faces": {
				"north": {"uv": [4.5, 10, 6.4, 16], "texture": "#1"},
				"east": {"uv": [4.5, 10, 6.5, 16], "texture": "#1"},
				"south": {"uv": [4.5, 10, 6.4, 16], "texture": "#1"},
				"west": {"uv": [4.5, 10, 6.5, 16], "texture": "#1"},
				"up": {"uv": [4.5, 14, 6.4, 16], "texture": "#1"},
				"down": {"uv": [4.5, 14, 6.4, 16], "texture": "#1"}
			}
		},
		{
			"name": "lower leg",
			"from": [5.1, 0.25, 7],
			"to": [7, 6.25, 9],
			"rotation": {"angle": -22.5, "axis": "x", "origin": [6, 3.25, 8]},
			"faces": {
				"north": {"uv": [3.5, 2, 5.4, 8], "texture": "#1"},
				"east": {"uv": [5, 2, 7, 8], "texture": "#1"},
				"south": {"uv": [2.5, 2, 4.4, 8], "texture": "#1"},
				"west": {"uv": [0, 2, 2, 8], "texture": "#1"},
				"up": {"uv": [0, 14, 1.9, 16], "texture": "#1"},
				"down": {"uv": [0, 14, 1.9, 16], "texture": "#1"}
			}
		},
		{
			"name": "L foot",
			"from": [5.1, 0, 7],
			"to": [7, 1, 10.1],
			"faces": {
				"north": {"uv": [0, 0, 1.9, 1], "texture": "#1"},
				"east": {"uv": [0, 0, 3.1, 1], "texture": "#1"},
				"south": {"uv": [0, 0, 1.9, 1], "texture": "#1"},
				"west": {"uv": [0, 0, 3.1, 1], "texture": "#1"},
				"up": {"uv": [0, 0, 1.9, 3.1], "texture": "#1"},
				"down": {"uv": [0, 0, 1.9, 3.1], "texture": "#1"}
			}
		}
	],
	"display": {
		"head": {
			"scale": [1.6, 1.6, 1.6],
			"translation": [0, -32, 0]
		}
	},
	"groups": [
		{
			"name": "body",
			"isOpen": true,
			"shade": true,
			"display": {
				"visibility": true,
				"autouv": true
			},
			"children": [0, 1, 2, 3]
		},
		{
			"name": "R arm",
			"isOpen": true,
			"shade": true,
			"display": {
				"visibility": true,
				"autouv": true
			},
			"children": [4, 5]
		},
		{
			"name": "L arm",
			"isOpen": true,
			"shade": true,
			"display": {
				"visibility": true,
				"autouv": true
			},
			"children": [6, 7]
		},
		{
			"name": "R leg",
			"isOpen": true,
			"shade": true,
			"display": {
				"visibility": true,
				"autouv": true
			},
			"children": [8, 9, 10]
		},
		{
			"name": "L leg",
			"isOpen": true,
			"shade": true,
			"display": {
				"visibility": true,
				"autouv": true
			},
			"children": [11, 12, 13]
		}
	]
}