{
	"credit": "Made with Blockbench, a free, modern block model editor by JannisX11",
	"textures": {
		"0": "mobs/cave_dweller",
		"particle": "mobs/cave_dweller"
	},
	"elements": [
		{
			"name": "mask",
			"from": [3.9, 23.8, 3.8],
			"to": [12.1, 32, 12.1],
			"faces": {
				"north": {"uv": [12, 2, 14, 4], "texture": "#0"},
				"east": {"uv": [3.75, 8.25, 5.75, 10.25], "texture": "#0"},
				"south": {"uv": [14, 0, 16, 2], "texture": "#0"},
				"west": {"uv": [14, 2, 16, 4], "texture": "#0"},
				"up": {"uv": [12, 0, 14, 2], "texture": "#0"},
				"down": {"uv": [4, 0, 6, 2], "texture": "#0"}
			}
		},
		{
			"name": "head",
			"from": [4, 23.9, 4],
			"to": [12, 31.9, 12],
			"faces": {
				"north": {"uv": [2, 2, 4, 4], "texture": "#0"},
				"east": {"uv": [0, 2, 2, 4], "texture": "#0"},
				"south": {"uv": [0, 0, 2, 2], "texture": "#0"},
				"west": {"uv": [4.25, 2, 6.25, 4], "texture": "#0"},
				"up": {"uv": [2, 0, 4, 2], "texture": "#0"},
				"down": {"uv": [4, 0, 6, 2], "texture": "#0"}
			}
		},
		{
			"name": "body",
			"from": [4, 12, 6],
			"to": [12, 24, 10],
			"faces": {
				"north": {"uv": [5, 5, 7, 8], "texture": "#0"},
				"east": {"uv": [4, 5, 5, 8], "texture": "#0"},
				"south": {"uv": [8, 5, 10, 8], "texture": "#0"},
				"west": {"uv": [7, 5, 8, 8], "texture": "#0"},
				"up": {"uv": [5, 4, 7, 5], "texture": "#0"},
				"down": {"uv": [7, 4, 9, 5], "texture": "#0"}
			}
		},
		{
			"name": "R leg",
			"from": [4, 0, 6],
			"to": [8, 12, 10],
			"rotation": {"angle": 0, "axis": "x", "origin": [6, 10, 8]},
			"faces": {
				"north": {"uv": [1, 5, 2, 8], "texture": "#0"},
				"east": {"uv": [2, 5, 3, 8], "texture": "#0"},
				"south": {"uv": [3, 5, 4, 8], "texture": "#0"},
				"west": {"uv": [0, 5, 1, 8], "texture": "#0"},
				"up": {"uv": [1, 4, 2, 5], "texture": "#0"},
				"down": {"uv": [2.25, 7.5, 3, 8], "texture": "#0"}
			}
		},
		{
			"name": "L leg",
			"from": [8, 0, 6],
			"to": [12, 12, 10],
			"faces": {
				"north": {"uv": [1, 5, 2, 8], "texture": "#0"},
				"east": {"uv": [0, 5, 1, 8], "texture": "#0"},
				"south": {"uv": [3, 5, 4, 8], "texture": "#0"},
				"west": {"uv": [0, 5, 1, 8], "texture": "#0"},
				"up": {"uv": [1, 4, 2, 5], "texture": "#0"},
				"down": {"uv": [2.25, 7.5, 3, 8], "texture": "#0"}
			}
		},
		{
			"name": "L arm",
			"from": [12, 20, -2],
			"to": [16, 24, 10],
			"rotation": {"angle": 0, "axis": "x", "origin": [14, 22, 8]},
			"faces": {
				"north": {"uv": [8, 0, 9, 1], "texture": "#0", "rotation": 180},
				"east": {"uv": [7, 1, 8, 4], "texture": "#0", "rotation": 270},
				"south": {"uv": [7, 0, 8, 1], "texture": "#0", "rotation": 180},
				"west": {"uv": [6, 1, 7, 4], "texture": "#0", "rotation": 90},
				"up": {"uv": [7, 1, 8, 4], "texture": "#0", "rotation": 180},
				"down": {"uv": [9, 1, 10, 4], "texture": "#0"}
			}
		},
		{
			"name": "L arm mask",
			"from": [11.9, 19.9, -2.2],
			"to": [16.1, 24.1, 10.1],
			"rotation": {"angle": 0, "axis": "x", "origin": [14, 22, 8]},
			"faces": {
				"north": {"uv": [13.75, 5.75, 14.75, 6.75], "texture": "#0", "rotation": 180},
				"east": {"uv": [15, 4.25, 16, 7.25], "texture": "#0", "rotation": 270},
				"south": {"uv": [6, 0, 7, 1], "texture": "#0", "rotation": 180},
				"west": {"uv": [12, 4.25, 13, 7.25], "texture": "#0", "rotation": 90},
				"up": {"uv": [14, 4.25, 15, 7.25], "texture": "#0", "rotation": 180},
				"down": {"uv": [13, 4.25, 14, 7.25], "texture": "#0"}
			}
		},
		{
			"name": "R arm",
			"from": [0, 20, -2],
			"to": [4, 24, 10],
			"rotation": {"angle": 0, "axis": "x", "origin": [2, 22, 8]},
			"faces": {
				"north": {"uv": [8, 0, 9, 1], "texture": "#0", "rotation": 180},
				"east": {"uv": [8, 1, 9, 4], "texture": "#0", "rotation": 270},
				"south": {"uv": [7, 0, 8, 1], "texture": "#0", "rotation": 180},
				"west": {"uv": [7, 1, 8, 4], "texture": "#0", "rotation": 90},
				"up": {"uv": [7, 1, 8, 4], "texture": "#0", "rotation": 180},
				"down": {"uv": [9, 1, 10, 4], "texture": "#0"}
			}
		},
		{
			"name": "R arm mask",
			"from": [-0.1, 19.9, -2.1],
			"to": [4.1, 24.1, 10.2],
			"rotation": {"angle": 0, "axis": "x", "origin": [2, 22, 8]},
			"faces": {
				"north": {"uv": [9, 0, 10, 1], "texture": "#0", "rotation": 180},
				"east": {"uv": [13.25, 7.5, 14.25, 10.5], "texture": "#0", "rotation": 270},
				"south": {"uv": [6.25, 8.5, 7.25, 9.5], "texture": "#0", "rotation": 180},
				"west": {"uv": [12, 7.5, 13, 10.5], "texture": "#0", "rotation": 90},
				"up": {"uv": [14.25, 7.5, 15.25, 10.5], "texture": "#0", "rotation": 180},
				"down": {"uv": [15, 7.5, 16, 10.5], "texture": "#0"}
			}
		}
	],
	"display": {
		"head": {
			"scale": [1.6, 1.6, 1.6],
			"translation": [0, -32, 0]
		}
	}
}