{
    "__comment": "Model generated using MrCrayfish's Model Creator (http://mrcrayfish.com/modelcreator/)",
    "textures": {
        "0": "mobs/skeleton_chest",
        "1": "mobs/skeleton_head"
    },
    "elements": [
        {
            "name": "body",
            "from": [ 4.0, 14.0, 5.0 ], 
            "to": [ 12.0, 22.0, 9.0 ], 
            "faces": {
                "north": { "texture": "#0", "uv": [ 4.0, 0.0, 12.0, 8.0 ] },
                "east": { "texture": "#0", "uv": [ 12.0, 0.0, 16.0, 8.0 ] },
                "south": { "texture": "#0", "uv": [ 4.0, 0.0, 12.0, 8.0 ] },
                "west": { "texture": "#0", "uv": [ 0.0, 0.0, 4.0, 8.0 ] },
                "up": { "texture": "#0", "uv": [ 5.0, 5.0, 11.0, 7.0 ] },
                "down": { "texture": "#0", "uv": [ 5.0, 5.0, 11.0, 7.0 ] }
            }
        },
        {
            "name": "head",
            "from": [ 4.0, 22.0, 3.0 ], 
            "to": [ 12.0, 30.0, 11.0 ], 
            "faces": {
                "north": { "texture": "#1", "uv": [ 0.0, 0.0, 8.0, 8.0 ] },
                "east": { "texture": "#1", "uv": [ 8.0, 8.0, 16.0, 16.0 ] },
                "south": { "texture": "#1", "uv": [ 0.0, 8.0, 8.0, 16.0 ] },
                "west": { "texture": "#1", "uv": [ 8.0, 0.0, 16.0, 8.0 ] },
                "up": { "texture": "#1", "uv": [ 0.0, 8.0, 8.0, 16.0 ] },
                "down": { "texture": "#1", "uv": [ 8.0, 8.0, 16.0, 16.0 ] }
            }
        },
        {
            "name": "hair",
            "from": [ 4.0, 30.0, 4.0 ], 
            "to": [ 12.0, 30.49999999254942, 11.0 ], 
            "faces": {
                "north": { "texture": "#0", "uv": [ 0.0, 8.0, 8.0, 8.49999999254942 ] },
                "east": { "texture": "#0", "uv": [ 1.0, 9.0, 8.0, 9.49999999254942 ] },
                "south": { "texture": "#0", "uv": [ 1.0, 10.0, 9.0, 10.49999999254942 ] },
                "west": { "texture": "#0", "uv": [ 2.0, 10.0, 9.0, 10.49999999254942 ] },
                "up": { "texture": "#0", "uv": [ 0.0, 9.0, 8.0, 16.0 ] },
                "down": { "texture": "#0", "uv": [ 0.0, 8.0, 8.0, 15.0 ] }
            }
        },
        {
            "name": "hair",
            "from": [ 4.0, 22.200000002980232, 11.0 ], 
            "to": [ 8.0, 30.200000002980232, 12.0 ], 
            "faces": {
                "north": { "texture": "#0", "uv": [ 0.0, 8.0, 4.0, 16.0 ] },
                "east": { "texture": "#0", "uv": [ 0.0, 8.0, 1.0, 16.0 ] },
                "south": { "texture": "#0", "uv": [ 0.0, 8.0, 4.0, 16.0 ] },
                "west": { "texture": "#0", "uv": [ 0.0, 8.0, 1.0, 16.0 ] },
                "up": { "texture": "#0", "uv": [ 0.0, 8.0, 4.0, 9.0 ] },
                "down": { "texture": "#0", "uv": [ 0.0, 9.0, 4.0, 10.0 ] }
            }
        },
        {
            "name": "hair",
            "from": [ 4.0, 14.200000002980232, 11.0 ], 
            "to": [ 6.0, 22.200000002980232, 12.0 ], 
            "faces": {
                "north": { "texture": "#0", "uv": [ 0.0, 8.0, 2.0, 16.0 ] },
                "east": { "texture": "#0", "uv": [ 0.0, 8.0, 1.0, 16.0 ] },
                "south": { "texture": "#0", "uv": [ 0.0, 8.0, 2.0, 16.0 ] },
                "west": { "texture": "#0", "uv": [ 0.0, 8.0, 1.0, 16.0 ] },
                "up": { "texture": "#0", "uv": [ 0.0, 8.0, 2.0, 9.0 ] },
                "down": { "texture": "#0", "uv": [ 0.0, 9.0, 2.0, 10.0 ] }
            }
        },
        {
            "name": "hair",
            "from": [ 4.0, 10.200000002980232, 11.0 ], 
            "to": [ 6.0, 14.200000002980232, 12.0 ], 
            "faces": {
                "north": { "texture": "#0", "uv": [ 0.0, 8.0, 2.0, 12.0 ] },
                "east": { "texture": "#0", "uv": [ 0.0, 8.0, 1.0, 12.0 ] },
                "south": { "texture": "#0", "uv": [ 0.0, 8.0, 2.0, 12.0 ] },
                "west": { "texture": "#0", "uv": [ 0.0, 8.0, 1.0, 12.0 ] },
                "up": { "texture": "#0", "uv": [ 0.0, 8.0, 2.0, 9.0 ] },
                "down": { "texture": "#0", "uv": [ 0.0, 9.0, 2.0, 10.0 ] }
            }
        },
        {
            "name": "lock1",
            "from": [ 5.0, 21.200000002980232, 12.0 ], 
            "to": [ 7.0, 29.200000002980232, 13.0 ], 
            "faces": {
                "north": { "texture": "#0", "uv": [ 0.0, 8.0, 2.0, 16.0 ] },
                "east": { "texture": "#0", "uv": [ 0.0, 8.0, 1.0, 16.0 ] },
                "south": { "texture": "#0", "uv": [ 0.0, 8.0, 2.0, 16.0 ] },
                "west": { "texture": "#0", "uv": [ 0.0, 8.0, 1.0, 16.0 ] },
                "up": { "texture": "#0", "uv": [ 0.0, 8.0, 2.0, 9.0 ] },
                "down": { "texture": "#0", "uv": [ 0.0, 9.0, 2.0, 10.0 ] }
            }
        },
        {
            "name": "Cube",
            "from": [ 5.0, 13.200000002980232, 12.0 ], 
            "to": [ 7.0, 21.200000002980232, 13.0 ], 
            "faces": {
                "north": { "texture": "#0", "uv": [ 0.0, 8.0, 2.0, 16.0 ] },
                "east": { "texture": "#0", "uv": [ 0.0, 8.0, 1.0, 16.0 ] },
                "south": { "texture": "#0", "uv": [ 0.0, 8.0, 2.0, 16.0 ] },
                "west": { "texture": "#0", "uv": [ 0.0, 8.0, 1.0, 16.0 ] },
                "up": { "texture": "#0", "uv": [ 0.0, 8.0, 2.0, 9.0 ] },
                "down": { "texture": "#0", "uv": [ 0.0, 9.0, 2.0, 10.0 ] }
            }
        },
        {
            "name": "Cube",
            "from": [ 5.0, 9.600000008940697, 12.0 ], 
            "to": [ 7.0, 13.200000002980232, 13.0 ], 
            "faces": {
                "north": { "texture": "#0", "uv": [ 0.0, 8.0, 2.0, 11.599999994039536 ] },
                "east": { "texture": "#0", "uv": [ 0.0, 8.0, 1.0, 11.599999994039536 ] },
                "south": { "texture": "#0", "uv": [ 0.0, 8.0, 2.0, 11.599999994039536 ] },
                "west": { "texture": "#0", "uv": [ 0.0, 8.0, 1.0, 11.599999994039536 ] },
                "up": { "texture": "#0", "uv": [ 0.0, 8.0, 2.0, 9.0 ] },
                "down": { "texture": "#0", "uv": [ 0.0, 9.0, 2.0, 10.0 ] }
            }
        },
        {
            "name": "lock2",
            "from": [ 9.0, 21.200000002980232, 12.0 ], 
            "to": [ 11.0, 29.200000002980232, 13.0 ], 
            "faces": {
                "north": { "texture": "#0", "uv": [ 0.0, 8.0, 2.0, 16.0 ] },
                "east": { "texture": "#0", "uv": [ 0.0, 8.0, 1.0, 16.0 ] },
                "south": { "texture": "#0", "uv": [ 0.0, 8.0, 2.0, 16.0 ] },
                "west": { "texture": "#0", "uv": [ 0.0, 8.0, 1.0, 16.0 ] },
                "up": { "texture": "#0", "uv": [ 0.0, 8.0, 2.0, 9.0 ] },
                "down": { "texture": "#0", "uv": [ 0.0, 9.0, 2.0, 10.0 ] }
            }
        },
        {
            "name": "Cube",
            "from": [ 9.0, 13.200000002980232, 12.0 ], 
            "to": [ 11.0, 21.200000002980232, 13.0 ], 
            "faces": {
                "north": { "texture": "#0", "uv": [ 0.0, 8.0, 2.0, 16.0 ] },
                "east": { "texture": "#0", "uv": [ 0.0, 8.0, 1.0, 16.0 ] },
                "south": { "texture": "#0", "uv": [ 0.0, 8.0, 2.0, 16.0 ] },
                "west": { "texture": "#0", "uv": [ 0.0, 8.0, 1.0, 16.0 ] },
                "up": { "texture": "#0", "uv": [ 0.0, 8.0, 2.0, 9.0 ] },
                "down": { "texture": "#0", "uv": [ 0.0, 9.0, 2.0, 10.0 ] }
            }
        },
        {
            "name": "Cube",
            "from": [ 9.0, 9.899999998509884, 12.0 ], 
            "to": [ 11.0, 13.200000002980232, 13.0 ], 
            "faces": {
                "north": { "texture": "#0", "uv": [ 0.0, 8.0, 2.0, 11.300000004470348 ] },
                "east": { "texture": "#0", "uv": [ 0.0, 8.0, 1.0, 11.300000004470348 ] },
                "south": { "texture": "#0", "uv": [ 0.0, 8.0, 2.0, 11.300000004470348 ] },
                "west": { "texture": "#0", "uv": [ 0.0, 8.0, 1.0, 11.300000004470348 ] },
                "up": { "texture": "#0", "uv": [ 0.0, 8.0, 2.0, 9.0 ] },
                "down": { "texture": "#0", "uv": [ 0.0, 9.0, 2.0, 10.0 ] }
            }
        },
        {
            "name": "lock3",
            "from": [ 7.0, 21.200000002980232, 12.0 ], 
            "to": [ 9.0, 29.200000002980232, 13.50000000745058 ], 
            "faces": {
                "north": { "texture": "#0", "uv": [ 0.0, 8.0, 2.0, 16.0 ] },
                "east": { "texture": "#0", "uv": [ 0.0, 8.0, 1.5000000074505806, 16.0 ] },
                "south": { "texture": "#0", "uv": [ 0.0, 8.0, 2.0, 16.0 ] },
                "west": { "texture": "#0", "uv": [ 0.0, 8.0, 1.5000000074505806, 16.0 ] },
                "up": { "texture": "#0", "uv": [ 0.0, 8.0, 2.0, 9.50000000745058 ] },
                "down": { "texture": "#0", "uv": [ 0.0, 9.0, 2.0, 10.50000000745058 ] }
            }
        },
        {
            "name": "Cube",
            "from": [ 7.0, 13.200000002980232, 12.0 ], 
            "to": [ 9.0, 21.200000002980232, 13.50000000745058 ], 
            "faces": {
                "north": { "texture": "#0", "uv": [ 0.0, 8.0, 2.0, 16.0 ] },
                "east": { "texture": "#0", "uv": [ 0.0, 8.0, 1.5000000074505806, 16.0 ] },
                "south": { "texture": "#0", "uv": [ 0.0, 8.0, 2.0, 16.0 ] },
                "west": { "texture": "#0", "uv": [ 0.0, 8.0, 1.5000000074505806, 16.0 ] },
                "up": { "texture": "#0", "uv": [ 0.0, 8.0, 2.0, 9.50000000745058 ] },
                "down": { "texture": "#0", "uv": [ 0.0, 9.0, 2.0, 10.50000000745058 ] }
            }
        },
        {
            "name": "Cube",
            "from": [ 7.0, 8.899999998509884, 12.0 ], 
            "to": [ 9.0, 13.400000005960464, 13.50000000745058 ], 
            "faces": {
                "north": { "texture": "#0", "uv": [ 0.0, 8.0, 2.0, 12.50000000745058 ] },
                "east": { "texture": "#0", "uv": [ 0.0, 8.0, 1.5000000074505806, 12.50000000745058 ] },
                "south": { "texture": "#0", "uv": [ 0.0, 8.0, 2.0, 12.50000000745058 ] },
                "west": { "texture": "#0", "uv": [ 0.0, 8.0, 1.5000000074505806, 12.50000000745058 ] },
                "up": { "texture": "#0", "uv": [ 0.0, 8.0, 2.0, 9.50000000745058 ] },
                "down": { "texture": "#0", "uv": [ 0.0, 9.0, 2.0, 10.50000000745058 ] }
            }
        },
        {
            "name": "lock4",
            "from": [ 7.0, 30.00000001490116, 4.500000007450581 ], 
            "to": [ 9.0, 31.00000001490116, 11.50000000745058 ], 
            "faces": {
                "north": { "texture": "#0", "uv": [ 0.0, 8.0, 2.0, 9.0 ] },
                "east": { "texture": "#0", "uv": [ 1.0, 9.0, 8.0, 10.0 ] },
                "south": { "texture": "#0", "uv": [ 1.0, 10.0, 3.0, 11.0 ] },
                "west": { "texture": "#0", "uv": [ 2.0, 10.0, 9.0, 11.0 ] },
                "up": { "texture": "#0", "uv": [ 0.0, 9.0, 2.0, 16.0 ] },
                "down": { "texture": "#0", "uv": [ 0.0, 9.0, 2.0, 16.0 ] }
            }
        },
        {
            "name": "Cube",
            "from": [ 7.0, 28.80000001192093, 12.0 ], 
            "to": [ 9.0, 29.80000001192093, 13.50000000745058 ], 
            "faces": {
                "north": { "texture": "#0", "uv": [ 0.0, 8.0, 2.0, 9.0 ] },
                "east": { "texture": "#0", "uv": [ 0.0, 8.0, 1.5000000074505806, 9.0 ] },
                "south": { "texture": "#0", "uv": [ 0.0, 8.0, 2.0, 9.0 ] },
                "west": { "texture": "#0", "uv": [ 0.0, 8.0, 1.5000000074505806, 9.0 ] },
                "up": { "texture": "#0", "uv": [ 0.0, 8.0, 2.0, 9.50000000745058 ] },
                "down": { "texture": "#0", "uv": [ 0.0, 9.0, 2.0, 10.50000000745058 ] }
            }
        },
        {
            "name": "Cube",
            "from": [ 8.0, 22.200000002980232, 11.0 ], 
            "to": [ 12.0, 30.200000002980232, 12.0 ], 
            "faces": {
                "north": { "texture": "#0", "uv": [ 0.0, 8.0, 4.0, 16.0 ] },
                "east": { "texture": "#0", "uv": [ 0.0, 8.0, 1.0, 16.0 ] },
                "south": { "texture": "#0", "uv": [ 0.0, 8.0, 4.0, 16.0 ] },
                "west": { "texture": "#0", "uv": [ 0.0, 8.0, 1.0, 16.0 ] },
                "up": { "texture": "#0", "uv": [ 0.0, 8.0, 4.0, 9.0 ] },
                "down": { "texture": "#0", "uv": [ 0.0, 9.0, 4.0, 10.0 ] }
            }
        },
        {
            "name": "Cube",
            "from": [ 10.0, 14.200000002980232, 11.0 ], 
            "to": [ 12.0, 22.200000002980232, 12.0 ], 
            "faces": {
                "north": { "texture": "#0", "uv": [ 0.0, 8.0, 2.0, 16.0 ] },
                "east": { "texture": "#0", "uv": [ 0.0, 8.0, 1.0, 16.0 ] },
                "south": { "texture": "#0", "uv": [ 0.0, 8.0, 2.0, 16.0 ] },
                "west": { "texture": "#0", "uv": [ 0.0, 8.0, 1.0, 16.0 ] },
                "up": { "texture": "#0", "uv": [ 0.0, 8.0, 2.0, 9.0 ] },
                "down": { "texture": "#0", "uv": [ 0.0, 9.0, 2.0, 10.0 ] }
            }
        },
        {
            "name": "Cube",
            "from": [ 10.0, 10.200000002980232, 11.0 ], 
            "to": [ 12.0, 14.200000002980232, 12.0 ], 
            "faces": {
                "north": { "texture": "#0", "uv": [ 0.0, 8.0, 2.0, 12.0 ] },
                "east": { "texture": "#0", "uv": [ 0.0, 8.0, 1.0, 12.0 ] },
                "south": { "texture": "#0", "uv": [ 0.0, 8.0, 2.0, 12.0 ] },
                "west": { "texture": "#0", "uv": [ 0.0, 8.0, 1.0, 12.0 ] },
                "up": { "texture": "#0", "uv": [ 0.0, 8.0, 2.0, 9.0 ] },
                "down": { "texture": "#0", "uv": [ 0.0, 9.0, 2.0, 10.0 ] }
            }
        }
    ],"display": {
    "thirdperson_lefthand": {"rotation": [ 90, 0, 0 ], "translation": [ -5, -3, -3 ], "scale": [ 1.1, 1.1, 1.1 ]},
    "thirdperson_righthand": {"rotation": [ 30, 45, 0], "translation": [ 0, 0, 0 ], "scale": [ 0.4, 0.4, 0.4 ]},
    "firstperson_lefthand": {"rotation": [ 0, 45, 0 ], "translation": [ 0, 1, 0 ], "scale": [ 0.4, 0.4, 0.4 ]},
    "firstperson_righthand": {"rotation": [ 0, 45, 0 ], "translation": [ 0, 1, 0 ], "scale": [ 0.4, 0.4, 0.4 ]},
    "gui": {"rotation": [ 30, 45, 0 ], "translation": [ 0, 0, 0 ], "scale": [ 0.65, 0.65, 0.65 ]},
    "ground": {"rotation": [ 0, 0, 0], "translation": [ 0, 0, 0 ], "scale":[2,2,2]},
    "head": { "translation": [ 0, -30, 1.6 ], "scale": [ 1.7, 1.7, 1.7 ]},
    "fixed": {"rotation": [ 0, 0, 0], "translation": [ 0, 0, 0 ], "scale":[2,2,2]}
}
}