{
    "__comment": "Model generated using MrCrayfish's Model Creator (http://mrcrayfish.com/modelcreator/)",
    "textures": {
        "0": "mobs/death_skull"
    },
    "elements": [
        {
            "name": "head",
            "from": [ 4.0, 4.0, 4.0 ], 
            "to": [ 12.0, 12.0, 12.0 ], 
            "faces": {
                "north": { "texture": "#0", "uv": [ 4.0, 4.0, 8.0, 8.0 ] },
                "east": { "texture": "#0", "uv": [ 0.0, 4.0, 4.0, 8.0 ] },
                "south": { "texture": "#0", "uv": [ 12.0, 4.0, 16.0, 8.0 ] },
                "west": { "texture": "#0", "uv": [ 8.0, 4.0, 12.0, 8.0 ] },
                "up": { "texture": "#0", "uv": [ 4.0, 0.0, 8.0, 4.0 ] },
                "down": { "texture": "#0", "uv": [ 2.0, 14.0, 6.0, 11.0 ] }
            }
        },
        {
            "name": "chest",
            "from": [ 4.0, -3.0, 6.0 ], 
            "to": [ 12.0, 4.0, 10.0 ], 
            "faces": {
                "north": { "texture": "#0", "uv": [ 1.0, 11.0, 7.0, 15.0 ] },
                "east": { "texture": "#0", "uv": [ 7.0, 11.0, 9.0, 15.0 ] },
                "south": { "texture": "#0", "uv": [ 8.0, 11.0, 12.0, 15.0 ] },
                "west": { "texture": "#0", "uv": [ 0.0, 11.0, 2.0, 15.0 ] },
                "up": { "texture": "#0", "uv": [ 12.0, 1.0, 16.0, 3.0 ] },
                "down": { "texture": "#0", "uv": [ 13.0, 1.0, 16.0, 4.0 ] }
            }
        }
    ],"display": {
    "thirdperson_lefthand": {"rotation": [ 90, 0, 0 ], "translation": [ -5, -3, -3 ], "scale": [ 1.1, 1.1, 1.1 ]},
    "thirdperson_righthand": {"rotation": [ 30, 45, 0], "translation": [ 0, 0, 0 ], "scale": [ 0.4, 0.4, 0.4 ]},
    "firstperson_lefthand": {"rotation": [ 0, 45, 0 ], "translation": [ 0, 1, 0 ], "scale": [ 0.4, 0.4, 0.4 ]},
    "firstperson_righthand": {"rotation": [ 0, 45, 0 ], "translation": [ 0, 1, 0 ], "scale": [ 0.4, 0.4, 0.4 ]},
    "gui": {"rotation": [ 30, 45, 0 ], "translation": [ 0, 0, 0 ], "scale": [ 0.65, 0.65, 0.65 ]},
    "ground": {"rotation": [ 0, 0, 0], "translation": [ 0, 0, 0 ], "scale":[2,2,2]},
    "head": { "translation": [ 0, 0, 1.6 ], "scale": [ 1.7, 1.7, 1.7 ]},
    "fixed": {"rotation": [ 0, 0, 0], "translation": [ 0, 0, 0 ], "scale":[2,2,2]}
}
}