{
    "credit": "Made with Blockbench,  a free,  modern block model editor by JannisX11", 
    "textures": {
        "main": "mobs/druid_spell2"
    }, 
    "elements": [
        {
            "name": "hood", 
            "from": [ 3.9, 23.8, 2 ], 
            "to":   [ 12.1, 32, 10 ], 
            "faces": {
                "north": { "uv": [ 0.5, 0.5, 0.75, 0.75 ], "texture": "#main" }, 
                "east":  { "uv": [ 0.75, 0.75, 1, 1 ], "texture": "#main" }, 
                "south": { "uv": [ 0.75, 0.75, 1, 1 ], "texture": "#main" }, 
                "west":  { "uv": [ 0.75, 0.75, 1, 1 ], "texture": "#main" }, 
                "up":    { "uv": [ 0.75, 0.5, 1, 0.75 ], "texture": "#main" }, 
                "down":  { "uv": [ 0.5, 0.75, 0.75, 1 ], "texture": "#main", "rotation":180 }
            }
        }, 
        {
            "name": "head", 
            "from": [ 4.25, 31, 2.35 ], 
            "to":   [ 11.75, 31.9, 9.65 ], 
            "faces": {
                "north": { "uv": [ 0.25, 0.28125, 0.46875, 0.33125 ], "texture": "#main" }, 
                "east":  { "uv": [ 0.25, 0.28125, 0.46875, 0.33125 ], "texture": "#main" }, 
                "south": { "uv": [ 0.25, 0.28125, 0.46875, 0.33125 ], "texture": "#main" }, 
                "west":  { "uv": [ 0.25, 0.28125, 0.46875, 0.33125 ], "texture": "#main" }, 
                "up":    { "uv": [ 0.25, 0.125, 0.46875, 0.33125 ], "texture": "#main" }, 
                "down":  { "uv": [ 0.25, 0.125, 0.46875, 0.33125 ], "texture": "#main" }
            }
        }, 
        {
            "name": "head", 
            "from": [ 4, 24, 2.1 ], 
            "to":   [ 12, 30.9, 9.9 ], 
            "faces": {
                "north": { "uv": [ 0.09375, 0.03125, 0.15625, 0.09375 ], "texture": "#main" }, 
                "east":  { "uv": [ 0.09375, 0.03125, 0.15625, 0.09375 ], "texture": "#main" }, 
                "south": { "uv": [ 0.09375, 0.03125, 0.15625, 0.09375 ], "texture": "#main" }, 
                "west":  { "uv": [ 0.09375, 0.03125, 0.15625, 0.09375 ], "texture": "#main" }, 
                "up":    { "uv": [ 0.25, 0.09375, 0.5, 0.34375 ], "texture": "#main" }, 
                "down":  { "uv": [ 0.09375, 0.03125, 0.15625, 0.09375 ], "texture": "#main" }
            }
        }, 
        {
            "name": "body", 
            "from": [ 4, 12, 4 ], 
            "to":   [ 12, 24, 8 ], 
            "faces": {
                "north": { "uv": [ 0, 0.125, 0.25, 0.5 ], "texture": "#main" }, 
                "east":  { "uv": [ 0.375, 0.125, 0.5, 0.5 ], "texture": "#main" }, 
                "south": { "uv": [ 0.25, 0.125, 0.5, 0.5 ], "texture": "#main" }, 
                "west":  { "uv": [ 0.25, 0.125, 0.375, 0.5 ], "texture": "#main" }, 
                "up":    { "uv": [ 0, 0, 0.25, 0.125 ], "texture": "#main" }, 
                "down":  { "uv": [ 0.25, 0.09375, 0.5, 0.21875 ], "texture": "#main" }
            }
        }, 
        {
            "name": "L arm", 
            "from": [ 12, 12, 4 ], 
            "to":   [ 16, 24, 8 ], 
            "rotation": { "angle": 0, "axis": "x", "origin": [14, 22, 6] }, 
            "faces": {
                "north": { "uv": [ 0.375, 0.65625, 0.5, 1 ], "texture": "#main" }, 
                "east":  { "uv": [ 0, 0.65625, 0.125, 1 ], "texture": "#main" }, 
                "south": { "uv": [ 0.375, 0.65625, 0.5, 1 ], "texture": "#main" }, 
                "west":  { "uv": [ 0.125, 0.65625, 0.25, 1 ], "texture": "#main" }, 
                "up":    { "uv": [ 0.25, 0.09375, 0.375, 0.21875 ], "texture": "#main" }, 
                "down":  { "uv": [ 0.90625, 0.40625, 0.96875, 0.46875 ], "texture": "#main" }
            }
        }, 
        {
            "name": "R arm", 
            "from": [ 0, 12, 4 ], 
            "to":   [ 4, 24, 8 ], 
            "rotation": { "angle": 0, "axis": "x", "origin": [2, 22, 6] }, 
            "faces": {
                "north": { "uv": [ 0.375, 0.65625, 0.5, 1 ], "texture": "#main" }, 
                "east":  { "uv": [ 0, 0.65625, 0.125, 1 ], "texture": "#main" }, 
                "south": { "uv": [ 0.375, 0.65625, 0.5, 1 ], "texture": "#main" }, 
                "west":  { "uv": [ 0.125, 0.65625, 0.25, 1 ], "texture": "#main" }, 
                "up":    { "uv": [ 0.25, 0.09375, 0.375, 0.21875 ], "texture": "#main" }, 
                "down":  { "uv": [ 0.90625, 0.40625, 0.96875, 0.46875 ], "texture": "#main" }
            }
        }, 
        {
            "name": "robe", 
            "from": [ 4, 0, 4 ], 
            "to":   [ 12, 12, 8 ], 
            "rotation": { "angle": 0, "axis": "x", "origin": [6, 9, 6] }, 
            "faces": {
                "north": { "uv": [ 0.75, 0, 1, 0.375 ], "texture": "#main" }, 
                "east":  { "uv": [ 0, 0.625, 0.125, 1 ], "texture": "#main" }, 
                "south": { "uv": [ 0.25, 0.625, 0.5, 1 ], "texture": "#main" }, 
                "west":  { "uv": [ 0, 0.625, 0.125, 1 ], "texture": "#main" }, 
                "up":    { "uv": [ 0.25, 0.125, 0.5, 0.25 ], "texture": "#main" }, 
                "down":  { "uv": [ 0.25, 0.34375, 0.5, 0.46875 ], "texture": "#main" }
            }
        }, 
        {
            "name": "robe", 
            "from": [ 4, 0, 8 ], 
            "to":   [ 12, 2, 13 ], 
            "rotation": { "angle": 0, "axis": "x", "origin": [6, 9, 10] }, 
            "faces": {
                "north": { "uv": [ 0, 0.9375, 0.28125, 1 ], "texture": "#main" }, 
                "east":  { "uv": [ 0, 0.9375, 0.1875, 1 ], "texture": "#main" }, 
                "south": { "uv": [ 0, 0.9375, 0.28125, 1 ], "texture": "#main" }, 
                "west":  { "uv": [ 0, 0.9375, 0.28125, 1 ], "texture": "#main" }, 
                "up":    { "uv": [ 0, 0.78125, 0.28125, 0.9375 ], "texture": "#main" }, 
                "down":  { "uv": [ 0, 0.75, 0.28125, 0.90625 ], "texture": "#main" }
            }
        }, 
        {
            "name": "robe", 
            "from": [ 4, 2, 8 ], 
            "to":   [ 12, 4, 10 ], 
            "rotation": { "angle": 0, "axis": "x", "origin": [6, 11, 10] }, 
            "faces": {
                "north": { "uv": [ 0, 0.875, 0.28125, 0.9375 ], "texture": "#main" }, 
                "east":  { "uv": [ 0, 0.875, 0.0625, 0.9375 ], "texture": "#main" }, 
                "south": { "uv": [ 0, 0.875, 0.28125, 0.9375 ], "texture": "#main" }, 
                "west":  { "uv": [ 0, 0.875, 0.0625, 0.9375 ], "texture": "#main" }, 
                "up":    { "uv": [ 0, 0.875, 0.28125, 0.9375 ], "texture": "#main" }, 
                "down":  { "uv": [ 0, 0.875, 0.28125, 0.9375 ], "texture": "#main" }
            }
        }, 
        {
            "name": "robe", 
            "from": [ 5, 4, 8 ], 
            "to":   [ 11, 10, 9 ], 
            "rotation": { "angle": 0, "axis": "x", "origin": [6, 13, 10] }, 
            "faces": {
                "north": { "uv": [ 0.0625, 0.53125, 0.25, 0.71875 ], "texture": "#main" }, 
                "east":  { "uv": [ 0.0625, 0.53125, 0.09375, 0.71875 ], "texture": "#main" }, 
                "south": { "uv": [ 0.0625, 0.53125, 0.25, 0.71875 ], "texture": "#main" }, 
                "west":  { "uv": [ 0.0625, 0.53125, 0.09375, 0.71875 ], "texture": "#main" }, 
                "up":    { "uv": [ 0.0625, 0.53125, 0.25, 0.5625 ], "texture": "#main" }, 
                "down":  { "uv": [ 0.0625, 0.6875, 0.25, 0.71875 ], "texture": "#main" }
            }
        }, 
        {
            "name": "hood", 
            "from": [ 3.9, 23.8, 2 ], 
            "to":   [ 12.1, 32, 10 ], 
            "faces": {
                "north": { "uv": [ 6, 2, 7, 3 ], "texture": "#main" }, 
                "east":  { "uv": [ 7, 3, 8, 4 ], "texture": "#main" }, 
                "south": { "uv": [ 7, 3, 8, 4 ], "texture": "#main" }, 
                "west":  { "uv": [ 7, 3, 8, 4 ], "texture": "#main" }, 
                "up":    { "uv": [ 7, 2, 8, 3 ], "texture": "#main" }, 
                "down":  { "uv": [ 6, 3, 7, 4 ], "texture": "#main", "rotation":180 }
            }
        }, 
        {
            "name": "head", 
            "from": [ 4.25, 31, 2.35 ], 
            "to":   [ 11.75, 31.9, 9.65 ], 
            "faces": {
                "north": { "uv": [ 5, 1.125, 5.875, 1.325 ], "texture": "#main" }, 
                "east":  { "uv": [ 5, 1.125, 5.875, 1.325 ], "texture": "#main" }, 
                "south": { "uv": [ 5, 1.125, 5.875, 1.325 ], "texture": "#main" }, 
                "west":  { "uv": [ 5, 1.125, 5.875, 1.325 ], "texture": "#main" }, 
                "up":    { "uv": [ 5, 0.5, 5.875, 1.325 ], "texture": "#main" }, 
                "down":  { "uv": [ 5, 0.5, 5.875, 1.325 ], "texture": "#main" }
            }
        }, 
        {
            "name": "head", 
            "from": [ 4, 24, 2.1 ], 
            "to":   [ 12, 30.9, 9.9 ], 
            "faces": {
                "north": { "uv": [ 4.375, 0.125, 4.625, 0.375 ], "texture": "#main" }, 
                "east":  { "uv": [ 4.375, 0.125, 4.625, 0.375 ], "texture": "#main" }, 
                "south": { "uv": [ 4.375, 0.125, 4.625, 0.375 ], "texture": "#main" }, 
                "west":  { "uv": [ 4.375, 0.125, 4.625, 0.375 ], "texture": "#main" }, 
                "up":    { "uv": [ 5, 0.375, 6, 1.375 ], "texture": "#main" }, 
                "down":  { "uv": [ 4.375, 0.125, 4.625, 0.375 ], "texture": "#main" }
            }
        }, 
        {
            "name": "body", 
            "from": [ 4, 12, 4 ], 
            "to":   [ 12, 24, 8 ], 
            "faces": {
                "north": { "uv": [ 4, 0.5, 5, 2 ], "texture": "#main" }, 
                "east":  { "uv": [ 5.5, 0.5, 6, 2 ], "texture": "#main" }, 
                "south": { "uv": [ 5, 0.5, 6, 2 ], "texture": "#main" }, 
                "west":  { "uv": [ 5, 0.5, 5.5, 2 ], "texture": "#main" }, 
                "up":    { "uv": [ 4, 0, 5, 0.5 ], "texture": "#main" }, 
                "down":  { "uv": [ 5, 0.375, 6, 0.875 ], "texture": "#main" }
            }
        }, 
        {
            "name": "L arm", 
            "from": [ 12, 12, 4 ], 
            "to":   [ 16, 24, 8 ], 
            "rotation": { "angle": 22.5, "axis": "z", "origin": [14, 22, 6] }, 
            "faces": {
                "north": { "uv": [ 5.5, 2.625, 6, 4 ], "texture": "#main" }, 
                "east":  { "uv": [ 4, 2.625, 4.5, 4 ], "texture": "#main" }, 
                "south": { "uv": [ 5.5, 2.625, 6, 4 ], "texture": "#main" }, 
                "west":  { "uv": [ 4.5, 2.625, 5, 4 ], "texture": "#main" }, 
                "up":    { "uv": [ 5, 0.375, 5.5, 0.875 ], "texture": "#main" }, 
                "down":  { "uv": [ 7.625, 1.625, 7.875, 1.875 ], "texture": "#main" }
            }
        }, 
        {
            "name": "R arm", 
            "from": [ 0, 12, 4 ], 
            "to":   [ 4, 24, 8 ], 
            "rotation": { "angle": -22.5, "axis": "z", "origin": [2, 22, 6] }, 
            "faces": {
                "north": { "uv": [ 5.5, 2.625, 6, 4 ], "texture": "#main" }, 
                "east":  { "uv": [ 4, 2.625, 4.5, 4 ], "texture": "#main" }, 
                "south": { "uv": [ 5.5, 2.625, 6, 4 ], "texture": "#main" }, 
                "west":  { "uv": [ 4.5, 2.625, 5, 4 ], "texture": "#main" }, 
                "up":    { "uv": [ 5, 0.375, 5.5, 0.875 ], "texture": "#main" }, 
                "down":  { "uv": [ 7.625, 1.625, 7.875, 1.875 ], "texture": "#main" }
            }
        }, 
        {
            "name": "robe", 
            "from": [ 4, 0, 4 ], 
            "to":   [ 12, 12, 8 ], 
            "rotation": { "angle": 0, "axis": "x", "origin": [6, 9, 6] }, 
            "faces": {
                "north": { "uv": [ 7, 0, 8, 1.5 ], "texture": "#main" }, 
                "east":  { "uv": [ 4, 2.5, 4.5, 4 ], "texture": "#main" }, 
                "south": { "uv": [ 5, 2.5, 6, 4 ], "texture": "#main" }, 
                "west":  { "uv": [ 4, 2.5, 4.5, 4 ], "texture": "#main" }, 
                "up":    { "uv": [ 5, 0.5, 6, 1 ], "texture": "#main" }, 
                "down":  { "uv": [ 5, 1.375, 6, 1.875 ], "texture": "#main" }
            }
        }, 
        {
            "name": "robe", 
            "from": [ 4, 0, 8 ], 
            "to":   [ 12, 2, 13 ], 
            "rotation": { "angle": 0, "axis": "x", "origin": [6, 9, 10] }, 
            "faces": {
                "north": { "uv": [ 4, 3.75, 5.125, 4 ], "texture": "#main" }, 
                "east":  { "uv": [ 4, 3.75, 4.75, 4 ], "texture": "#main" }, 
                "south": { "uv": [ 4, 3.75, 5.125, 4 ], "texture": "#main" }, 
                "west":  { "uv": [ 4, 3.75, 5.125, 4 ], "texture": "#main" }, 
                "up":    { "uv": [ 4, 3.125, 5.125, 3.75 ], "texture": "#main" }, 
                "down":  { "uv": [ 4, 3, 5.125, 3.625 ], "texture": "#main" }
            }
        }, 
        {
            "name": "robe", 
            "from": [ 4, 2, 8 ], 
            "to":   [ 12, 4, 10 ], 
            "rotation": { "angle": 0, "axis": "x", "origin": [6, 11, 10] }, 
            "faces": {
                "north": { "uv": [ 4, 3.5, 5.125, 3.75 ], "texture": "#main" }, 
                "east":  { "uv": [ 4, 3.5, 4.25, 3.75 ], "texture": "#main" }, 
                "south": { "uv": [ 4, 3.5, 5.125, 3.75 ], "texture": "#main" }, 
                "west":  { "uv": [ 4, 3.5, 4.25, 3.75 ], "texture": "#main" }, 
                "up":    { "uv": [ 4, 3.5, 5.125, 3.75 ], "texture": "#main" }, 
                "down":  { "uv": [ 4, 3.5, 5.125, 3.75 ], "texture": "#main" }
            }
        }, 
        {
            "name": "robe", 
            "from": [ 5, 4, 8 ], 
            "to":   [ 11, 10, 9 ], 
            "rotation": { "angle": 0, "axis": "x", "origin": [6, 13, 10] }, 
            "faces": {
                "north": { "uv": [ 4.25, 2.125, 5, 2.875 ], "texture": "#main" }, 
                "east":  { "uv": [ 4.25, 2.125, 4.375, 2.875 ], "texture": "#main" }, 
                "south": { "uv": [ 4.25, 2.125, 5, 2.875 ], "texture": "#main" }, 
                "west":  { "uv": [ 4.25, 2.125, 4.375, 2.875 ], "texture": "#main" }, 
                "up":    { "uv": [ 4.25, 2.125, 5, 2.25 ], "texture": "#main" }, 
                "down":  { "uv": [ 4.25, 2.75, 5, 2.875 ], "texture": "#main" }
            }
        }, 
        {
            "name": "hood", 
            "from": [ 3.9, 23.8, 2 ], 
            "to":   [ 12.1, 32, 10 ], 
            "faces": {
                "north": { "uv": [ 10, 2, 11, 3 ], "texture": "#main" }, 
                "east":  { "uv": [ 11, 3, 12, 4 ], "texture": "#main" }, 
                "south": { "uv": [ 11, 3, 12, 4 ], "texture": "#main" }, 
                "west":  { "uv": [ 11, 3, 12, 4 ], "texture": "#main" }, 
                "up":    { "uv": [ 11, 2, 12, 3 ], "texture": "#main" }, 
                "down":  { "uv": [ 10, 3, 11, 4 ], "texture": "#main", "rotation":180 }
            }
        }, 
        {
            "name": "head", 
            "from": [ 4.25, 31, 2.35 ], 
            "to":   [ 11.75, 31.9, 9.65 ], 
            "faces": {
                "north": { "uv": [ 9, 1.125, 9.875, 1.325 ], "texture": "#main" }, 
                "east":  { "uv": [ 9, 1.125, 9.875, 1.325 ], "texture": "#main" }, 
                "south": { "uv": [ 9, 1.125, 9.875, 1.325 ], "texture": "#main" }, 
                "west":  { "uv": [ 9, 1.125, 9.875, 1.325 ], "texture": "#main" }, 
                "up":    { "uv": [ 9, 0.5, 9.875, 1.325 ], "texture": "#main" }, 
                "down":  { "uv": [ 9, 0.5, 9.875, 1.325 ], "texture": "#main" }
            }
        }, 
        {
            "name": "head", 
            "from": [ 4, 24, 2.1 ], 
            "to":   [ 12, 30.9, 9.9 ], 
            "faces": {
                "north": { "uv": [ 8.375, 0.125, 8.625, 0.375 ], "texture": "#main" }, 
                "east":  { "uv": [ 8.375, 0.125, 8.625, 0.375 ], "texture": "#main" }, 
                "south": { "uv": [ 8.375, 0.125, 8.625, 0.375 ], "texture": "#main" }, 
                "west":  { "uv": [ 8.375, 0.125, 8.625, 0.375 ], "texture": "#main" }, 
                "up":    { "uv": [ 9, 0.375, 10, 1.375 ], "texture": "#main" }, 
                "down":  { "uv": [ 8.375, 0.125, 8.625, 0.375 ], "texture": "#main" }
            }
        }, 
        {
            "name": "body", 
            "from": [ 4, 12, 4 ], 
            "to":   [ 12, 24, 8 ], 
            "faces": {
                "north": { "uv": [ 8, 0.5, 9, 2 ], "texture": "#main" }, 
                "east":  { "uv": [ 9.5, 0.5, 10, 2 ], "texture": "#main" }, 
                "south": { "uv": [ 9, 0.5, 10, 2 ], "texture": "#main" }, 
                "west":  { "uv": [ 9, 0.5, 9.5, 2 ], "texture": "#main" }, 
                "up":    { "uv": [ 8, 0, 9, 0.5 ], "texture": "#main" }, 
                "down":  { "uv": [ 9, 0.375, 10, 0.875 ], "texture": "#main" }
            }
        }, 
        {
            "name": "L arm", 
            "from": [ 12, 11, 4 ], 
            "to":   [ 16, 23, 8 ], 
            "rotation": { "angle": 45, "axis": "z", "origin": [14, 21, 6] }, 
            "faces": {
                "north": { "uv": [ 9.5, 2.625, 10, 4 ], "texture": "#main" }, 
                "east":  { "uv": [ 8, 2.625, 8.5, 4 ], "texture": "#main" }, 
                "south": { "uv": [ 9.5, 2.625, 10, 4 ], "texture": "#main" }, 
                "west":  { "uv": [ 8.5, 2.625, 9, 4 ], "texture": "#main" }, 
                "up":    { "uv": [ 9, 0.375, 9.5, 0.875 ], "texture": "#main" }, 
                "down":  { "uv": [ 11.625, 1.625, 11.875, 1.875 ], "texture": "#main" }
            }
        }, 
        {
            "name": "R arm", 
            "from": [ 0, 11, 4 ], 
            "to":   [ 4, 23, 8 ], 
            "rotation": { "angle": -45, "axis": "z", "origin": [2, 21, 6] }, 
            "faces": {
                "north": { "uv": [ 9.5, 2.625, 10, 4 ], "texture": "#main" }, 
                "east":  { "uv": [ 8, 2.625, 8.5, 4 ], "texture": "#main" }, 
                "south": { "uv": [ 9.5, 2.625, 10, 4 ], "texture": "#main" }, 
                "west":  { "uv": [ 8.5, 2.625, 9, 4 ], "texture": "#main" }, 
                "up":    { "uv": [ 9, 0.375, 9.5, 0.875 ], "texture": "#main" }, 
                "down":  { "uv": [ 11.625, 1.625, 11.875, 1.875 ], "texture": "#main" }
            }
        }, 
        {
            "name": "robe", 
            "from": [ 4, 0, 4 ], 
            "to":   [ 12, 12, 8 ], 
            "rotation": { "angle": 0, "axis": "x", "origin": [6, 9, 6] }, 
            "faces": {
                "north": { "uv": [ 11, 0, 12, 1.5 ], "texture": "#main" }, 
                "east":  { "uv": [ 8, 2.5, 8.5, 4 ], "texture": "#main" }, 
                "south": { "uv": [ 9, 2.5, 10, 4 ], "texture": "#main" }, 
                "west":  { "uv": [ 8, 2.5, 8.5, 4 ], "texture": "#main" }, 
                "up":    { "uv": [ 9, 0.5, 10, 1 ], "texture": "#main" }, 
                "down":  { "uv": [ 9, 1.375, 10, 1.875 ], "texture": "#main" }
            }
        }, 
        {
            "name": "robe", 
            "from": [ 4, 0, 8 ], 
            "to":   [ 12, 2, 13 ], 
            "rotation": { "angle": 0, "axis": "x", "origin": [6, 9, 10] }, 
            "faces": {
                "north": { "uv": [ 8, 3.75, 9.125, 4 ], "texture": "#main" }, 
                "east":  { "uv": [ 8, 3.75, 8.75, 4 ], "texture": "#main" }, 
                "south": { "uv": [ 8, 3.75, 9.125, 4 ], "texture": "#main" }, 
                "west":  { "uv": [ 8, 3.75, 9.125, 4 ], "texture": "#main" }, 
                "up":    { "uv": [ 8, 3.125, 9.125, 3.75 ], "texture": "#main" }, 
                "down":  { "uv": [ 8, 3, 9.125, 3.625 ], "texture": "#main" }
            }
        }, 
        {
            "name": "robe", 
            "from": [ 4, 2, 8 ], 
            "to":   [ 12, 4, 10 ], 
            "rotation": { "angle": 0, "axis": "x", "origin": [6, 11, 10] }, 
            "faces": {
                "north": { "uv": [ 8, 3.5, 9.125, 3.75 ], "texture": "#main" }, 
                "east":  { "uv": [ 8, 3.5, 8.25, 3.75 ], "texture": "#main" }, 
                "south": { "uv": [ 8, 3.5, 9.125, 3.75 ], "texture": "#main" }, 
                "west":  { "uv": [ 8, 3.5, 8.25, 3.75 ], "texture": "#main" }, 
                "up":    { "uv": [ 8, 3.5, 9.125, 3.75 ], "texture": "#main" }, 
                "down":  { "uv": [ 8, 3.5, 9.125, 3.75 ], "texture": "#main" }
            }
        }, 
        {
            "name": "robe", 
            "from": [ 5, 4, 8 ], 
            "to":   [ 11, 10, 9 ], 
            "rotation": { "angle": 0, "axis": "x", "origin": [6, 13, 10] }, 
            "faces": {
                "north": { "uv": [ 8.25, 2.125, 9, 2.875 ], "texture": "#main" }, 
                "east":  { "uv": [ 8.25, 2.125, 8.375, 2.875 ], "texture": "#main" }, 
                "south": { "uv": [ 8.25, 2.125, 9, 2.875 ], "texture": "#main" }, 
                "west":  { "uv": [ 8.25, 2.125, 8.375, 2.875 ], "texture": "#main" }, 
                "up":    { "uv": [ 8.25, 2.125, 9, 2.25 ], "texture": "#main" }, 
                "down":  { "uv": [ 8.25, 2.75, 9, 2.875 ], "texture": "#main" }
            }
        }, 
        {
            "name": "hood", 
            "from": [ 3.9, 23.8, 2 ], 
            "to":   [ 12.1, 32, 10 ], 
            "faces": {
                "north": { "uv": [ 14, 2, 15, 3 ], "texture": "#main" }, 
                "east":  { "uv": [ 15, 3, 16, 4 ], "texture": "#main" }, 
                "south": { "uv": [ 15, 3, 16, 4 ], "texture": "#main" }, 
                "west":  { "uv": [ 15, 3, 16, 4 ], "texture": "#main" }, 
                "up":    { "uv": [ 15, 2, 16, 3 ], "texture": "#main" }, 
                "down":  { "uv": [ 14, 3, 15, 4 ], "texture": "#main", "rotation":180 }
            }
        }, 
        {
            "name": "head", 
            "from": [ 4.25, 31, 2.35 ], 
            "to":   [ 11.75, 31.9, 9.65 ], 
            "faces": {
                "north": { "uv": [ 13, 1.125, 13.875, 1.325 ], "texture": "#main" }, 
                "east":  { "uv": [ 13, 1.125, 13.875, 1.325 ], "texture": "#main" }, 
                "south": { "uv": [ 13, 1.125, 13.875, 1.325 ], "texture": "#main" }, 
                "west":  { "uv": [ 13, 1.125, 13.875, 1.325 ], "texture": "#main" }, 
                "up":    { "uv": [ 13, 0.5, 13.875, 1.325 ], "texture": "#main" }, 
                "down":  { "uv": [ 13, 0.5, 13.875, 1.325 ], "texture": "#main" }
            }
        }, 
        {
            "name": "head", 
            "from": [ 4, 24, 2.1 ], 
            "to":   [ 12, 30.9, 9.9 ], 
            "faces": {
                "north": { "uv": [ 12.375, 0.125, 12.625, 0.375 ], "texture": "#main" }, 
                "east":  { "uv": [ 12.375, 0.125, 12.625, 0.375 ], "texture": "#main" }, 
                "south": { "uv": [ 12.375, 0.125, 12.625, 0.375 ], "texture": "#main" }, 
                "west":  { "uv": [ 12.375, 0.125, 12.625, 0.375 ], "texture": "#main" }, 
                "up":    { "uv": [ 13, 0.375, 14, 1.375 ], "texture": "#main" }, 
                "down":  { "uv": [ 12.375, 0.125, 12.625, 0.375 ], "texture": "#main" }
            }
        }, 
        {
            "name": "body", 
            "from": [ 4, 12, 4 ], 
            "to":   [ 12, 24, 8 ], 
            "faces": {
                "north": { "uv": [ 12, 0.5, 13, 2 ], "texture": "#main" }, 
                "east":  { "uv": [ 13.5, 0.5, 14, 2 ], "texture": "#main" }, 
                "south": { "uv": [ 13, 0.5, 14, 2 ], "texture": "#main" }, 
                "west":  { "uv": [ 13, 0.5, 13.5, 2 ], "texture": "#main" }, 
                "up":    { "uv": [ 12, 0, 13, 0.5 ], "texture": "#main" }, 
                "down":  { "uv": [ 13, 0.375, 14, 0.875 ], "texture": "#main" }
            }
        }, 
        {
            "name": "L arm", 
            "from": [ 12, 19, 4 ], 
            "to":   [ 24, 23, 8 ], 
            "rotation": { "angle": -22.5, "axis": "z", "origin": [14, 21, 6] }, 
            "faces": {
                "north": { "uv": [ 13.5, 2.625, 14, 4 ], "texture": "#main", "rotation":90 }, 
                "east":  { "uv": [ 15.625, 1.625, 15.875, 1.875 ], "texture": "#main", "rotation":270 }, 
                "south": { "uv": [ 13.5, 2.625, 14, 4 ], "texture": "#main", "rotation":270 }, 
                "west":  { "uv": [ 13, 0.375, 13.5, 0.875 ], "texture": "#main", "rotation":270 }, 
                "up":    { "uv": [ 12, 2.625, 12.5, 4 ], "texture": "#main", "rotation":270 }, 
                "down":  { "uv": [ 12.5, 2.625, 13, 4 ], "texture": "#main", "rotation":270 }
            }
        }, 
        {
            "name": "R arm", 
            "from": [ -8, 19, 4 ], 
            "to":   [ 4, 23, 8 ], 
            "rotation": { "angle": 22.5, "axis": "z", "origin": [2, 21, 6] }, 
            "faces": {
                "north": { "uv": [ 13.5, 2.625, 14, 4 ], "texture": "#main", "rotation":270 }, 
                "east":  { "uv": [ 13, 0.375, 13.5, 0.875 ], "texture": "#main", "rotation":90 }, 
                "south": { "uv": [ 13.5, 2.625, 14, 4 ], "texture": "#main", "rotation":90 }, 
                "west":  { "uv": [ 15.625, 1.625, 15.875, 1.875 ], "texture": "#main", "rotation":90 }, 
                "up":    { "uv": [ 12.5, 2.625, 13, 4 ], "texture": "#main", "rotation":90 }, 
                "down":  { "uv": [ 12, 2.625, 12.5, 4 ], "texture": "#main", "rotation":90 }
            }
        }, 
        {
            "name": "robe", 
            "from": [ 4, 0, 4 ], 
            "to":   [ 12, 12, 8 ], 
            "rotation": { "angle": 0, "axis": "x", "origin": [6, 9, 6] }, 
            "faces": {
                "north": { "uv": [ 15, 0, 16, 1.5 ], "texture": "#main" }, 
                "east":  { "uv": [ 12, 2.5, 12.5, 4 ], "texture": "#main" }, 
                "south": { "uv": [ 13, 2.5, 14, 4 ], "texture": "#main" }, 
                "west":  { "uv": [ 12, 2.5, 12.5, 4 ], "texture": "#main" }, 
                "up":    { "uv": [ 13, 0.5, 14, 1 ], "texture": "#main" }, 
                "down":  { "uv": [ 13, 1.375, 14, 1.875 ], "texture": "#main" }
            }
        }, 
        {
            "name": "robe", 
            "from": [ 4, 0, 8 ], 
            "to":   [ 12, 2, 13 ], 
            "rotation": { "angle": 0, "axis": "x", "origin": [6, 9, 10] }, 
            "faces": {
                "north": { "uv": [ 12, 3.75, 13.125, 4 ], "texture": "#main" }, 
                "east":  { "uv": [ 12, 3.75, 12.75, 4 ], "texture": "#main" }, 
                "south": { "uv": [ 12, 3.75, 13.125, 4 ], "texture": "#main" }, 
                "west":  { "uv": [ 12, 3.75, 13.125, 4 ], "texture": "#main" }, 
                "up":    { "uv": [ 12, 3.125, 13.125, 3.75 ], "texture": "#main" }, 
                "down":  { "uv": [ 12, 3, 13.125, 3.625 ], "texture": "#main" }
            }
        }, 
        {
            "name": "robe", 
            "from": [ 4, 2, 8 ], 
            "to":   [ 12, 4, 10 ], 
            "rotation": { "angle": 0, "axis": "x", "origin": [6, 11, 10] }, 
            "faces": {
                "north": { "uv": [ 12, 3.5, 13.125, 3.75 ], "texture": "#main" }, 
                "east":  { "uv": [ 12, 3.5, 12.25, 3.75 ], "texture": "#main" }, 
                "south": { "uv": [ 12, 3.5, 13.125, 3.75 ], "texture": "#main" }, 
                "west":  { "uv": [ 12, 3.5, 12.25, 3.75 ], "texture": "#main" }, 
                "up":    { "uv": [ 12, 3.5, 13.125, 3.75 ], "texture": "#main" }, 
                "down":  { "uv": [ 12, 3.5, 13.125, 3.75 ], "texture": "#main" }
            }
        }, 
        {
            "name": "robe", 
            "from": [ 5, 4, 8 ], 
            "to":   [ 11, 10, 9 ], 
            "rotation": { "angle": 0, "axis": "x", "origin": [6, 13, 10] }, 
            "faces": {
                "north": { "uv": [ 12.25, 2.125, 13, 2.875 ], "texture": "#main" }, 
                "east":  { "uv": [ 12.25, 2.125, 12.375, 2.875 ], "texture": "#main" }, 
                "south": { "uv": [ 12.25, 2.125, 13, 2.875 ], "texture": "#main" }, 
                "west":  { "uv": [ 12.25, 2.125, 12.375, 2.875 ], "texture": "#main" }, 
                "up":    { "uv": [ 12.25, 2.125, 13, 2.25 ], "texture": "#main" }, 
                "down":  { "uv": [ 12.25, 2.75, 13, 2.875 ], "texture": "#main" }
            }
        }, 
        {
            "name": "hood", 
            "from": [ 3.9, 23.8, 2 ], 
            "to":   [ 12.1, 32, 10 ], 
            "faces": {
                "north": { "uv": [ 2, 6, 3, 7 ], "texture": "#main" }, 
                "east":  { "uv": [ 3, 7, 4, 8 ], "texture": "#main" }, 
                "south": { "uv": [ 3, 7, 4, 8 ], "texture": "#main" }, 
                "west":  { "uv": [ 3, 7, 4, 8 ], "texture": "#main" }, 
                "up":    { "uv": [ 3, 6, 4, 7 ], "texture": "#main" }, 
                "down":  { "uv": [ 2, 7, 3, 8 ], "texture": "#main", "rotation":180 }
            }
        }, 
        {
            "name": "head", 
            "from": [ 4.25, 31, 2.35 ], 
            "to":   [ 11.75, 31.9, 9.65 ], 
            "faces": {
                "north": { "uv": [ 1, 5.125, 1.875, 5.325 ], "texture": "#main" }, 
                "east":  { "uv": [ 1, 5.125, 1.875, 5.325 ], "texture": "#main" }, 
                "south": { "uv": [ 1, 5.125, 1.875, 5.325 ], "texture": "#main" }, 
                "west":  { "uv": [ 1, 5.125, 1.875, 5.325 ], "texture": "#main" }, 
                "up":    { "uv": [ 1, 4.5, 1.875, 5.325 ], "texture": "#main" }, 
                "down":  { "uv": [ 1, 4.5, 1.875, 5.325 ], "texture": "#main" }
            }
        }, 
        {
            "name": "head", 
            "from": [ 4, 24, 2.1 ], 
            "to":   [ 12, 30.9, 9.9 ], 
            "faces": {
                "north": { "uv": [ 0.375, 4.125, 0.625, 4.375 ], "texture": "#main" }, 
                "east":  { "uv": [ 0.375, 4.125, 0.625, 4.375 ], "texture": "#main" }, 
                "south": { "uv": [ 0.375, 4.125, 0.625, 4.375 ], "texture": "#main" }, 
                "west":  { "uv": [ 0.375, 4.125, 0.625, 4.375 ], "texture": "#main" }, 
                "up":    { "uv": [ 1, 4.375, 2, 5.375 ], "texture": "#main" }, 
                "down":  { "uv": [ 0.375, 4.125, 0.625, 4.375 ], "texture": "#main" }
            }
        }, 
        {
            "name": "body", 
            "from": [ 4, 12, 4 ], 
            "to":   [ 12, 24, 8 ], 
            "faces": {
                "north": { "uv": [ 0, 4.5, 1, 6 ], "texture": "#main" }, 
                "east":  { "uv": [ 1.5, 4.5, 2, 6 ], "texture": "#main" }, 
                "south": { "uv": [ 1, 4.5, 2, 6 ], "texture": "#main" }, 
                "west":  { "uv": [ 1, 4.5, 1.5, 6 ], "texture": "#main" }, 
                "up":    { "uv": [ 0, 4, 1, 4.5 ], "texture": "#main" }, 
                "down":  { "uv": [ 1, 4.375, 2, 4.875 ], "texture": "#main" }
            }
        }, 
        {
            "name": "L arm", 
            "from": [ 12, 19, 4 ], 
            "to":   [ 24, 23, 8 ], 
            "rotation": { "angle": 0, "axis": "z", "origin": [14, 21, 6] }, 
            "faces": {
                "north": { "uv": [ 1.5, 6.625, 2, 8 ], "texture": "#main", "rotation":90 }, 
                "east":  { "uv": [ 3.625, 5.625, 3.875, 5.875 ], "texture": "#main", "rotation":270 }, 
                "south": { "uv": [ 1.5, 6.625, 2, 8 ], "texture": "#main", "rotation":270 }, 
                "west":  { "uv": [ 1, 4.375, 1.5, 4.875 ], "texture": "#main", "rotation":270 }, 
                "up":    { "uv": [ 0, 6.625, 0.5, 8 ], "texture": "#main", "rotation":270 }, 
                "down":  { "uv": [ 0.5, 6.625, 1, 8 ], "texture": "#main", "rotation":270 }
            }
        }, 
        {
            "name": "R arm", 
            "from": [ -8, 19, 4 ], 
            "to":   [ 4, 23, 8 ], 
            "rotation": { "angle": 0, "axis": "z", "origin": [2, 21, 6] }, 
            "faces": {
                "north": { "uv": [ 1.5, 6.625, 2, 8 ], "texture": "#main", "rotation":270 }, 
                "east":  { "uv": [ 1, 4.375, 1.5, 4.875 ], "texture": "#main", "rotation":90 }, 
                "south": { "uv": [ 1.5, 6.625, 2, 8 ], "texture": "#main", "rotation":90 }, 
                "west":  { "uv": [ 3.625, 5.625, 3.875, 5.875 ], "texture": "#main", "rotation":90 }, 
                "up":    { "uv": [ 0.5, 6.625, 1, 8 ], "texture": "#main", "rotation":90 }, 
                "down":  { "uv": [ 0, 6.625, 0.5, 8 ], "texture": "#main", "rotation":90 }
            }
        }, 
        {
            "name": "robe", 
            "from": [ 4, 0, 4 ], 
            "to":   [ 12, 12, 8 ], 
            "rotation": { "angle": 0, "axis": "x", "origin": [6, 9, 6] }, 
            "faces": {
                "north": { "uv": [ 3, 4, 4, 5.5 ], "texture": "#main" }, 
                "east":  { "uv": [ 0, 6.5, 0.5, 8 ], "texture": "#main" }, 
                "south": { "uv": [ 1, 6.5, 2, 8 ], "texture": "#main" }, 
                "west":  { "uv": [ 0, 6.5, 0.5, 8 ], "texture": "#main" }, 
                "up":    { "uv": [ 1, 4.5, 2, 5 ], "texture": "#main" }, 
                "down":  { "uv": [ 1, 5.375, 2, 5.875 ], "texture": "#main" }
            }
        }, 
        {
            "name": "robe", 
            "from": [ 4, 0, 8 ], 
            "to":   [ 12, 2, 13 ], 
            "rotation": { "angle": 0, "axis": "x", "origin": [6, 9, 10] }, 
            "faces": {
                "north": { "uv": [ 0, 7.75, 1.125, 8 ], "texture": "#main" }, 
                "east":  { "uv": [ 0, 7.75, 0.75, 8 ], "texture": "#main" }, 
                "south": { "uv": [ 0, 7.75, 1.125, 8 ], "texture": "#main" }, 
                "west":  { "uv": [ 0, 7.75, 1.125, 8 ], "texture": "#main" }, 
                "up":    { "uv": [ 0, 7.125, 1.125, 7.75 ], "texture": "#main" }, 
                "down":  { "uv": [ 0, 7, 1.125, 7.625 ], "texture": "#main" }
            }
        }, 
        {
            "name": "robe", 
            "from": [ 4, 2, 8 ], 
            "to":   [ 12, 4, 10 ], 
            "rotation": { "angle": 0, "axis": "x", "origin": [6, 11, 10] }, 
            "faces": {
                "north": { "uv": [ 0, 7.5, 1.125, 7.75 ], "texture": "#main" }, 
                "east":  { "uv": [ 0, 7.5, 0.25, 7.75 ], "texture": "#main" }, 
                "south": { "uv": [ 0, 7.5, 1.125, 7.75 ], "texture": "#main" }, 
                "west":  { "uv": [ 0, 7.5, 0.25, 7.75 ], "texture": "#main" }, 
                "up":    { "uv": [ 0, 7.5, 1.125, 7.75 ], "texture": "#main" }, 
                "down":  { "uv": [ 0, 7.5, 1.125, 7.75 ], "texture": "#main" }
            }
        }, 
        {
            "name": "robe", 
            "from": [ 5, 4, 8 ], 
            "to":   [ 11, 10, 9 ], 
            "rotation": { "angle": 0, "axis": "x", "origin": [6, 13, 10] }, 
            "faces": {
                "north": { "uv": [ 0.25, 6.125, 1, 6.875 ], "texture": "#main" }, 
                "east":  { "uv": [ 0.25, 6.125, 0.375, 6.875 ], "texture": "#main" }, 
                "south": { "uv": [ 0.25, 6.125, 1, 6.875 ], "texture": "#main" }, 
                "west":  { "uv": [ 0.25, 6.125, 0.375, 6.875 ], "texture": "#main" }, 
                "up":    { "uv": [ 0.25, 6.125, 1, 6.25 ], "texture": "#main" }, 
                "down":  { "uv": [ 0.25, 6.75, 1, 6.875 ], "texture": "#main" }
            }
        }, 
        {
            "name": "hood", 
            "from": [ 3.9, 23.8, 2 ], 
            "to":   [ 12.1, 32, 10 ], 
            "faces": {
                "north": { "uv": [ 6, 6, 7, 7 ], "texture": "#main" }, 
                "east":  { "uv": [ 7, 7, 8, 8 ], "texture": "#main" }, 
                "south": { "uv": [ 7, 7, 8, 8 ], "texture": "#main" }, 
                "west":  { "uv": [ 7, 7, 8, 8 ], "texture": "#main" }, 
                "up":    { "uv": [ 7, 6, 8, 7 ], "texture": "#main" }, 
                "down":  { "uv": [ 6, 7, 7, 8 ], "texture": "#main", "rotation":180 }
            }
        }, 
        {
            "name": "head", 
            "from": [ 4.25, 31, 2.35 ], 
            "to":   [ 11.75, 31.9, 9.65 ], 
            "faces": {
                "north": { "uv": [ 5, 5.125, 5.875, 5.325 ], "texture": "#main" }, 
                "east":  { "uv": [ 5, 5.125, 5.875, 5.325 ], "texture": "#main" }, 
                "south": { "uv": [ 5, 5.125, 5.875, 5.325 ], "texture": "#main" }, 
                "west":  { "uv": [ 5, 5.125, 5.875, 5.325 ], "texture": "#main" }, 
                "up":    { "uv": [ 5, 4.5, 5.875, 5.325 ], "texture": "#main" }, 
                "down":  { "uv": [ 5, 4.5, 5.875, 5.325 ], "texture": "#main" }
            }
        }, 
        {
            "name": "head", 
            "from": [ 4, 24, 2.1 ], 
            "to":   [ 12, 30.9, 9.9 ], 
            "faces": {
                "north": { "uv": [ 4.375, 4.125, 4.625, 4.375 ], "texture": "#main" }, 
                "east":  { "uv": [ 4.375, 4.125, 4.625, 4.375 ], "texture": "#main" }, 
                "south": { "uv": [ 4.375, 4.125, 4.625, 4.375 ], "texture": "#main" }, 
                "west":  { "uv": [ 4.375, 4.125, 4.625, 4.375 ], "texture": "#main" }, 
                "up":    { "uv": [ 5, 4.375, 6, 5.375 ], "texture": "#main" }, 
                "down":  { "uv": [ 4.375, 4.125, 4.625, 4.375 ], "texture": "#main" }
            }
        }, 
        {
            "name": "body", 
            "from": [ 4, 12, 4 ], 
            "to":   [ 12, 24, 8 ], 
            "faces": {
                "north": { "uv": [ 4, 4.5, 5, 6 ], "texture": "#main" }, 
                "east":  { "uv": [ 5.5, 4.5, 6, 6 ], "texture": "#main" }, 
                "south": { "uv": [ 5, 4.5, 6, 6 ], "texture": "#main" }, 
                "west":  { "uv": [ 5, 4.5, 5.5, 6 ], "texture": "#main" }, 
                "up":    { "uv": [ 4, 4, 5, 4.5 ], "texture": "#main" }, 
                "down":  { "uv": [ 5, 4.375, 6, 4.875 ], "texture": "#main" }
            }
        }, 
        {
            "name": "L arm", 
            "from": [ 12, 19, 4 ], 
            "to":   [ 24, 23, 8 ], 
            "rotation": { "angle": 22.5, "axis": "z", "origin": [14, 21, 6] }, 
            "faces": {
                "north": { "uv": [ 5.5, 6.625, 6, 8 ], "texture": "#main", "rotation":90 }, 
                "east":  { "uv": [ 7.625, 5.625, 7.875, 5.875 ], "texture": "#main", "rotation":270 }, 
                "south": { "uv": [ 5.5, 6.625, 6, 8 ], "texture": "#main", "rotation":270 }, 
                "west":  { "uv": [ 5, 4.375, 5.5, 4.875 ], "texture": "#main", "rotation":270 }, 
                "up":    { "uv": [ 4, 6.625, 4.5, 8 ], "texture": "#main", "rotation":270 }, 
                "down":  { "uv": [ 4.5, 6.625, 5, 8 ], "texture": "#main", "rotation":270 }
            }
        }, 
        {
            "name": "R arm", 
            "from": [ -8, 19, 4 ], 
            "to":   [ 4, 23, 8 ], 
            "rotation": { "angle": -22.5, "axis": "z", "origin": [2, 21, 6] }, 
            "faces": {
                "north": { "uv": [ 5.5, 6.625, 6, 8 ], "texture": "#main", "rotation":270 }, 
                "east":  { "uv": [ 5, 4.375, 5.5, 4.875 ], "texture": "#main", "rotation":90 }, 
                "south": { "uv": [ 5.5, 6.625, 6, 8 ], "texture": "#main", "rotation":90 }, 
                "west":  { "uv": [ 7.625, 5.625, 7.875, 5.875 ], "texture": "#main", "rotation":90 }, 
                "up":    { "uv": [ 4.5, 6.625, 5, 8 ], "texture": "#main", "rotation":90 }, 
                "down":  { "uv": [ 4, 6.625, 4.5, 8 ], "texture": "#main", "rotation":90 }
            }
        }, 
        {
            "name": "robe", 
            "from": [ 4, 0, 4 ], 
            "to":   [ 12, 12, 8 ], 
            "rotation": { "angle": 0, "axis": "x", "origin": [6, 9, 6] }, 
            "faces": {
                "north": { "uv": [ 7, 4, 8, 5.5 ], "texture": "#main" }, 
                "east":  { "uv": [ 4, 6.5, 4.5, 8 ], "texture": "#main" }, 
                "south": { "uv": [ 5, 6.5, 6, 8 ], "texture": "#main" }, 
                "west":  { "uv": [ 4, 6.5, 4.5, 8 ], "texture": "#main" }, 
                "up":    { "uv": [ 5, 4.5, 6, 5 ], "texture": "#main" }, 
                "down":  { "uv": [ 5, 5.375, 6, 5.875 ], "texture": "#main" }
            }
        }, 
        {
            "name": "robe", 
            "from": [ 4, 0, 8 ], 
            "to":   [ 12, 2, 13 ], 
            "rotation": { "angle": 0, "axis": "x", "origin": [6, 9, 10] }, 
            "faces": {
                "north": { "uv": [ 4, 7.75, 5.125, 8 ], "texture": "#main" }, 
                "east":  { "uv": [ 4, 7.75, 4.75, 8 ], "texture": "#main" }, 
                "south": { "uv": [ 4, 7.75, 5.125, 8 ], "texture": "#main" }, 
                "west":  { "uv": [ 4, 7.75, 5.125, 8 ], "texture": "#main" }, 
                "up":    { "uv": [ 4, 7.125, 5.125, 7.75 ], "texture": "#main" }, 
                "down":  { "uv": [ 4, 7, 5.125, 7.625 ], "texture": "#main" }
            }
        }, 
        {
            "name": "robe", 
            "from": [ 4, 2, 8 ], 
            "to":   [ 12, 4, 10 ], 
            "rotation": { "angle": 0, "axis": "x", "origin": [6, 11, 10] }, 
            "faces": {
                "north": { "uv": [ 4, 7.5, 5.125, 7.75 ], "texture": "#main" }, 
                "east":  { "uv": [ 4, 7.5, 4.25, 7.75 ], "texture": "#main" }, 
                "south": { "uv": [ 4, 7.5, 5.125, 7.75 ], "texture": "#main" }, 
                "west":  { "uv": [ 4, 7.5, 4.25, 7.75 ], "texture": "#main" }, 
                "up":    { "uv": [ 4, 7.5, 5.125, 7.75 ], "texture": "#main" }, 
                "down":  { "uv": [ 4, 7.5, 5.125, 7.75 ], "texture": "#main" }
            }
        }, 
        {
            "name": "robe", 
            "from": [ 5, 4, 8 ], 
            "to":   [ 11, 10, 9 ], 
            "rotation": { "angle": 0, "axis": "x", "origin": [6, 13, 10] }, 
            "faces": {
                "north": { "uv": [ 4.25, 6.125, 5, 6.875 ], "texture": "#main" }, 
                "east":  { "uv": [ 4.25, 6.125, 4.375, 6.875 ], "texture": "#main" }, 
                "south": { "uv": [ 4.25, 6.125, 5, 6.875 ], "texture": "#main" }, 
                "west":  { "uv": [ 4.25, 6.125, 4.375, 6.875 ], "texture": "#main" }, 
                "up":    { "uv": [ 4.25, 6.125, 5, 6.25 ], "texture": "#main" }, 
                "down":  { "uv": [ 4.25, 6.75, 5, 6.875 ], "texture": "#main" }
            }
        }, 
        {
            "name": "hood", 
            "from": [ 3.9, 23.8, 2 ], 
            "to":   [ 12.1, 32, 10 ], 
            "faces": {
                "north": { "uv": [ 10, 6, 11, 7 ], "texture": "#main" }, 
                "east":  { "uv": [ 11, 7, 12, 8 ], "texture": "#main" }, 
                "south": { "uv": [ 11, 7, 12, 8 ], "texture": "#main" }, 
                "west":  { "uv": [ 11, 7, 12, 8 ], "texture": "#main" }, 
                "up":    { "uv": [ 11, 6, 12, 7 ], "texture": "#main" }, 
                "down":  { "uv": [ 10, 7, 11, 8 ], "texture": "#main", "rotation":180 }
            }
        }, 
        {
            "name": "head", 
            "from": [ 4.25, 31, 2.35 ], 
            "to":   [ 11.75, 31.9, 9.65 ], 
            "faces": {
                "north": { "uv": [ 9, 5.125, 9.875, 5.325 ], "texture": "#main" }, 
                "east":  { "uv": [ 9, 5.125, 9.875, 5.325 ], "texture": "#main" }, 
                "south": { "uv": [ 9, 5.125, 9.875, 5.325 ], "texture": "#main" }, 
                "west":  { "uv": [ 9, 5.125, 9.875, 5.325 ], "texture": "#main" }, 
                "up":    { "uv": [ 9, 4.5, 9.875, 5.325 ], "texture": "#main" }, 
                "down":  { "uv": [ 9, 4.5, 9.875, 5.325 ], "texture": "#main" }
            }
        }, 
        {
            "name": "head", 
            "from": [ 4, 24, 2.1 ], 
            "to":   [ 12, 30.9, 9.9 ], 
            "faces": {
                "north": { "uv": [ 8.375, 4.125, 8.625, 4.375 ], "texture": "#main" }, 
                "east":  { "uv": [ 8.375, 4.125, 8.625, 4.375 ], "texture": "#main" }, 
                "south": { "uv": [ 8.375, 4.125, 8.625, 4.375 ], "texture": "#main" }, 
                "west":  { "uv": [ 8.375, 4.125, 8.625, 4.375 ], "texture": "#main" }, 
                "up":    { "uv": [ 9, 4.375, 10, 5.375 ], "texture": "#main" }, 
                "down":  { "uv": [ 8.375, 4.125, 8.625, 4.375 ], "texture": "#main" }
            }
        }, 
        {
            "name": "body", 
            "from": [ 4, 12, 4 ], 
            "to":   [ 12, 24, 8 ], 
            "faces": {
                "north": { "uv": [ 8, 4.5, 9, 6 ], "texture": "#main" }, 
                "east":  { "uv": [ 9.5, 4.5, 10, 6 ], "texture": "#main" }, 
                "south": { "uv": [ 9, 4.5, 10, 6 ], "texture": "#main" }, 
                "west":  { "uv": [ 9, 4.5, 9.5, 6 ], "texture": "#main" }, 
                "up":    { "uv": [ 8, 4, 9, 4.5 ], "texture": "#main" }, 
                "down":  { "uv": [ 9, 4.375, 10, 4.875 ], "texture": "#main" }
            }
        }, 
        {
            "name": "L arm", 
            "from": [ 12, 19, 4 ], 
            "to":   [ 24, 23, 8 ], 
            "rotation": { "angle": 45, "axis": "z", "origin": [14, 21, 6] }, 
            "faces": {
                "north": { "uv": [ 9.5, 6.625, 10, 8 ], "texture": "#main", "rotation":90 }, 
                "east":  { "uv": [ 11.625, 5.625, 11.875, 5.875 ], "texture": "#main", "rotation":270 }, 
                "south": { "uv": [ 9.5, 6.625, 10, 8 ], "texture": "#main", "rotation":270 }, 
                "west":  { "uv": [ 9, 4.375, 9.5, 4.875 ], "texture": "#main", "rotation":270 }, 
                "up":    { "uv": [ 8, 6.625, 8.5, 8 ], "texture": "#main", "rotation":270 }, 
                "down":  { "uv": [ 8.5, 6.625, 9, 8 ], "texture": "#main", "rotation":270 }
            }
        }, 
        {
            "name": "R arm", 
            "from": [ -8, 19, 4 ], 
            "to":   [ 4, 23, 8 ], 
            "rotation": { "angle": -45, "axis": "z", "origin": [2, 21, 6] }, 
            "faces": {
                "north": { "uv": [ 9.5, 6.625, 10, 8 ], "texture": "#main", "rotation":270 }, 
                "east":  { "uv": [ 9, 4.375, 9.5, 4.875 ], "texture": "#main", "rotation":90 }, 
                "south": { "uv": [ 9.5, 6.625, 10, 8 ], "texture": "#main", "rotation":90 }, 
                "west":  { "uv": [ 11.625, 5.625, 11.875, 5.875 ], "texture": "#main", "rotation":90 }, 
                "up":    { "uv": [ 8.5, 6.625, 9, 8 ], "texture": "#main", "rotation":90 }, 
                "down":  { "uv": [ 8, 6.625, 8.5, 8 ], "texture": "#main", "rotation":90 }
            }
        }, 
        {
            "name": "robe", 
            "from": [ 4, 0, 4 ], 
            "to":   [ 12, 12, 8 ], 
            "rotation": { "angle": 0, "axis": "x", "origin": [6, 9, 6] }, 
            "faces": {
                "north": { "uv": [ 11, 4, 12, 5.5 ], "texture": "#main" }, 
                "east":  { "uv": [ 8, 6.5, 8.5, 8 ], "texture": "#main" }, 
                "south": { "uv": [ 9, 6.5, 10, 8 ], "texture": "#main" }, 
                "west":  { "uv": [ 8, 6.5, 8.5, 8 ], "texture": "#main" }, 
                "up":    { "uv": [ 9, 4.5, 10, 5 ], "texture": "#main" }, 
                "down":  { "uv": [ 9, 5.375, 10, 5.875 ], "texture": "#main" }
            }
        }, 
        {
            "name": "robe", 
            "from": [ 4, 0, 8 ], 
            "to":   [ 12, 2, 13 ], 
            "rotation": { "angle": 0, "axis": "x", "origin": [6, 9, 10] }, 
            "faces": {
                "north": { "uv": [ 8, 7.75, 9.125, 8 ], "texture": "#main" }, 
                "east":  { "uv": [ 8, 7.75, 8.75, 8 ], "texture": "#main" }, 
                "south": { "uv": [ 8, 7.75, 9.125, 8 ], "texture": "#main" }, 
                "west":  { "uv": [ 8, 7.75, 9.125, 8 ], "texture": "#main" }, 
                "up":    { "uv": [ 8, 7.125, 9.125, 7.75 ], "texture": "#main" }, 
                "down":  { "uv": [ 8, 7, 9.125, 7.625 ], "texture": "#main" }
            }
        }, 
        {
            "name": "robe", 
            "from": [ 4, 2, 8 ], 
            "to":   [ 12, 4, 10 ], 
            "rotation": { "angle": 0, "axis": "x", "origin": [6, 11, 10] }, 
            "faces": {
                "north": { "uv": [ 8, 7.5, 9.125, 7.75 ], "texture": "#main" }, 
                "east":  { "uv": [ 8, 7.5, 8.25, 7.75 ], "texture": "#main" }, 
                "south": { "uv": [ 8, 7.5, 9.125, 7.75 ], "texture": "#main" }, 
                "west":  { "uv": [ 8, 7.5, 8.25, 7.75 ], "texture": "#main" }, 
                "up":    { "uv": [ 8, 7.5, 9.125, 7.75 ], "texture": "#main" }, 
                "down":  { "uv": [ 8, 7.5, 9.125, 7.75 ], "texture": "#main" }
            }
        }, 
        {
            "name": "robe", 
            "from": [ 5, 4, 8 ], 
            "to":   [ 11, 10, 9 ], 
            "rotation": { "angle": 0, "axis": "x", "origin": [6, 13, 10] }, 
            "faces": {
                "north": { "uv": [ 8.25, 6.125, 9, 6.875 ], "texture": "#main" }, 
                "east":  { "uv": [ 8.25, 6.125, 8.375, 6.875 ], "texture": "#main" }, 
                "south": { "uv": [ 8.25, 6.125, 9, 6.875 ], "texture": "#main" }, 
                "west":  { "uv": [ 8.25, 6.125, 8.375, 6.875 ], "texture": "#main" }, 
                "up":    { "uv": [ 8.25, 6.125, 9, 6.25 ], "texture": "#main" }, 
                "down":  { "uv": [ 8.25, 6.75, 9, 6.875 ], "texture": "#main" }
            }
        }
    ], 
    "display": {
        "head": {
            "scale": [ 1.6, 1.6, 1.6 ], 
            "translation": [ 0, -32, 3.5 ]
        }
    }, 
    "__comment": "Model animated using Fizzy's model animator - http://fizzy81.github.io/animated-models/"
}