{
    "__comment": "Model generated using MrCrayfish's Model Creator (http://mrcrayfish.com/modelcreator/)",
    "textures": {
        "0": "mobs/goblin_skin",
        "1": "mobs/goblin_cloths"
    },
    "elements": [
        {
            "name": "head",
            "from": [ 5.0, 20.0, 7.0 ], 
            "to": [ 11.0, 26.0, 13.0 ], 
            "faces": {
                "north": { "texture": "#0", "uv": [ 12.0, 0.0, 16.0, 4.0 ] },
                "east": { "texture": "#0", "uv": [ 12.0, 0.0, 16.0, 4.0 ] },
                "south": { "texture": "#0", "uv": [ 8.0, 0.0, 12.0, 4.0 ] },
                "west": { "texture": "#0", "uv": [ 12.0, 0.0, 16.0, 4.0 ] },
                "up": { "texture": "#0", "uv": [ 0.0, 6.0, 4.0, 10.0 ] },
                "down": { "texture": "#0", "uv": [ 0.0, 6.0, 4.0, 10.0 ] }
            }
        },
        {
            "name": "body",
            "from": [ 3.0, 15.0, 5.0 ], 
            "to": [ 13.0, 21.0, 10.0 ], 
            "faces": {
                "north": { "texture": "#0", "uv": [ 2.0, 10.0, 8.0, 14.0 ] },
                "east": { "texture": "#0", "uv": [ 5.0, 10.0, 8.0, 14.0 ] },
                "south": { "texture": "#0", "uv": [ 0.0, 11.0, 5.0, 14.0 ] },
                "west": { "texture": "#0", "uv": [ 12.0, 6.0, 15.0, 9.0 ] },
                "up": { "texture": "#0", "uv": [ 0.0, 10.0, 5.0, 13.0 ] },
                "down": { "texture": "#0", "uv": [ 0.0, 13.0, 5.0, 16.0 ] }
            }
        },
        {
            "name": "body2",
            "from": [ 4.0, 9.0, 5.500000007450581 ], 
            "to": [ 12.0, 15.0, 9.50000000745058 ], 
            "faces": {
                "north": { "texture": "#0", "uv": [ 9.0, 10.0, 14.0, 15.0 ] },
                "east": { "texture": "#0", "uv": [ 8.0, 10.0, 12.0, 15.0 ] },
                "south": { "texture": "#0", "uv": [ 8.0, 10.0, 14.0, 15.0 ] },
                "west": { "texture": "#0", "uv": [ 9.0, 10.0, 13.0, 15.0 ] },
                "up": { "texture": "#0", "uv": [ 0.0, 0.0, 4.0, 5.0 ] },
                "down": { "texture": "#0", "uv": [ 0.0, 0.0, 5.0, 4.0 ] }
            }
        },
        {
            "name": "leg r",
            "from": [ 4.0, 0.0, 6.0 ], 
            "to": [ 7.0, 10.0, 9.0 ], 
            "faces": {
                "north": { "texture": "#0", "uv": [ 4.0, 10.0, 6.0, 16.0 ] },
                "east": { "texture": "#0", "uv": [ 3.0, 10.0, 5.0, 16.0 ] },
                "south": { "texture": "#0", "uv": [ 5.0, 10.0, 7.0, 16.0 ] },
                "west": { "texture": "#0", "uv": [ 5.0, 10.0, 7.0, 16.0 ] },
                "up": { "texture": "#0", "uv": [ 0.0, 0.0, 2.0, 2.0 ] },
                "down": { "texture": "#0", "uv": [ 0.0, 0.0, 2.0, 2.0 ] }
            }
        },
        {
            "name": "leg l",
            "from": [ 9.0, 0.0, 6.0 ], 
            "to": [ 12.0, 10.0, 9.0 ], 
            "faces": {
                "north": { "texture": "#0", "uv": [ 3.0, 10.0, 5.0, 16.0 ] },
                "east": { "texture": "#0", "uv": [ 5.0, 10.0, 7.0, 16.0 ] },
                "south": { "texture": "#0", "uv": [ 5.0, 10.0, 7.0, 16.0 ] },
                "west": { "texture": "#0", "uv": [ 2.0, 10.0, 4.0, 16.0 ] },
                "up": { "texture": "#0", "uv": [ 0.0, 0.0, 2.0, 2.0 ] },
                "down": { "texture": "#0", "uv": [ 0.0, 0.0, 2.0, 2.0 ] }
            }
        },
        {
            "name": "arm",
            "from": [ 1.0, 10.0, 6.0 ], 
            "to": [ 3.0, 20.0, 9.0 ], 
            "faces": {
                "north": { "texture": "#0", "uv": [ 4.0, 10.0, 6.0, 16.0 ] },
                "east": { "texture": "#0", "uv": [ 3.0, 10.0, 5.0, 16.0 ] },
                "south": { "texture": "#0", "uv": [ 5.0, 10.0, 7.0, 16.0 ] },
                "west": { "texture": "#0", "uv": [ 5.0, 10.0, 7.0, 16.0 ] },
                "up": { "texture": "#0", "uv": [ 3.0, 10.0, 5.0, 12.0 ] },
                "down": { "texture": "#0", "uv": [ 0.0, 0.0, 2.0, 2.0 ] }
            }
        },
        {
            "name": "arm2",
            "from": [ 13.0, 10.0, 6.0 ], 
            "to": [ 15.0, 20.0, 9.0 ], 
            "faces": {
                "north": { "texture": "#0", "uv": [ 4.0, 10.0, 6.0, 16.0 ] },
                "east": { "texture": "#0", "uv": [ 3.0, 10.0, 5.0, 16.0 ] },
                "south": { "texture": "#0", "uv": [ 5.0, 10.0, 7.0, 16.0 ] },
                "west": { "texture": "#0", "uv": [ 5.0, 10.0, 7.0, 16.0 ] },
                "up": { "texture": "#0", "uv": [ 3.0, 10.0, 5.0, 12.0 ] },
                "down": { "texture": "#0", "uv": [ 0.0, 0.0, 2.0, 2.0 ] }
            }
        },
        {
            "name": "weapon",
            "from": [ 1.4999999925494194, 10.50000000745058, 5.0 ], 
            "to": [ 2.4999999925494194, 11.50000000745058, 13.0 ], 
            "faces": {
                "north": { "texture": "#1", "uv": [ 0.0, 0.0, 1.0, 1.0 ] },
                "east": { "texture": "#1", "uv": [ 0.0, 7.0, 5.0, 6.0 ] },
                "south": { "texture": "#1", "uv": [ 0.0, 0.0, 5.0, 2.0 ] },
                "west": { "texture": "#1", "uv": [ 0.0, 0.0, 6.0, 1.0 ] },
                "up": { "texture": "#1", "uv": [ 0.0, 0.0, 1.0, 8.0 ] },
                "down": { "texture": "#1", "uv": [ 0.0, 0.0, 1.0, 8.0 ] }
            }
        },
        {
            "name": "Cube",
            "from": [ 0.4999999925494194, 9.50000000745058, 13.0 ], 
            "to": [ 3.4999999925494194, 12.50000000745058, 19.0 ], 
            "faces": {
                "north": { "texture": "#1", "uv": [ 0.0, 0.0, 3.0, 3.0 ] },
                "east": { "texture": "#1", "uv": [ 0.0, 0.0, 6.0, 3.0 ] },
                "south": { "texture": "#1", "uv": [ 0.0, 0.0, 3.0, 3.0 ] },
                "west": { "texture": "#1", "uv": [ 0.0, 0.0, 6.0, 3.0 ] },
                "up": { "texture": "#1", "uv": [ 0.0, 0.0, 3.0, 6.0 ] },
                "down": { "texture": "#1", "uv": [ 0.0, 0.0, 3.0, 6.0 ] }
            }
        },
        {
            "name": "Cube",
            "from": [ 0.0, 10.50000000745058, 14.0 ], 
            "to": [ 1.0, 11.50000000745058, 15.0 ], 
            "faces": {
                "north": { "texture": "#1", "uv": [ 0.0, 0.0, 1.0, 1.0 ] },
                "east": { "texture": "#1", "uv": [ 0.0, 0.0, 1.0, 1.0 ] },
                "south": { "texture": "#1", "uv": [ 0.0, 0.0, 1.0, 1.0 ] },
                "west": { "texture": "#1", "uv": [ 0.0, 0.0, 1.0, 1.0 ] },
                "up": { "texture": "#1", "uv": [ 0.0, 0.0, 1.0, 1.0 ] },
                "down": { "texture": "#1", "uv": [ 0.0, 0.0, 1.0, 1.0 ] }
            }
        },
        {
            "name": "Cube",
            "from": [ 0.0, 10.50000000745058, 17.0 ], 
            "to": [ 1.0, 11.50000000745058, 18.0 ], 
            "faces": {
                "north": { "texture": "#1", "uv": [ 0.0, 0.0, 1.0, 1.0 ] },
                "east": { "texture": "#1", "uv": [ 0.0, 0.0, 1.0, 1.0 ] },
                "south": { "texture": "#1", "uv": [ 0.0, 0.0, 1.0, 1.0 ] },
                "west": { "texture": "#1", "uv": [ 0.0, 0.0, 1.0, 1.0 ] },
                "up": { "texture": "#1", "uv": [ 0.0, 0.0, 1.0, 1.0 ] },
                "down": { "texture": "#1", "uv": [ 0.0, 0.0, 1.0, 1.0 ] }
            }
        },
        {
            "name": "Cube",
            "from": [ 3.0, 10.50000000745058, 17.0 ], 
            "to": [ 4.0, 11.50000000745058, 18.0 ], 
            "faces": {
                "north": { "texture": "#1", "uv": [ 0.0, 0.0, 1.0, 1.0 ] },
                "east": { "texture": "#1", "uv": [ 0.0, 0.0, 1.0, 1.0 ] },
                "south": { "texture": "#1", "uv": [ 0.0, 0.0, 1.0, 1.0 ] },
                "west": { "texture": "#1", "uv": [ 0.0, 0.0, 1.0, 1.0 ] },
                "up": { "texture": "#1", "uv": [ 0.0, 0.0, 1.0, 1.0 ] },
                "down": { "texture": "#1", "uv": [ 0.0, 0.0, 1.0, 1.0 ] }
            }
        },
        {
            "name": "Cube",
            "from": [ 3.0, 10.50000000745058, 14.0 ], 
            "to": [ 4.0, 11.50000000745058, 15.0 ], 
            "faces": {
                "north": { "texture": "#1", "uv": [ 0.0, 0.0, 1.0, 1.0 ] },
                "east": { "texture": "#1", "uv": [ 0.0, 0.0, 1.0, 1.0 ] },
                "south": { "texture": "#1", "uv": [ 0.0, 0.0, 1.0, 1.0 ] },
                "west": { "texture": "#1", "uv": [ 0.0, 0.0, 1.0, 1.0 ] },
                "up": { "texture": "#1", "uv": [ 0.0, 0.0, 1.0, 1.0 ] },
                "down": { "texture": "#1", "uv": [ 0.0, 0.0, 1.0, 1.0 ] }
            }
        },
        {
            "name": "Cube",
            "from": [ 1.5000000074505806, 10.50000000745058, 18.69999999552965 ], 
            "to": [ 2.5000000074505806, 11.50000000745058, 19.69999999552965 ], 
            "faces": {
                "north": { "texture": "#1", "uv": [ 0.0, 0.0, 1.0, 1.0 ] },
                "east": { "texture": "#1", "uv": [ 0.0, 0.0, 1.0, 1.0 ] },
                "south": { "texture": "#1", "uv": [ 0.0, 0.0, 1.0, 1.0 ] },
                "west": { "texture": "#1", "uv": [ 0.0, 0.0, 1.0, 1.0 ] },
                "up": { "texture": "#1", "uv": [ 0.0, 0.0, 1.0, 1.0 ] },
                "down": { "texture": "#1", "uv": [ 0.0, 0.0, 1.0, 1.0 ] }
            }
        },
        {
            "name": "Cube",
            "from": [ 1.5000000074505806, 12.000000014901161, 17.0 ], 
            "to": [ 2.5000000074505806, 13.000000014901161, 18.0 ], 
            "faces": {
                "north": { "texture": "#1", "uv": [ 0.0, 0.0, 1.0, 1.0 ] },
                "east": { "texture": "#1", "uv": [ 0.0, 0.0, 1.0, 1.0 ] },
                "south": { "texture": "#1", "uv": [ 0.0, 0.0, 1.0, 1.0 ] },
                "west": { "texture": "#1", "uv": [ 0.0, 0.0, 1.0, 1.0 ] },
                "up": { "texture": "#1", "uv": [ 0.0, 0.0, 1.0, 1.0 ] },
                "down": { "texture": "#1", "uv": [ 0.0, 0.0, 1.0, 1.0 ] }
            }
        },
        {
            "name": "Cube",
            "from": [ 1.5000000074505806, 12.000000014901161, 14.0 ], 
            "to": [ 2.5000000074505806, 13.000000014901161, 15.0 ], 
            "faces": {
                "north": { "texture": "#1", "uv": [ 0.0, 0.0, 1.0, 1.0 ] },
                "east": { "texture": "#1", "uv": [ 0.0, 0.0, 1.0, 1.0 ] },
                "south": { "texture": "#1", "uv": [ 0.0, 0.0, 1.0, 1.0 ] },
                "west": { "texture": "#1", "uv": [ 0.0, 0.0, 1.0, 1.0 ] },
                "up": { "texture": "#1", "uv": [ 0.0, 0.0, 1.0, 1.0 ] },
                "down": { "texture": "#1", "uv": [ 0.0, 0.0, 1.0, 1.0 ] }
            }
        },
        {
            "name": "Cube",
            "from": [ 1.5000000074505806, 9.000000014901161, 14.0 ], 
            "to": [ 2.5000000074505806, 10.000000014901161, 15.0 ], 
            "faces": {
                "north": { "texture": "#1", "uv": [ 0.0, 0.0, 1.0, 1.0 ] },
                "east": { "texture": "#1", "uv": [ 0.0, 0.0, 1.0, 1.0 ] },
                "south": { "texture": "#1", "uv": [ 0.0, 0.0, 1.0, 1.0 ] },
                "west": { "texture": "#1", "uv": [ 0.0, 0.0, 1.0, 1.0 ] },
                "up": { "texture": "#1", "uv": [ 0.0, 0.0, 1.0, 1.0 ] },
                "down": { "texture": "#1", "uv": [ 0.0, 0.0, 1.0, 1.0 ] }
            }
        },
        {
            "name": "Cube",
            "from": [ 1.5000000074505806, 9.000000014901161, 17.0 ], 
            "to": [ 2.5000000074505806, 10.000000014901161, 18.0 ], 
            "faces": {
                "north": { "texture": "#1", "uv": [ 0.0, 0.0, 1.0, 1.0 ] },
                "east": { "texture": "#1", "uv": [ 0.0, 0.0, 1.0, 1.0 ] },
                "south": { "texture": "#1", "uv": [ 0.0, 0.0, 1.0, 1.0 ] },
                "west": { "texture": "#1", "uv": [ 0.0, 0.0, 1.0, 1.0 ] },
                "up": { "texture": "#1", "uv": [ 0.0, 0.0, 1.0, 1.0 ] },
                "down": { "texture": "#1", "uv": [ 0.0, 0.0, 1.0, 1.0 ] }
            }
        },
        {
            "name": "cuff",
            "from": [ 12.50000000745058, 11.0, 5.799999997019768 ], 
            "to": [ 15.50000000745058, 13.0, 9.200000002980232 ], 
            "faces": {
                "north": { "texture": "#1", "uv": [ 8.0, 5.0, 13.0, 9.0 ] },
                "east": { "texture": "#1", "uv": [ 7.0, 5.0, 11.400000005960464, 9.0 ] },
                "south": { "texture": "#1", "uv": [ 9.0, 5.0, 13.0, 9.0 ] },
                "west": { "texture": "#1", "uv": [ 8.0, 5.0, 13.400000005960464, 9.0 ] },
                "up": { "texture": "#1", "uv": [ 7.0, 5.0, 10.0, 5.4000000059604645 ] },
                "down": { "texture": "#1", "uv": [ 10.0, 5.0, 14.0, 5.4000000059604645 ] }
            }
        },
        {
            "name": "Cube",
            "from": [ 0.5000000074505806, 11.0, 5.799999997019768 ], 
            "to": [ 3.5000000074505806, 13.0, 9.200000002980232 ], 
            "faces": {
                "north": { "texture": "#1", "uv": [ 8.0, 5.0, 13.0, 9.0 ] },
                "east": { "texture": "#1", "uv": [ 7.0, 5.0, 11.400000005960464, 9.0 ] },
                "south": { "texture": "#1", "uv": [ 9.0, 5.0, 13.0, 9.0 ] },
                "west": { "texture": "#1", "uv": [ 8.0, 5.0, 13.400000005960464, 9.0 ] },
                "up": { "texture": "#1", "uv": [ 7.0, 5.0, 10.0, 5.4000000059604645 ] },
                "down": { "texture": "#1", "uv": [ 10.0, 5.0, 14.0, 5.4000000059604645 ] }
            }
        },
        {
            "name": "skull",
            "from": [ 6.499999992549419, 11.49999999254942, 8.999999985098839 ], 
            "to": [ 9.49999999254942, 14.49999999254942, 9.999999985098839 ], 
            "faces": {
                "north": { "texture": "#1", "uv": [ 9.0, 0.0, 12.0, 3.0 ] },
                "east": { "texture": "#1", "uv": [ 11.0, 0.0, 12.0, 3.0 ] },
                "south": { "texture": "#1", "uv": [ 8.0, 0.0, 14.0, 5.0 ] },
                "west": { "texture": "#1", "uv": [ 10.0, 0.0, 11.0, 3.0 ] },
                "up": { "texture": "#1", "uv": [ 9.0, 1.0, 12.0, 2.0 ] },
                "down": { "texture": "#1", "uv": [ 10.0, 1.0, 13.0, 2.0 ] }
            }
        }
    ],"display": {
    "thirdperson_lefthand": {"rotation": [ 30, 45, 0], "translation": [ 0, 0, 0 ], "scale": [ 0.4, 0.4, 0.4 ]},
    "thirdperson_righthand": {"rotation": [ 30, 45, 0], "translation": [ 0, 0, 0 ], "scale": [ 0.4, 0.4, 0.4 ]},
    "firstperson_lefthand": {"rotation": [ 0, 45, 0 ], "translation": [ 0, 1, 0 ], "scale": [ 0.4, 0.4, 0.4 ]},
    "firstperson_righthand": {"rotation": [ 0, 45, 0 ], "translation": [ 0, 1, 0 ], "scale": [ 0.4, 0.4, 0.4 ]},
    "gui": {"rotation": [ 30, 45, 0 ], "translation": [ 0, 0, 0 ], "scale": [ 0.65, 0.65, 0.65 ]},
    "ground": {"rotation": [ 0, 0, 180], "translation": [ 0, 0, 0 ], "scale":[1,1,1]},
    "head": {"rotation": [ 0, 180, 0], "translation": [ 0, -30, 0 ], "scale": [ 2, 2, 2 ]},
    "fixed": {"rotation": [ 0, 0, 0], "translation": [ 0, 0, 0 ], "scale":[3,3,3]}
}
}