{
    "__comment": "Model animated using Fizzy's model animator - http://fizzy81.github.io/animated-models/", 
    "textures": {
        "main": "mobs/ice_creeper_hurt"
    }, 
    "elements": [
        {
            "name": "head", 
            "from": [ 4, 18, 4 ], 
            "to":   [ 12, 26, 12 ], 
            "faces": {
                "north": { "texture": "#main", "uv": [ 2, 2, 4, 4 ] }, 
                "east":  { "texture": "#main", "uv": [ 0, 2, 2, 4 ] }, 
                "south": { "texture": "#main", "uv": [ 0, 0, 2, 2 ] }, 
                "west":  { "texture": "#main", "uv": [ 4, 2, 6, 4 ] }, 
                "up":    { "texture": "#main", "uv": [ 2, 0, 4, 2 ] }, 
                "down":  { "texture": "#main", "uv": [ 4, 0, 6, 2 ] }
            }
        }, 
        {
            "name": "body", 
            "from": [ 4, 6, 6 ], 
            "to":   [ 12, 18, 10 ], 
            "faces": {
                "north": { "texture": "#main", "uv": [ 1, 4.5, 3, 8 ] }, 
                "east":  { "texture": "#main", "uv": [ 0, 4.5, 1, 8 ] }, 
                "south": { "texture": "#main", "uv": [ 3, 4.5, 5, 8 ] }, 
                "west":  { "texture": "#main", "uv": [ 5, 5, 6, 8 ] }, 
                "up":    { "texture": "#main", "uv": [ 0, 4, 2, 5 ] }, 
                "down":  { "texture": "#main", "uv": [ 2.5, 4, 4.5, 5 ] }
            }
        }, 
        {
            "name": "R f leg", 
            "from": [ 4, 0, 2 ], 
            "to":   [ 8, 6, 6 ], 
            "faces": {
                "north": { "texture": "#main", "uv": [ 6, 0, 7, 1.5 ] }, 
                "east":  { "texture": "#main", "uv": [ 6, 1.5, 7, 3 ] }, 
                "south": { "texture": "#main", "uv": [ 0, 4, 1, 5.5 ] }, 
                "west":  { "texture": "#main", "uv": [ 7, 0, 8, 1.5 ] }, 
                "up":    { "texture": "#main", "uv": [ 1.5, 4, 2.5, 5 ] }, 
                "down":  { "texture": "#main", "uv": [ 5, 4, 6, 5 ] }
            }
        }, 
        {
            "name": "Left f leg", 
            "from": [ 8, 0, 2 ], 
            "to":   [ 12, 6, 6 ], 
            "faces": {
                "north": { "texture": "#main", "uv": [ 6, 0, 7, 1.5 ] }, 
                "east":  { "texture": "#main", "uv": [ 6, 1.5, 7, 3 ] }, 
                "south": { "texture": "#main", "uv": [ 0, 4, 1, 5.5 ] }, 
                "west":  { "texture": "#main", "uv": [ 7, 0, 8, 1.5 ] }, 
                "up":    { "texture": "#main", "uv": [ 1.5, 4, 2.5, 5 ] }, 
                "down":  { "texture": "#main", "uv": [ 5, 4, 6, 5 ] }
            }
        }, 
        {
            "name": "Right b leg", 
            "from": [ 4, 0, 10 ], 
            "to":   [ 8, 6, 14 ], 
            "faces": {
                "north": { "texture": "#main", "uv": [ 6, 0, 7, 1.5 ] }, 
                "east":  { "texture": "#main", "uv": [ 6, 1.5, 7, 3 ] }, 
                "south": { "texture": "#main", "uv": [ 0, 4, 1, 5.5 ] }, 
                "west":  { "texture": "#main", "uv": [ 7, 0, 8, 1.5 ] }, 
                "up":    { "texture": "#main", "uv": [ 1.5, 4, 2.5, 5 ] }, 
                "down":  { "texture": "#main", "uv": [ 5, 4, 6, 5 ] }
            }
        }, 
        {
            "name": "Left b leg", 
            "from": [ 8, 0, 10 ], 
            "to":   [ 12, 6, 14 ], 
            "faces": {
                "north": { "texture": "#main", "uv": [ 6, 0, 7, 1.5 ] }, 
                "east":  { "texture": "#main", "uv": [ 6, 1.5, 7, 3 ] }, 
                "south": { "texture": "#main", "uv": [ 0, 4, 1, 5.5 ] }, 
                "west":  { "texture": "#main", "uv": [ 7, 0, 8, 1.5 ] }, 
                "up":    { "texture": "#main", "uv": [ 1.5, 4, 2.5, 5 ] }, 
                "down":  { "texture": "#main", "uv": [ 5, 4, 6, 5 ] }
            }
        }, 
        {
            "name": "head", 
            "from": [ 4, 18, 4 ], 
            "to":   [ 12, 26, 12 ], 
            "faces": {
                "north": { "texture": "#main", "uv": [ 10, 2, 12, 4 ] }, 
                "east":  { "texture": "#main", "uv": [ 8, 2, 10, 4 ] }, 
                "south": { "texture": "#main", "uv": [ 8, 0, 10, 2 ] }, 
                "west":  { "texture": "#main", "uv": [ 12, 2, 14, 4 ] }, 
                "up":    { "texture": "#main", "uv": [ 10, 0, 12, 2 ] }, 
                "down":  { "texture": "#main", "uv": [ 12, 0, 14, 2 ] }
            }
        }, 
        {
            "name": "body", 
            "from": [ 4, 6, 6 ], 
            "to":   [ 12, 18, 10 ], 
            "faces": {
                "north": { "texture": "#main", "uv": [ 9, 4.5, 11, 8 ] }, 
                "east":  { "texture": "#main", "uv": [ 8, 4.5, 9, 8 ] }, 
                "south": { "texture": "#main", "uv": [ 11, 4.5, 13, 8 ] }, 
                "west":  { "texture": "#main", "uv": [ 13, 5, 14, 8 ] }, 
                "up":    { "texture": "#main", "uv": [ 8, 4, 10, 5 ] }, 
                "down":  { "texture": "#main", "uv": [ 10.5, 4, 12.5, 5 ] }
            }
        }, 
        {
            "name": "R f leg", 
            "from": [ 4, 0, 2 ], 
            "to":   [ 8, 6, 6 ], 
            "rotation": { "origin": [8, 6, 6], "axis": "x", "angle": -22.5 }, 
            "faces": {
                "north": { "texture": "#main", "uv": [ 14, 0, 15, 1.5 ] }, 
                "east":  { "texture": "#main", "uv": [ 14, 1.5, 15, 3 ] }, 
                "south": { "texture": "#main", "uv": [ 8, 4, 9, 5.5 ] }, 
                "west":  { "texture": "#main", "uv": [ 15, 0, 16, 1.5 ] }, 
                "up":    { "texture": "#main", "uv": [ 9.5, 4, 10.5, 5 ] }, 
                "down":  { "texture": "#main", "uv": [ 13, 4, 14, 5 ] }
            }
        }, 
        {
            "name": "Left f leg", 
            "from": [ 8, 0, 2 ], 
            "to":   [ 12, 6, 6 ], 
            "rotation": { "origin": [8, 6, 6], "axis": "x", "angle": 22.5 }, 
            "faces": {
                "north": { "texture": "#main", "uv": [ 14, 0, 15, 1.5 ] }, 
                "east":  { "texture": "#main", "uv": [ 14, 1.5, 15, 3 ] }, 
                "south": { "texture": "#main", "uv": [ 8, 4, 9, 5.5 ] }, 
                "west":  { "texture": "#main", "uv": [ 15, 0, 16, 1.5 ] }, 
                "up":    { "texture": "#main", "uv": [ 9.5, 4, 10.5, 5 ] }, 
                "down":  { "texture": "#main", "uv": [ 13, 4, 14, 5 ] }
            }
        }, 
        {
            "name": "Right b leg", 
            "from": [ 4, 0, 10 ], 
            "to":   [ 8, 6, 14 ], 
            "rotation": { "origin": [8, 6, 10], "axis": "x", "angle": 22.5 }, 
            "faces": {
                "north": { "texture": "#main", "uv": [ 14, 0, 15, 1.5 ] }, 
                "east":  { "texture": "#main", "uv": [ 14, 1.5, 15, 3 ] }, 
                "south": { "texture": "#main", "uv": [ 8, 4, 9, 5.5 ] }, 
                "west":  { "texture": "#main", "uv": [ 15, 0, 16, 1.5 ] }, 
                "up":    { "texture": "#main", "uv": [ 9.5, 4, 10.5, 5 ] }, 
                "down":  { "texture": "#main", "uv": [ 13, 4, 14, 5 ] }
            }
        }, 
        {
            "name": "Left b leg", 
            "from": [ 8, 0, 10 ], 
            "to":   [ 12, 6, 14 ], 
            "rotation": { "origin": [8, 6, 10], "axis": "x", "angle": -22.5 }, 
            "faces": {
                "north": { "texture": "#main", "uv": [ 14, 0, 15, 1.5 ] }, 
                "east":  { "texture": "#main", "uv": [ 14, 1.5, 15, 3 ] }, 
                "south": { "texture": "#main", "uv": [ 8, 4, 9, 5.5 ] }, 
                "west":  { "texture": "#main", "uv": [ 15, 0, 16, 1.5 ] }, 
                "up":    { "texture": "#main", "uv": [ 9.5, 4, 10.5, 5 ] }, 
                "down":  { "texture": "#main", "uv": [ 13, 4, 14, 5 ] }
            }
        }, 
        {
            "name": "head", 
            "from": [ 4, 18, 4 ], 
            "to":   [ 12, 26, 12 ], 
            "faces": {
                "north": { "texture": "#main", "uv": [ 2, 10, 4, 12 ] }, 
                "east":  { "texture": "#main", "uv": [ 0, 10, 2, 12 ] }, 
                "south": { "texture": "#main", "uv": [ 0, 8, 2, 10 ] }, 
                "west":  { "texture": "#main", "uv": [ 4, 10, 6, 12 ] }, 
                "up":    { "texture": "#main", "uv": [ 2, 8, 4, 10 ] }, 
                "down":  { "texture": "#main", "uv": [ 4, 8, 6, 10 ] }
            }
        }, 
        {
            "name": "body", 
            "from": [ 4, 6, 6 ], 
            "to":   [ 12, 18, 10 ], 
            "faces": {
                "north": { "texture": "#main", "uv": [ 1, 12.5, 3, 16 ] }, 
                "east":  { "texture": "#main", "uv": [ 0, 12.5, 1, 16 ] }, 
                "south": { "texture": "#main", "uv": [ 3, 12.5, 5, 16 ] }, 
                "west":  { "texture": "#main", "uv": [ 5, 13, 6, 16 ] }, 
                "up":    { "texture": "#main", "uv": [ 0, 12, 2, 13 ] }, 
                "down":  { "texture": "#main", "uv": [ 2.5, 12, 4.5, 13 ] }
            }
        }, 
        {
            "name": "R f leg", 
            "from": [ 4, 0, 2 ], 
            "to":   [ 8, 6, 6 ], 
            "rotation": { "origin": [8, 6, 6], "axis": "x", "angle": 22.5 }, 
            "faces": {
                "north": { "texture": "#main", "uv": [ 6, 8, 7, 9.5 ] }, 
                "east":  { "texture": "#main", "uv": [ 6, 9.5, 7, 11 ] }, 
                "south": { "texture": "#main", "uv": [ 0, 12, 1, 13.5 ] }, 
                "west":  { "texture": "#main", "uv": [ 7, 8, 8, 9.5 ] }, 
                "up":    { "texture": "#main", "uv": [ 1.5, 12, 2.5, 13 ] }, 
                "down":  { "texture": "#main", "uv": [ 5, 12, 6, 13 ] }
            }
        }, 
        {
            "name": "Left f leg", 
            "from": [ 8, 0, 2 ], 
            "to":   [ 12, 6, 6 ], 
            "rotation": { "origin": [8, 6, 6], "axis": "x", "angle": -22.5 }, 
            "faces": {
                "north": { "texture": "#main", "uv": [ 6, 8, 7, 9.5 ] }, 
                "east":  { "texture": "#main", "uv": [ 6, 9.5, 7, 11 ] }, 
                "south": { "texture": "#main", "uv": [ 0, 12, 1, 13.5 ] }, 
                "west":  { "texture": "#main", "uv": [ 7, 8, 8, 9.5 ] }, 
                "up":    { "texture": "#main", "uv": [ 1.5, 12, 2.5, 13 ] }, 
                "down":  { "texture": "#main", "uv": [ 5, 12, 6, 13 ] }
            }
        }, 
        {
            "name": "Right b leg", 
            "from": [ 4, 0, 10 ], 
            "to":   [ 8, 6, 14 ], 
            "rotation": { "origin": [8, 6, 10], "axis": "x", "angle": -22.5 }, 
            "faces": {
                "north": { "texture": "#main", "uv": [ 6, 8, 7, 9.5 ] }, 
                "east":  { "texture": "#main", "uv": [ 6, 9.5, 7, 11 ] }, 
                "south": { "texture": "#main", "uv": [ 0, 12, 1, 13.5 ] }, 
                "west":  { "texture": "#main", "uv": [ 7, 8, 8, 9.5 ] }, 
                "up":    { "texture": "#main", "uv": [ 1.5, 12, 2.5, 13 ] }, 
                "down":  { "texture": "#main", "uv": [ 5, 12, 6, 13 ] }
            }
        }, 
        {
            "name": "Left b leg", 
            "from": [ 8, 0, 10 ], 
            "to":   [ 12, 6, 14 ], 
            "rotation": { "origin": [8, 6, 10], "axis": "x", "angle": 22.5 }, 
            "faces": {
                "north": { "texture": "#main", "uv": [ 6, 8, 7, 9.5 ] }, 
                "east":  { "texture": "#main", "uv": [ 6, 9.5, 7, 11 ] }, 
                "south": { "texture": "#main", "uv": [ 0, 12, 1, 13.5 ] }, 
                "west":  { "texture": "#main", "uv": [ 7, 8, 8, 9.5 ] }, 
                "up":    { "texture": "#main", "uv": [ 1.5, 12, 2.5, 13 ] }, 
                "down":  { "texture": "#main", "uv": [ 5, 12, 6, 13 ] }
            }
        }
    ],
"display": {
    "head": {
        "rotation": [ 0, 0, 0 ],
        "translation": [ 0, -32, 0 ],
        "scale": [ 1.5, 1.5, 1.5 ]
    }
}
}