{
    "__comment": "Model generated using MrCrayfish's Model Creator (http://mrcrayfish.com/modelcreator/)",
    "textures": {
        "0": "mobs/ice_creeper"
    },
    "elements": [
        {
            "name": "head",
            "from": [ 4.0, 18.0, 4.0 ], 
            "to": [ 12.0, 26.0, 12.0 ], 
            "faces": {
                "north": { "texture": "#0", "uv": [ 4.0, 4.0, 8.0, 8.0 ] },
                "east": { "texture": "#0", "uv": [ 0.0, 4.0, 4.0, 8.0 ] },
                "south": { "texture": "#0", "uv": [ 0.0, 0.0, 4.0, 4.0 ] },
                "west": { "texture": "#0", "uv": [ 8.0, 4.0, 12.0, 8.0 ] },
                "up": { "texture": "#0", "uv": [ 4.0, 0.0, 8.0, 4.0 ] },
                "down": { "texture": "#0", "uv": [ 8.0, 0.0, 12.0, 4.0 ] }
            }
        },
        {
            "name": "body",
            "from": [ 4.0, 6.0, 6.0 ], 
            "to": [ 12.0, 18.0, 10.0 ], 
            "faces": {
                "north": { "texture": "#0", "uv": [ 2.0, 9.0, 6.0, 16.0 ] },
                "east": { "texture": "#0", "uv": [ 0.0, 9.0, 2.0, 16.0 ] },
                "south": { "texture": "#0", "uv": [ 6.0, 9.0, 10.0, 16.0 ] },
                "west": { "texture": "#0", "uv": [ 10.0, 10.0, 12.0, 16.0 ] },
                "up": { "texture": "#0", "uv": [ 0.0, 8.0, 4.0, 10.0 ] },
                "down": { "texture": "#0", "uv": [ 5.0, 8.0, 9.0, 10.0 ] }
            }
        },
        {
            "name": "R f leg",
            "from": [ 4.0, 0.0, 2.0 ], 
            "to": [ 8.0, 6.0, 6.0 ], 
            "faces": {
                "north": { "texture": "#0", "uv": [ 12.0, 0.0, 14.0, 3.0 ] },
                "east": { "texture": "#0", "uv": [ 12.0, 3.0, 14.0, 6.0 ] },
                "south": { "texture": "#0", "uv": [ 0.0, 8.0, 2.0, 11.0 ] },
                "west": { "texture": "#0", "uv": [ 14.0, 0.0, 16.0, 3.0 ] },
                "up": { "texture": "#0", "uv": [ 3.0, 8.0, 5.0, 10.0 ] },
                "down": { "texture": "#0", "uv": [ 10.0, 8.0, 12.0, 10.0 ] }
            }
        },
        {
            "name": "Left f leg",
            "from": [ 8.0, 0.0, 2.0 ], 
            "to": [ 12.0, 6.0, 6.0 ], 
            "faces": {
                "north": { "texture": "#0", "uv": [ 12.0, 0.0, 14.0, 3.0 ] },
                "east": { "texture": "#0", "uv": [ 12.0, 3.0, 14.0, 6.0 ] },
                "south": { "texture": "#0", "uv": [ 0.0, 8.0, 2.0, 11.0 ] },
                "west": { "texture": "#0", "uv": [ 14.0, 0.0, 16.0, 3.0 ] },
                "up": { "texture": "#0", "uv": [ 3.0, 8.0, 5.0, 10.0 ] },
                "down": { "texture": "#0", "uv": [ 10.0, 8.0, 12.0, 10.0 ] }
            }
        },
        {
            "name": "Right b leg",
            "from": [ 4.0, 0.0, 10.0 ], 
            "to": [ 8.0, 6.0, 14.0 ], 
            "faces": {
                "north": { "texture": "#0", "uv": [ 12.0, 0.0, 14.0, 3.0 ] },
                "east": { "texture": "#0", "uv": [ 12.0, 3.0, 14.0, 6.0 ] },
                "south": { "texture": "#0", "uv": [ 0.0, 8.0, 2.0, 11.0 ] },
                "west": { "texture": "#0", "uv": [ 14.0, 0.0, 16.0, 3.0 ] },
                "up": { "texture": "#0", "uv": [ 3.0, 8.0, 5.0, 10.0 ] },
                "down": { "texture": "#0", "uv": [ 10.0, 8.0, 12.0, 10.0 ] }
            }
        },
        {
            "name": "Left b leg",
            "from": [ 8.0, 0.0, 10.0 ], 
            "to": [ 12.0, 6.0, 14.0 ], 
            "faces": {
                "north": { "texture": "#0", "uv": [ 12.0, 0.0, 14.0, 3.0 ] },
                "east": { "texture": "#0", "uv": [ 12.0, 3.0, 14.0, 6.0 ] },
                "south": { "texture": "#0", "uv": [ 0.0, 8.0, 2.0, 11.0 ] },
                "west": { "texture": "#0", "uv": [ 14.0, 0.0, 16.0, 3.0 ] },
                "up": { "texture": "#0", "uv": [ 3.0, 8.0, 5.0, 10.0 ] },
                "down": { "texture": "#0", "uv": [ 10.0, 8.0, 12.0, 10.0 ] }
            }
        }
    ],
"display": {
    "head": {
        "rotation": [ 0, 0, 0 ],
        "translation": [ 0, -32, 0 ],
        "scale": [ 1.5, 1.5, 1.5 ]
    }
}
}