{
    "__comment": "Model generated using MrCrayfish's Model Creator (http://mrcrayfish.com/modelcreator/)",
    "textures": {
        "0": "mobs/jungle_zombie"
    },
    "elements": [
        {
            "name": "head",
            "from": [ 4.0, 15.0, 4.0 ], 
            "to": [ 12.0, 23.0, 12.0 ], 
            "faces": {
                "north": { "texture": "#0", "uv": [ 8.0, 4.0, 12.0, 8.0 ] },
                "east": { "texture": "#0", "uv": [ 12.0, 4.0, 16.0, 8.0 ] },
                "south": { "texture": "#0", "uv": [ 12.0, 4.0, 16.0, 8.0 ] },
                "west": { "texture": "#0", "uv": [ 12.0, 4.0, 16.0, 8.0 ] },
                "up": { "texture": "#0", "uv": [ 8.0, 0.0, 12.0, 4.0 ] },
                "down": { "texture": "#0", "uv": [ 12.0, 0.0, 16.0, 4.0 ] }
            }
        },
        {
            "name": "Cubeinhead",
            "from": [ 4.100000016391277, 15.100000016391277, 4.100000016391277 ], 
            "to": [ 11.900000013411045, 22.900000013411045, 11.900000013411045 ], 
            "faces": {
                "north": { "texture": "#0", "uv": [ 0.0, 12.0, 4.0, 16.0 ] },
                "east": { "texture": "#0", "uv": [ 0.0, 8.0, 4.0, 12.0 ] },
                "south": { "texture": "#0", "uv": [ 4.0, 12.0, 8.0, 16.0 ] },
                "west": { "texture": "#0", "uv": [ 4.0, 12.0, 8.0, 16.0 ] },
                "up": { "texture": "#0", "uv": [ 0.0, 8.0, 4.0, 12.0 ] },
                "down": { "texture": "#0", "uv": [ 4.0, 8.0, 8.0, 12.0 ] }
            }
        },
        {
            "name": "vines",
            "from": [ 4.0, 7.0, 12.100000001490116 ], 
            "to": [ 12.0, 23.0, 12.099999986588955 ], 
            "faces": {
                "north": { "texture": "#0", "uv": [ 9.0, 8.0, 13.0, 16.0 ] },
                "east": { "texture": "#0", "uv": [ 0.0, 0.0, -1.4901161193847656E-8, 16.0 ] },
                "south": { "texture": "#0", "uv": [ 3.0, 0.0, 7.0, 8.0 ] },
                "west": { "texture": "#0", "uv": [ 0.0, 0.0, -1.4901161193847656E-8, 16.0 ] },
                "up": { "texture": "#0", "uv": [ 0.0, 0.0, 8.0, -1.4901161193847656E-8 ] },
                "down": { "texture": "#0", "uv": [ 0.0, 0.0, 8.0, -1.4901161193847656E-8 ] }
            }
        },
        {
            "name": "Cube",
            "from": [ 3.899999998509884, 8.0, 4.0 ], 
            "to": [ 3.899999998509884, 23.0, 12.0 ], 
            "faces": {
                "north": { "texture": "#0", "uv": [ 0.0, 0.0, 4.0, 8.0 ] },
                "east": { "texture": "#0", "uv": [ 11.0, 8.0, 15.0, 16.0 ] },
                "south": { "texture": "#0", "uv": [ 0.0, 0.0, 4.0, 8.0 ] },
                "west": { "texture": "#0", "uv": [ 3.0, 0.0, 7.0, 8.0 ] },
                "up": { "texture": "#0", "uv": [ 0.0, 0.0, 0.0, 8.0 ] },
                "down": { "texture": "#0", "uv": [ 0.0, 0.0, 0.0, 8.0 ] }
            }
        },
        {
            "name": "Cube",
            "from": [ 12.100000001490116, 13.0, 4.0 ], 
            "to": [ 12.100000001490116, 23.0, 12.0 ], 
            "faces": {
                "north": { "texture": "#0", "uv": [ 0.0, 0.0, 4.0, 8.0 ] },
                "east": { "texture": "#0", "uv": [ 0.0, 0.0, 4.0, 5.0 ] },
                "south": { "texture": "#0", "uv": [ 0.0, 0.0, 4.0, 8.0 ] },
                "west": { "texture": "#0", "uv": [ 8.0, 10.0, 12.0, 15.0 ] },
                "up": { "texture": "#0", "uv": [ 0.0, 0.0, 0.0, 8.0 ] },
                "down": { "texture": "#0", "uv": [ 0.0, 0.0, 0.0, 8.0 ] }
            }
        },
        {
            "name": "Cube",
            "from": [ 4.0, 23.0, 4.0 ], 
            "to": [ 12.0, 23.099999986588955, 12.0 ], 
            "faces": {
                "north": { "texture": "#0", "uv": [ 0.0, 0.0, 8.0, 8.099999986588955 ] },
                "east": { "texture": "#0", "uv": [ 0.0, 0.0, 8.0, 0.09999998658895493 ] },
                "south": { "texture": "#0", "uv": [ 0.0, 0.0, 8.0, 0.09999998658895493 ] },
                "west": { "texture": "#0", "uv": [ 0.0, 1.0, 8.0, 1.099999986588955 ] },
                "up": { "texture": "#0", "uv": [ 4.0, 3.0, 8.0, 7.0 ] },
                "down": { "texture": "#0", "uv": [ 0.0, 0.0, 0.0, 0.0 ] }
            }
        },
        {
            "name": "Cube",
            "from": [ 12.100000001490116, 3.0, 4.0 ], 
            "to": [ 12.100000001490116, 13.0, 12.0 ], 
            "faces": {
                "north": { "texture": "#0", "uv": [ 0.0, 0.0, 4.0, 8.0 ] },
                "east": { "texture": "#0", "uv": [ 0.0, 0.0, 4.0, 5.0 ] },
                "south": { "texture": "#0", "uv": [ 0.0, 0.0, 4.0, 8.0 ] },
                "west": { "texture": "#0", "uv": [ 8.0, 8.0, 12.0, 13.0 ] },
                "up": { "texture": "#0", "uv": [ 0.0, 0.0, 0.0, 8.0 ] },
                "down": { "texture": "#0", "uv": [ 0.0, 0.0, 0.0, 8.0 ] }
            }
        },
        {
            "name": "Cube",
            "from": [ 4.0, -1.0, 12.100000001490116 ], 
            "to": [ 12.0, 6.999999985098839, 12.099999986588955 ], 
            "faces": {
                "north": { "texture": "#0", "uv": [ 9.0, 8.0, 13.0, 16.0 ] },
                "east": { "texture": "#0", "uv": [ 0.0, 0.0, -1.4901161193847656E-8, 16.0 ] },
                "south": { "texture": "#0", "uv": [ 1.0, 3.0, 6.0, 7.0 ] },
                "west": { "texture": "#0", "uv": [ 0.0, 0.0, -1.4901161193847656E-8, 16.0 ] },
                "up": { "texture": "#0", "uv": [ 0.0, 0.0, 8.0, -1.4901161193847656E-8 ] },
                "down": { "texture": "#0", "uv": [ 0.0, 0.0, 8.0, -1.4901161193847656E-8 ] }
            }
        },
        {
            "name": "Cube",
            "from": [ 4.0, 2.0, 6.100000001490116 ], 
            "to": [ 12.0, 18.0, 6.099999986588955 ], 
            "faces": {
                "north": { "texture": "#0", "uv": [ 4.0, 0.0, 8.0, 8.0 ] },
                "east": { "texture": "#0", "uv": [ 0.0, 0.0, -1.4901161193847656E-8, 16.0 ] },
                "south": { "texture": "#0", "uv": [ 9.0, 8.0, 13.0, 16.0 ] },
                "west": { "texture": "#0", "uv": [ 0.0, 0.0, -1.4901161193847656E-8, 16.0 ] },
                "up": { "texture": "#0", "uv": [ 0.0, 0.0, 8.0, -1.4901161193847656E-8 ] },
                "down": { "texture": "#0", "uv": [ 0.0, 0.0, 8.0, -1.4901161193847656E-8 ] }
            }
        }
    ],
"display": {
    "head": {
        "rotation": [ 0, 0, 0 ],
        "translation": [ 0, -19, 0 ],
        "scale": [ 1.8, 1.8, 1.8 ]
    }
}
}