{
    "__comment": "Model generated using MrCrayfish's Model Creator (http://mrcrayfish.com/modelcreator/)",
    "textures": {
        "0": "mobs/skeleton_zombie"
    },
    "elements": [
        {
            "name": "head",
            "from": [ 4.0, 4.0, 4.0 ], 
            "to": [ 12.0, 12.0, 12.0 ], 
            "faces": {
                "north": { "texture": "#0", "uv": [ 12.0, 12.0, 16.0, 16.0 ] },
                "east": { "texture": "#0", "uv": [ 8.0, 12.0, 12.0, 16.0 ] },
                "south": { "texture": "#0", "uv": [ 12.0, 8.0, 8.0, 12.0 ] },
                "west": { "texture": "#0", "uv": [ 14.0, 12.0, 15.0, 13.0 ] },
                "up": { "texture": "#0", "uv": [ 12.0, 8.0, 8.0, 12.0 ] },
                "down": { "texture": "#0", "uv": [ 8.0, 0.0, 12.0, 4.0 ] }
            }
        }
    ],
"display": {
    "head": {
        "rotation": [ 0, 0, 0 ],
        "translation": [ 0, 0, 0 ],
        "scale": [ 1.7, 1.7, 1.7 ]
    }
}
}