{
    "credit": "Made with Blockbench,  a free,  modern block model editor by JannisX11", 
    "textures": {
        "main": "mobs/mummy_moving"
    }, 
    "elements": [
        {
            "name": "head", 
            "from": [ 4, 23.9, 4 ], 
            "to":   [ 12, 31.9, 12 ], 
            "faces": {
                "north": { "uv": [ 6, 1.75, 8, 3.75 ], "texture": "#main" }, 
                "east":  { "uv": [ 1.5, 2.75, 3.5, 4.75 ], "texture": "#main" }, 
                "south": { "uv": [ 1, 2, 3, 4 ], "texture": "#main" }, 
                "west":  { "uv": [ 3.5, 2, 5.5, 4 ], "texture": "#main" }, 
                "up":    { "uv": [ 0, 0, 2, 2 ], "texture": "#main" }, 
                "down":  { "uv": [ 3.75, 0, 5.75, 2 ], "texture": "#main" }
            }
        }, 
        {
            "name": "body", 
            "from": [ 4, 12, 6 ], 
            "to":   [ 12, 24, 10 ], 
            "faces": {
                "north": { "uv": [ 0, 0, 2, 3 ], "texture": "#main" }, 
                "east":  { "uv": [ 4.5, 2.75, 5.5, 5.75 ], "texture": "#main" }, 
                "south": { "uv": [ 4, 5, 6, 8 ], "texture": "#main" }, 
                "west":  { "uv": [ 1.25, 2.75, 2.25, 5.75 ], "texture": "#main" }, 
                "up":    { "uv": [ 0, 0, 2, 3 ], "texture": "#main" }, 
                "down":  { "uv": [ 0, 0, 2, 3 ], "texture": "#main" }
            }
        }, 
        {
            "name": "R leg", 
            "from": [ 4, 0, 6 ], 
            "to":   [ 8, 12, 10 ], 
            "rotation": { "angle": 0, "axis": "x", "origin": [6, 10, 8] }, 
            "faces": {
                "north": { "uv": [ 1.5, 0, 2.5, 3 ], "texture": "#main" }, 
                "east":  { "uv": [ 2, 0, 3, 3 ], "texture": "#main" }, 
                "south": { "uv": [ 0.5, 0, 1.5, 3 ], "texture": "#main" }, 
                "west":  { "uv": [ 4.75, 0, 5.75, 3 ], "texture": "#main" }, 
                "up":    { "uv": [ 2, 0, 3, 3 ], "texture": "#main" }, 
                "down":  { "uv": [ 0.5, 4.75, 1.5, 5.75 ], "texture": "#main" }
            }
        }, 
        {
            "name": "L leg", 
            "from": [ 8, 0, 6 ], 
            "to":   [ 12, 12, 10 ], 
            "faces": {
                "north": { "uv": [ 2, 0, 3, 3 ], "texture": "#main" }, 
                "east":  { "uv": [ 3.5, 1.75, 4.5, 4.75 ], "texture": "#main" }, 
                "south": { "uv": [ 5, 5, 6, 8 ], "texture": "#main" }, 
                "west":  { "uv": [ 2, 0, 3, 3 ], "texture": "#main" }, 
                "up":    { "uv": [ 2, 0, 3, 3 ], "texture": "#main" }, 
                "down":  { "uv": [ 2, 0, 3, 1 ], "texture": "#main" }
            }
        }, 
        {
            "name": "L arm", 
            "from": [ 12, 20, -2 ], 
            "to":   [ 16, 24, 10 ], 
            "rotation": { "angle": 0, "axis": "x", "origin": [14, 22, 8] }, 
            "faces": {
                "north": { "uv": [ 0, 7, 1, 8 ], "texture": "#main", "rotation":90 }, 
                "east":  { "uv": [ 3, 5, 4, 8 ], "texture": "#main", "rotation":90 }, 
                "south": { "uv": [ 2, 2, 3, 3 ], "texture": "#main", "rotation":90 }, 
                "west":  { "uv": [ 2, 5, 3, 8 ], "texture": "#main", "rotation":90 }, 
                "up":    { "uv": [ 0, 5, 1, 8 ], "texture": "#main", "rotation":180 }, 
                "down":  { "uv": [ 1, 5, 2, 8 ], "texture": "#main" }
            }
        }, 
        {
            "name": "R arm", 
            "from": [ 0, 20, -2 ], 
            "to":   [ 4, 24, 10 ], 
            "rotation": { "angle": 0, "axis": "x", "origin": [2, 22, 8] }, 
            "faces": {
                "north": { "uv": [ 0, 7, 1, 8 ], "texture": "#main", "rotation":90 }, 
                "east":  { "uv": [ 1.75, 3.75, 2.75, 6.75 ], "texture": "#main", "rotation":270 }, 
                "south": { "uv": [ 4.25, 2.5, 5.25, 3.5 ], "texture": "#main", "rotation":90 }, 
                "west":  { "uv": [ 3, 4.75, 4, 7.75 ], "texture": "#main", "rotation":90 }, 
                "up":    { "uv": [ 1, 5, 2, 8 ], "texture": "#main", "rotation":180 }, 
                "down":  { "uv": [ 3, 5, 4, 8 ], "texture": "#main" }
            }
        }, 
        {
            "name": "R arm", 
            "from": [ 0.5, 20.5, -2 ], 
            "to":   [ 3.5, 23.5, 9.8 ], 
            "rotation": { "angle": 0, "axis": "y", "origin": [2.5, 22.5, 8] }, 
            "faces": {
                "north": { "uv": [ 6.25, 7, 7.25, 8 ], "texture": "#main", "rotation":90 }, 
                "east":  { "uv": [ 6.25, 5, 7.25, 8 ], "texture": "#main", "rotation":90 }, 
                "south": { "uv": [ 6.25, 7, 7.25, 8 ], "texture": "#main", "rotation":90 }, 
                "west":  { "uv": [ 6.25, 5, 7.25, 8 ], "texture": "#main", "rotation":90 }, 
                "up":    { "uv": [ 6.25, 5, 7.25, 8 ], "texture": "#main" }, 
                "down":  { "uv": [ 6.25, 5, 7.25, 8 ], "texture": "#main" }
            }
        }, 
        {
            "name": "L arm", 
            "from": [ 12.5, 20.5, -2 ], 
            "to":   [ 15.5, 23.5, 9.9 ], 
            "rotation": { "angle": 0, "axis": "x", "origin": [14.5, 22.5, 8] }, 
            "faces": {
                "north": { "uv": [ 6.25, 7, 7.25, 8 ], "texture": "#main", "rotation":90 }, 
                "east":  { "uv": [ 6.25, 5, 7.25, 8 ], "texture": "#main", "rotation":90 }, 
                "south": { "uv": [ 6.25, 7, 7.25, 8 ], "texture": "#main", "rotation":90 }, 
                "west":  { "uv": [ 6.25, 5, 7.25, 8 ], "texture": "#main", "rotation":90 }, 
                "up":    { "uv": [ 6.25, 5, 7.25, 8 ], "texture": "#main" }, 
                "down":  { "uv": [ 6.25, 5, 7.25, 8 ], "texture": "#main" }
            }
        }, 
        {
            "name": "head", 
            "from": [ 3.9, 23.7, 3.7 ], 
            "to":   [ 12.1, 32, 12.1 ], 
            "faces": {
                "north": { "uv": [ 6, 0, 8, 2 ], "texture": "#main" }, 
                "east":  { "uv": [ 1.5, 2.75, 3.5, 4.75 ], "texture": "#main" }, 
                "south": { "uv": [ 1, 2, 3, 4 ], "texture": "#main" }, 
                "west":  { "uv": [ 3.5, 2, 5.5, 4 ], "texture": "#main" }, 
                "up":    { "uv": [ 0, 0, 2, 2 ], "texture": "#main" }, 
                "down":  { "uv": [ 3.75, 0, 5.75, 2 ], "texture": "#main" }
            }
        }, 
        {
            "name": "head", 
            "from": [ 4, 23.9, 4 ], 
            "to":   [ 12, 31.9, 12 ], 
            "faces": {
                "north": { "uv": [ 14, 1.75, 16, 3.75 ], "texture": "#main" }, 
                "east":  { "uv": [ 9.5, 2.75, 11.5, 4.75 ], "texture": "#main" }, 
                "south": { "uv": [ 9, 2, 11, 4 ], "texture": "#main" }, 
                "west":  { "uv": [ 11.5, 2, 13.5, 4 ], "texture": "#main" }, 
                "up":    { "uv": [ 8, 0, 10, 2 ], "texture": "#main" }, 
                "down":  { "uv": [ 11.75, 0, 13.75, 2 ], "texture": "#main" }
            }
        }, 
        {
            "name": "body", 
            "from": [ 4, 12, 6 ], 
            "to":   [ 12, 24, 10 ], 
            "faces": {
                "north": { "uv": [ 8, 0, 10, 3 ], "texture": "#main" }, 
                "east":  { "uv": [ 12.5, 2.75, 13.5, 5.75 ], "texture": "#main" }, 
                "south": { "uv": [ 12, 5, 14, 8 ], "texture": "#main" }, 
                "west":  { "uv": [ 9.25, 2.75, 10.25, 5.75 ], "texture": "#main" }, 
                "up":    { "uv": [ 8, 0, 10, 3 ], "texture": "#main" }, 
                "down":  { "uv": [ 8, 0, 10, 3 ], "texture": "#main" }
            }
        }, 
        {
            "name": "R leg", 
            "from": [ 4, 0, 6 ], 
            "to":   [ 8, 12, 10 ], 
            "rotation": { "angle": 22.5, "axis": "x", "origin": [6, 10, 8] }, 
            "faces": {
                "north": { "uv": [ 9.5, 0, 10.5, 3 ], "texture": "#main" }, 
                "east":  { "uv": [ 10, 0, 11, 3 ], "texture": "#main" }, 
                "south": { "uv": [ 8.5, 0, 9.5, 3 ], "texture": "#main" }, 
                "west":  { "uv": [ 12.75, 0, 13.75, 3 ], "texture": "#main" }, 
                "up":    { "uv": [ 10, 0, 11, 3 ], "texture": "#main" }, 
                "down":  { "uv": [ 8.5, 4.75, 9.5, 5.75 ], "texture": "#main" }
            }
        }, 
        {
            "name": "L leg", 
            "from": [ 8, 0, 6 ], 
            "to":   [ 12, 12, 10 ], 
            "rotation": { "angle": -22.5, "axis": "x", "origin": [10, 10, 8] }, 
            "faces": {
                "north": { "uv": [ 10, 0, 11, 3 ], "texture": "#main" }, 
                "east":  { "uv": [ 11.5, 1.75, 12.5, 4.75 ], "texture": "#main" }, 
                "south": { "uv": [ 13, 5, 14, 8 ], "texture": "#main" }, 
                "west":  { "uv": [ 10, 0, 11, 3 ], "texture": "#main" }, 
                "up":    { "uv": [ 10, 0, 11, 3 ], "texture": "#main" }, 
                "down":  { "uv": [ 10, 0, 11, 1 ], "texture": "#main" }
            }
        }, 
        {
            "name": "L arm", 
            "from": [ 12, 20, -2 ], 
            "to":   [ 16, 24, 10 ], 
            "rotation": { "angle": 0, "axis": "x", "origin": [14, 22, 8] }, 
            "faces": {
                "north": { "uv": [ 8, 7, 9, 8 ], "texture": "#main", "rotation":90 }, 
                "east":  { "uv": [ 11, 5, 12, 8 ], "texture": "#main", "rotation":90 }, 
                "south": { "uv": [ 10, 2, 11, 3 ], "texture": "#main", "rotation":90 }, 
                "west":  { "uv": [ 10, 5, 11, 8 ], "texture": "#main", "rotation":90 }, 
                "up":    { "uv": [ 8, 5, 9, 8 ], "texture": "#main", "rotation":180 }, 
                "down":  { "uv": [ 9, 5, 10, 8 ], "texture": "#main" }
            }
        }, 
        {
            "name": "R arm", 
            "from": [ 0, 20, -2 ], 
            "to":   [ 4, 24, 10 ], 
            "rotation": { "angle": 0, "axis": "x", "origin": [2, 22, 8] }, 
            "faces": {
                "north": { "uv": [ 8, 7, 9, 8 ], "texture": "#main", "rotation":90 }, 
                "east":  { "uv": [ 9.75, 3.75, 10.75, 6.75 ], "texture": "#main", "rotation":270 }, 
                "south": { "uv": [ 12.25, 2.5, 13.25, 3.5 ], "texture": "#main", "rotation":90 }, 
                "west":  { "uv": [ 11, 4.75, 12, 7.75 ], "texture": "#main", "rotation":90 }, 
                "up":    { "uv": [ 9, 5, 10, 8 ], "texture": "#main", "rotation":180 }, 
                "down":  { "uv": [ 11, 5, 12, 8 ], "texture": "#main" }
            }
        }, 
        {
            "name": "R arm", 
            "from": [ 0.5, 20.5, -2 ], 
            "to":   [ 3.5, 23.5, 9.8 ], 
            "rotation": { "angle": 0, "axis": "y", "origin": [2.5, 22.5, 8] }, 
            "faces": {
                "north": { "uv": [ 14.25, 7, 15.25, 8 ], "texture": "#main", "rotation":90 }, 
                "east":  { "uv": [ 14.25, 5, 15.25, 8 ], "texture": "#main", "rotation":90 }, 
                "south": { "uv": [ 14.25, 7, 15.25, 8 ], "texture": "#main", "rotation":90 }, 
                "west":  { "uv": [ 14.25, 5, 15.25, 8 ], "texture": "#main", "rotation":90 }, 
                "up":    { "uv": [ 14.25, 5, 15.25, 8 ], "texture": "#main" }, 
                "down":  { "uv": [ 14.25, 5, 15.25, 8 ], "texture": "#main" }
            }
        }, 
        {
            "name": "L arm", 
            "from": [ 12.5, 20.5, -2 ], 
            "to":   [ 15.5, 23.5, 9.9 ], 
            "rotation": { "angle": 0, "axis": "x", "origin": [14.5, 22.5, 8] }, 
            "faces": {
                "north": { "uv": [ 14.25, 7, 15.25, 8 ], "texture": "#main", "rotation":90 }, 
                "east":  { "uv": [ 14.25, 5, 15.25, 8 ], "texture": "#main", "rotation":90 }, 
                "south": { "uv": [ 14.25, 7, 15.25, 8 ], "texture": "#main", "rotation":90 }, 
                "west":  { "uv": [ 14.25, 5, 15.25, 8 ], "texture": "#main", "rotation":90 }, 
                "up":    { "uv": [ 14.25, 5, 15.25, 8 ], "texture": "#main" }, 
                "down":  { "uv": [ 14.25, 5, 15.25, 8 ], "texture": "#main" }
            }
        }, 
        {
            "name": "head", 
            "from": [ 3.9, 23.7, 3.7 ], 
            "to":   [ 12.1, 32, 12.1 ], 
            "faces": {
                "north": { "uv": [ 14, 0, 16, 2 ], "texture": "#main" }, 
                "east":  { "uv": [ 9.5, 2.75, 11.5, 4.75 ], "texture": "#main" }, 
                "south": { "uv": [ 9, 2, 11, 4 ], "texture": "#main" }, 
                "west":  { "uv": [ 11.5, 2, 13.5, 4 ], "texture": "#main" }, 
                "up":    { "uv": [ 8, 0, 10, 2 ], "texture": "#main" }, 
                "down":  { "uv": [ 11.75, 0, 13.75, 2 ], "texture": "#main" }
            }
        }, 
        {
            "name": "head", 
            "from": [ 4, 23.9, 4 ], 
            "to":   [ 12, 31.9, 12 ], 
            "faces": {
                "north": { "uv": [ 6, 9.75, 8, 11.75 ], "texture": "#main" }, 
                "east":  { "uv": [ 1.5, 10.75, 3.5, 12.75 ], "texture": "#main" }, 
                "south": { "uv": [ 1, 10, 3, 12 ], "texture": "#main" }, 
                "west":  { "uv": [ 3.5, 10, 5.5, 12 ], "texture": "#main" }, 
                "up":    { "uv": [ 0, 8, 2, 10 ], "texture": "#main" }, 
                "down":  { "uv": [ 3.75, 8, 5.75, 10 ], "texture": "#main" }
            }
        }, 
        {
            "name": "body", 
            "from": [ 4, 12, 6 ], 
            "to":   [ 12, 24, 10 ], 
            "faces": {
                "north": { "uv": [ 0, 8, 2, 11 ], "texture": "#main" }, 
                "east":  { "uv": [ 4.5, 10.75, 5.5, 13.75 ], "texture": "#main" }, 
                "south": { "uv": [ 4, 13, 6, 16 ], "texture": "#main" }, 
                "west":  { "uv": [ 1.25, 10.75, 2.25, 13.75 ], "texture": "#main" }, 
                "up":    { "uv": [ 0, 8, 2, 11 ], "texture": "#main" }, 
                "down":  { "uv": [ 0, 8, 2, 11 ], "texture": "#main" }
            }
        }, 
        {
            "name": "R leg", 
            "from": [ 4, 0, 6 ], 
            "to":   [ 8, 12, 10 ], 
            "rotation": { "angle": -22.5, "axis": "x", "origin": [6, 10, 8] }, 
            "faces": {
                "north": { "uv": [ 1.5, 8, 2.5, 11 ], "texture": "#main" }, 
                "east":  { "uv": [ 2, 8, 3, 11 ], "texture": "#main" }, 
                "south": { "uv": [ 0.5, 8, 1.5, 11 ], "texture": "#main" }, 
                "west":  { "uv": [ 4.75, 8, 5.75, 11 ], "texture": "#main" }, 
                "up":    { "uv": [ 2, 8, 3, 11 ], "texture": "#main" }, 
                "down":  { "uv": [ 0.5, 12.75, 1.5, 13.75 ], "texture": "#main" }
            }
        }, 
        {
            "name": "L leg", 
            "from": [ 8, 0, 6 ], 
            "to":   [ 12, 12, 10 ], 
            "rotation": { "angle": 22.5, "axis": "x", "origin": [10, 10, 8] }, 
            "faces": {
                "north": { "uv": [ 2, 8, 3, 11 ], "texture": "#main" }, 
                "east":  { "uv": [ 3.5, 9.75, 4.5, 12.75 ], "texture": "#main" }, 
                "south": { "uv": [ 5, 13, 6, 16 ], "texture": "#main" }, 
                "west":  { "uv": [ 2, 8, 3, 11 ], "texture": "#main" }, 
                "up":    { "uv": [ 2, 8, 3, 11 ], "texture": "#main" }, 
                "down":  { "uv": [ 2, 8, 3, 9 ], "texture": "#main" }
            }
        }, 
        {
            "name": "L arm", 
            "from": [ 12, 20, -2 ], 
            "to":   [ 16, 24, 10 ], 
            "rotation": { "angle": 0, "axis": "x", "origin": [14, 22, 8] }, 
            "faces": {
                "north": { "uv": [ 0, 15, 1, 16 ], "texture": "#main", "rotation":90 }, 
                "east":  { "uv": [ 3, 13, 4, 16 ], "texture": "#main", "rotation":90 }, 
                "south": { "uv": [ 2, 10, 3, 11 ], "texture": "#main", "rotation":90 }, 
                "west":  { "uv": [ 2, 13, 3, 16 ], "texture": "#main", "rotation":90 }, 
                "up":    { "uv": [ 0, 13, 1, 16 ], "texture": "#main", "rotation":180 }, 
                "down":  { "uv": [ 1, 13, 2, 16 ], "texture": "#main" }
            }
        }, 
        {
            "name": "R arm", 
            "from": [ 0, 20, -2 ], 
            "to":   [ 4, 24, 10 ], 
            "rotation": { "angle": 0, "axis": "x", "origin": [2, 22, 8] }, 
            "faces": {
                "north": { "uv": [ 0, 15, 1, 16 ], "texture": "#main", "rotation":90 }, 
                "east":  { "uv": [ 1.75, 11.75, 2.75, 14.75 ], "texture": "#main", "rotation":270 }, 
                "south": { "uv": [ 4.25, 10.5, 5.25, 11.5 ], "texture": "#main", "rotation":90 }, 
                "west":  { "uv": [ 3, 12.75, 4, 15.75 ], "texture": "#main", "rotation":90 }, 
                "up":    { "uv": [ 1, 13, 2, 16 ], "texture": "#main", "rotation":180 }, 
                "down":  { "uv": [ 3, 13, 4, 16 ], "texture": "#main" }
            }
        }, 
        {
            "name": "R arm", 
            "from": [ 0.5, 20.5, -2 ], 
            "to":   [ 3.5, 23.5, 9.8 ], 
            "rotation": { "angle": 0, "axis": "y", "origin": [2.5, 22.5, 8] }, 
            "faces": {
                "north": { "uv": [ 6.25, 15, 7.25, 16 ], "texture": "#main", "rotation":90 }, 
                "east":  { "uv": [ 6.25, 13, 7.25, 16 ], "texture": "#main", "rotation":90 }, 
                "south": { "uv": [ 6.25, 15, 7.25, 16 ], "texture": "#main", "rotation":90 }, 
                "west":  { "uv": [ 6.25, 13, 7.25, 16 ], "texture": "#main", "rotation":90 }, 
                "up":    { "uv": [ 6.25, 13, 7.25, 16 ], "texture": "#main" }, 
                "down":  { "uv": [ 6.25, 13, 7.25, 16 ], "texture": "#main" }
            }
        }, 
        {
            "name": "L arm", 
            "from": [ 12.5, 20.5, -2 ], 
            "to":   [ 15.5, 23.5, 9.9 ], 
            "rotation": { "angle": 0, "axis": "x", "origin": [14.5, 22.5, 8] }, 
            "faces": {
                "north": { "uv": [ 6.25, 15, 7.25, 16 ], "texture": "#main", "rotation":90 }, 
                "east":  { "uv": [ 6.25, 13, 7.25, 16 ], "texture": "#main", "rotation":90 }, 
                "south": { "uv": [ 6.25, 15, 7.25, 16 ], "texture": "#main", "rotation":90 }, 
                "west":  { "uv": [ 6.25, 13, 7.25, 16 ], "texture": "#main", "rotation":90 }, 
                "up":    { "uv": [ 6.25, 13, 7.25, 16 ], "texture": "#main" }, 
                "down":  { "uv": [ 6.25, 13, 7.25, 16 ], "texture": "#main" }
            }
        }, 
        {
            "name": "head", 
            "from": [ 3.9, 23.7, 3.7 ], 
            "to":   [ 12.1, 32, 12.1 ], 
            "faces": {
                "north": { "uv": [ 6, 8, 8, 10 ], "texture": "#main" }, 
                "east":  { "uv": [ 1.5, 10.75, 3.5, 12.75 ], "texture": "#main" }, 
                "south": { "uv": [ 1, 10, 3, 12 ], "texture": "#main" }, 
                "west":  { "uv": [ 3.5, 10, 5.5, 12 ], "texture": "#main" }, 
                "up":    { "uv": [ 0, 8, 2, 10 ], "texture": "#main" }, 
                "down":  { "uv": [ 3.75, 8, 5.75, 10 ], "texture": "#main" }
            }
        }
    ], 
    "display": {
        "head": {
            "scale": [ 1.6, 1.6, 1.6 ], 
            "translation": [ 0, -32, 0 ]
        }
    }, 
    "__comment": "Model animated using Fizzy's model animator - http://fizzy81.github.io/animated-models/"
}