{
	"credit": "Made with Blockbench, a free, modern block model editor by JannisX11",
	"textures": {
		"0": "mobs/mummy",
		"particle": "mobs/mummy"
	},
	"elements": [
		{
			"name": "head",
			"from": [4, 23.9, 4],
			"to": [12, 31.9, 12],
			"faces": {
				"north": {"uv": [12, 3.5, 16, 7.5], "texture": "#0"},
				"east": {"uv": [3, 5.5, 7, 9.5], "texture": "#0"},
				"south": {"uv": [2, 4, 6, 8], "texture": "#0"},
				"west": {"uv": [7, 4, 11, 8], "texture": "#0"},
				"up": {"uv": [0, 0, 4, 4], "texture": "#0"},
				"down": {"uv": [7.5, 0, 11.5, 4], "texture": "#0"}
			}
		},
		{
			"name": "body",
			"from": [4, 12, 6],
			"to": [12, 24, 10],
			"faces": {
				"north": {"uv": [0, 0, 4, 6], "texture": "#0"},
				"east": {"uv": [9, 5.5, 11, 11.5], "texture": "#0"},
				"south": {"uv": [8, 10, 12, 16], "texture": "#0"},
				"west": {"uv": [2.5, 5.5, 4.5, 11.5], "texture": "#0"},
				"up": {"uv": [0, 0, 4, 6], "texture": "#0"},
				"down": {"uv": [0, 0, 4, 6], "texture": "#0"}
			}
		},
		{
			"name": "R leg",
			"from": [4, 0, 6],
			"to": [8, 12, 10],
			"rotation": {"angle": 0, "axis": "x", "origin": [6, 10, 8]},
			"faces": {
				"north": {"uv": [3, 0, 5, 6], "texture": "#0"},
				"east": {"uv": [4, 0, 6, 6], "texture": "#0"},
				"south": {"uv": [1, 0, 3, 6], "texture": "#0"},
				"west": {"uv": [9.5, 0, 11.5, 6], "texture": "#0"},
				"up": {"uv": [4, 0, 6, 6], "texture": "#0"},
				"down": {"uv": [1, 9.5, 3, 11.5], "texture": "#0"}
			}
		},
		{
			"name": "L leg",
			"from": [8, 0, 6],
			"to": [12, 12, 10],
			"faces": {
				"north": {"uv": [4, 0, 6, 6], "texture": "#0"},
				"east": {"uv": [7, 3.5, 9, 9.5], "texture": "#0"},
				"south": {"uv": [10, 10, 12, 16], "texture": "#0"},
				"west": {"uv": [4, 0, 6, 6], "texture": "#0"},
				"up": {"uv": [4, 0, 6, 6], "texture": "#0"},
				"down": {"uv": [4, 0, 6, 2], "texture": "#0"}
			}
		},
		{
			"name": "L arm",
			"from": [12, 20, -2],
			"to": [16, 24, 10],
			"rotation": {"angle": 0, "axis": "x", "origin": [14, 22, 8]},
			"faces": {
				"north": {"uv": [0, 14, 2, 16], "texture": "#0", "rotation": 90},
				"east": {"uv": [6, 10, 8, 16], "texture": "#0", "rotation": 90},
				"south": {"uv": [4, 4, 6, 6], "texture": "#0", "rotation": 90},
				"west": {"uv": [4, 10, 6, 16], "texture": "#0", "rotation": 90},
				"up": {"uv": [0, 10, 2, 16], "texture": "#0", "rotation": 180},
				"down": {"uv": [2, 10, 4, 16], "texture": "#0"}
			}
		},
		{
			"name": "R arm",
			"from": [0, 20, -2],
			"to": [4, 24, 10],
			"rotation": {"angle": 0, "axis": "x", "origin": [2, 22, 8]},
			"faces": {
				"north": {"uv": [0, 14, 2, 16], "texture": "#0", "rotation": 90},
				"east": {"uv": [3.5, 7.5, 5.5, 13.5], "texture": "#0", "rotation": 270},
				"south": {"uv": [8.5, 5, 10.5, 7], "texture": "#0", "rotation": 90},
				"west": {"uv": [6, 9.5, 8, 15.5], "texture": "#0", "rotation": 90},
				"up": {"uv": [2, 10, 4, 16], "texture": "#0", "rotation": 180},
				"down": {"uv": [6, 10, 8, 16], "texture": "#0"}
			}
		},
		{
			"name": "R arm",
			"from": [0.5, 20.5, -2],
			"to": [3.5, 23.5, 9.8],
			"rotation": {"angle": 0, "axis": "y", "origin": [2.5, 22.5, 8]},
			"faces": {
				"north": {"uv": [12.5, 14, 14.5, 16], "texture": "#0", "rotation": 90},
				"east": {"uv": [12.5, 10, 14.5, 16], "texture": "#0", "rotation": 90},
				"south": {"uv": [12.5, 14, 14.5, 16], "texture": "#0", "rotation": 90},
				"west": {"uv": [12.5, 10, 14.5, 16], "texture": "#0", "rotation": 90},
				"up": {"uv": [12.5, 10, 14.5, 16], "texture": "#0"},
				"down": {"uv": [12.5, 10, 14.5, 16], "texture": "#0"}
			}
		},
		{
			"name": "L arm",
			"from": [12.5, 20.5, -2],
			"to": [15.5, 23.5, 9.9],
			"rotation": {"angle": 0, "axis": "x", "origin": [14.5, 22.5, 8]},
			"faces": {
				"north": {"uv": [12.5, 14, 14.5, 16], "texture": "#0", "rotation": 90},
				"east": {"uv": [12.5, 10, 14.5, 16], "texture": "#0", "rotation": 90},
				"south": {"uv": [12.5, 14, 14.5, 16], "texture": "#0", "rotation": 90},
				"west": {"uv": [12.5, 10, 14.5, 16], "texture": "#0", "rotation": 90},
				"up": {"uv": [12.5, 10, 14.5, 16], "texture": "#0"},
				"down": {"uv": [12.5, 10, 14.5, 16], "texture": "#0"}
			}
		},
		{
			"name": "head",
			"from": [3.9, 23.7, 3.7],
			"to": [12.1, 32, 12.1],
			"faces": {
				"north": {"uv": [12, 0, 16, 4], "texture": "#0"},
				"east": {"uv": [3, 5.5, 7, 9.5], "texture": "#0"},
				"south": {"uv": [2, 4, 6, 8], "texture": "#0"},
				"west": {"uv": [7, 4, 11, 8], "texture": "#0"},
				"up": {"uv": [0, 0, 4, 4], "texture": "#0"},
				"down": {"uv": [7.5, 0, 11.5, 4], "texture": "#0"}
			}
		}
	],
	"display": {
		"head": {
			"scale": [1.6, 1.6, 1.6],
			"translation": [0, -32, 0]
		}
	}
}