{
    "credit": "Made with Blockbench,  a free,  modern block model editor by JannisX11", 
    "textures": {
        "main": "mobs/ooze_moving"
    }, 
    "elements": [
        {
            "name": "body", 
            "from": [ 1, 0, 1 ], 
            "to":   [ 15, 14, 15 ], 
            "faces": {
                "north": { "uv": [ 4, 4, 8, 8 ], "texture": "#main" }, 
                "east":  { "uv": [ 4, 4, 8, 8 ], "texture": "#main" }, 
                "south": { "uv": [ 4, 4, 8, 8 ], "texture": "#main" }, 
                "west":  { "uv": [ 4, 4, 8, 8 ], "texture": "#main" }, 
                "up":    { "uv": [ 4, 4, 8, 8 ], "texture": "#main" }, 
                "down":  { "uv": [ 4, 4, 8, 8 ], "texture": "#main" }
            }
        }, 
        {
            "from": [ 5, 4, 4 ], 
            "to":   [ 12, 11, 11 ], 
            "faces": {
                "north": { "uv": [ 0, 6, 2, 8 ], "texture": "#main" }, 
                "east":  { "uv": [ 2, 6, 4, 8 ], "texture": "#main" }, 
                "south": { "uv": [ 0, 4, 2, 6 ], "texture": "#main" }, 
                "west":  { "uv": [ 2, 4, 4, 6 ], "texture": "#main" }, 
                "up":    { "uv": [ 2, 5, 4, 7 ], "texture": "#main" }, 
                "down":  { "uv": [ 0, 5, 2, 7 ], "texture": "#main" }
            }
        }, 
        {
            "from": [ -1, 0, -1 ], 
            "to":   [ 4, 5, 4 ], 
            "faces": {
                "north": { "uv": [ 4.5, 4.5, 8, 8 ], "texture": "#main" }, 
                "east":  { "uv": [ 4.5, 4.5, 8, 8 ], "texture": "#main" }, 
                "south": { "uv": [ 4.5, 4.5, 8, 8 ], "texture": "#main" }, 
                "west":  { "uv": [ 4.5, 4.5, 8, 8 ], "texture": "#main" }, 
                "up":    { "uv": [ 4.5, 4.5, 8, 8 ], "texture": "#main" }, 
                "down":  { "uv": [ 4.5, 4.5, 8, 8 ], "texture": "#main" }
            }
        }, 
        {
            "from": [ 10, 0, 0 ], 
            "to":   [ 13, 3, 1 ], 
            "faces": {
                "north": { "uv": [ 4.5, 4.5, 8, 8 ], "texture": "#main" }, 
                "east":  { "uv": [ 4.5, 4.5, 8, 8 ], "texture": "#main" }, 
                "south": { "uv": [ 4.5, 4.5, 8, 8 ], "texture": "#main" }, 
                "west":  { "uv": [ 4.5, 4.5, 8, 8 ], "texture": "#main" }, 
                "up":    { "uv": [ 4.5, 4.5, 8, 8 ], "texture": "#main" }, 
                "down":  { "uv": [ 4.5, 4.5, 8, 8 ], "texture": "#main" }
            }
        }, 
        {
            "from": [ 12, 0, 11 ], 
            "to":   [ 17, 2, 16 ], 
            "faces": {
                "north": { "uv": [ 4.5, 4.5, 8, 8 ], "texture": "#main" }, 
                "east":  { "uv": [ 4.5, 4.5, 8, 8 ], "texture": "#main" }, 
                "south": { "uv": [ 4.5, 4.5, 8, 8 ], "texture": "#main" }, 
                "west":  { "uv": [ 4.5, 4.5, 8, 8 ], "texture": "#main" }, 
                "up":    { "uv": [ 4.5, 4.5, 8, 8 ], "texture": "#main" }, 
                "down":  { "uv": [ 4.5, 4.5, 8, 8 ], "texture": "#main" }
            }
        }, 
        {
            "from": [ -2, 0, -2 ], 
            "to":   [ 1, 2, 1 ], 
            "faces": {
                "north": { "uv": [ 4.5, 4.5, 8, 8 ], "texture": "#main" }, 
                "east":  { "uv": [ 4.5, 4.5, 8, 8 ], "texture": "#main" }, 
                "south": { "uv": [ 4.5, 4.5, 8, 8 ], "texture": "#main" }, 
                "west":  { "uv": [ 4.5, 4.5, 8, 8 ], "texture": "#main" }, 
                "up":    { "uv": [ 4.5, 4.5, 8, 8 ], "texture": "#main" }, 
                "down":  { "uv": [ 4.5, 4.5, 8, 8 ], "texture": "#main" }
            }
        }, 
        {
            "from": [ 3, 0, 0 ], 
            "to":   [ 6, 2, 3 ], 
            "faces": {
                "north": { "uv": [ 4.5, 4.5, 8, 8 ], "texture": "#main" }, 
                "east":  { "uv": [ 4.5, 4.5, 8, 8 ], "texture": "#main" }, 
                "south": { "uv": [ 4.5, 4.5, 8, 8 ], "texture": "#main" }, 
                "west":  { "uv": [ 4.5, 4.5, 8, 8 ], "texture": "#main" }, 
                "up":    { "uv": [ 4.5, 4.5, 8, 8 ], "texture": "#main" }, 
                "down":  { "uv": [ 4.5, 4.5, 8, 8 ], "texture": "#main" }
            }
        }, 
        {
            "from": [ 15, 0, 4 ], 
            "to":   [ 16, 7, 7 ], 
            "faces": {
                "north": { "uv": [ 4.5, 4.5, 8, 8 ], "texture": "#main" }, 
                "east":  { "uv": [ 4.5, 4.5, 8, 8 ], "texture": "#main" }, 
                "south": { "uv": [ 4.5, 4.5, 8, 8 ], "texture": "#main" }, 
                "west":  { "uv": [ 4.5, 4.5, 8, 8 ], "texture": "#main" }, 
                "up":    { "uv": [ 4.5, 4.5, 8, 8 ], "texture": "#main" }, 
                "down":  { "uv": [ 4.5, 4.5, 8, 8 ], "texture": "#main" }
            }
        }, 
        {
            "from": [ 15, 0, 10 ], 
            "to":   [ 16, 3, 13 ], 
            "faces": {
                "north": { "uv": [ 4.5, 4.5, 8, 8 ], "texture": "#main" }, 
                "east":  { "uv": [ 4.5, 4.5, 8, 8 ], "texture": "#main" }, 
                "south": { "uv": [ 4.5, 4.5, 8, 8 ], "texture": "#main" }, 
                "west":  { "uv": [ 4.5, 4.5, 8, 8 ], "texture": "#main" }, 
                "up":    { "uv": [ 4.5, 4.5, 8, 8 ], "texture": "#main" }, 
                "down":  { "uv": [ 4.5, 4.5, 8, 8 ], "texture": "#main" }
            }
        }, 
        {
            "from": [ 4, 0, 13 ], 
            "to":   [ 12, 8, 19 ], 
            "faces": {
                "north": { "uv": [ 4.5, 4.5, 8, 8 ], "texture": "#main" }, 
                "east":  { "uv": [ 4.5, 4.5, 8, 8 ], "texture": "#main" }, 
                "south": { "uv": [ 4.5, 4.5, 8, 8 ], "texture": "#main" }, 
                "west":  { "uv": [ 4.5, 4.5, 8, 8 ], "texture": "#main" }, 
                "up":    { "uv": [ 4.5, 4.5, 8, 8 ], "texture": "#main" }, 
                "down":  { "uv": [ 4.5, 4.5, 8, 8 ], "texture": "#main" }
            }
        }, 
        {
            "from": [ 0, 0, 5 ], 
            "to":   [ 5, 3, 10 ], 
            "faces": {
                "north": { "uv": [ 4.5, 4.5, 8, 8 ], "texture": "#main" }, 
                "east":  { "uv": [ 4.5, 4.5, 8, 8 ], "texture": "#main" }, 
                "south": { "uv": [ 4.5, 4.5, 8, 8 ], "texture": "#main" }, 
                "west":  { "uv": [ 4.5, 4.5, 8, 8 ], "texture": "#main" }, 
                "up":    { "uv": [ 4.5, 4.5, 8, 8 ], "texture": "#main" }, 
                "down":  { "uv": [ 4.5, 4.5, 8, 8 ], "texture": "#main" }
            }
        }, 
        {
            "from": [ -1, 0, 12 ], 
            "to":   [ 4, 2, 17 ], 
            "faces": {
                "north": { "uv": [ 4.5, 4.5, 8, 8 ], "texture": "#main" }, 
                "east":  { "uv": [ 4.5, 4.5, 8, 8 ], "texture": "#main" }, 
                "south": { "uv": [ 4.5, 4.5, 8, 8 ], "texture": "#main" }, 
                "west":  { "uv": [ 4.5, 4.5, 8, 8 ], "texture": "#main" }, 
                "up":    { "uv": [ 4.5, 4.5, 8, 8 ], "texture": "#main" }, 
                "down":  { "uv": [ 4.5, 4.5, 8, 8 ], "texture": "#main" }
            }
        }, 
        {
            "from": [ 4.5, 0, 19 ], 
            "to":   [ 10.5, 4, 22 ], 
            "faces": {
                "north": { "uv": [ 4.5, 4.5, 8, 8 ], "texture": "#main" }, 
                "east":  { "uv": [ 4.5, 4.5, 8, 8 ], "texture": "#main" }, 
                "south": { "uv": [ 4.5, 4.5, 8, 8 ], "texture": "#main" }, 
                "west":  { "uv": [ 4.5, 4.5, 8, 8 ], "texture": "#main" }, 
                "up":    { "uv": [ 4.5, 4.5, 8, 8 ], "texture": "#main" }, 
                "down":  { "uv": [ 4.5, 4.5, 8, 8 ], "texture": "#main" }
            }
        }, 
        {
            "from": [ -1, 0, 6 ], 
            "to":   [ 6, 1, 11 ], 
            "faces": {
                "north": { "uv": [ 4.5, 4.5, 8, 8 ], "texture": "#main" }, 
                "east":  { "uv": [ 4.5, 4.5, 8, 8 ], "texture": "#main" }, 
                "south": { "uv": [ 4.5, 4.5, 8, 8 ], "texture": "#main" }, 
                "west":  { "uv": [ 4.5, 4.5, 8, 8 ], "texture": "#main" }, 
                "up":    { "uv": [ 4.5, 4.5, 8, 8 ], "texture": "#main" }, 
                "down":  { "uv": [ 4.5, 4.5, 8, 8 ], "texture": "#main" }
            }
        }, 
        {
            "from": [ 0, 0, 12 ], 
            "to":   [ 4, 4, 18 ], 
            "faces": {
                "north": { "uv": [ 4.5, 4.5, 8, 8 ], "texture": "#main" }, 
                "east":  { "uv": [ 4.5, 4.5, 8, 8 ], "texture": "#main" }, 
                "south": { "uv": [ 4.5, 4.5, 8, 8 ], "texture": "#main" }, 
                "west":  { "uv": [ 4.5, 4.5, 8, 8 ], "texture": "#main" }, 
                "up":    { "uv": [ 4.5, 4.5, 8, 8 ], "texture": "#main" }, 
                "down":  { "uv": [ 4.5, 4.5, 8, 8 ], "texture": "#main" }
            }
        }, 
        {
            "from": [ 12, 0, -1 ], 
            "to":   [ 17, 2, 4 ], 
            "faces": {
                "north": { "uv": [ 4.5, 4.5, 8, 8 ], "texture": "#main" }, 
                "east":  { "uv": [ 4.5, 4.5, 8, 8 ], "texture": "#main" }, 
                "south": { "uv": [ 4.5, 4.5, 8, 8 ], "texture": "#main" }, 
                "west":  { "uv": [ 4.5, 4.5, 8, 8 ], "texture": "#main" }, 
                "up":    { "uv": [ 4.5, 4.5, 8, 8 ], "texture": "#main" }, 
                "down":  { "uv": [ 4.5, 4.5, 8, 8 ], "texture": "#main" }
            }
        }, 
        {
            "from": [ 4, 0, 3 ], 
            "to":   [ 13, 4, 12 ], 
            "faces": {
                "north": { "uv": [ 5.25, 7, 7.25, 8 ], "texture": "#main" }, 
                "east":  { "uv": [ 5.25, 7, 7.25, 8 ], "texture": "#main" }, 
                "south": { "uv": [ 5.25, 7, 7.25, 8 ], "texture": "#main" }, 
                "west":  { "uv": [ 5.25, 7, 7.25, 8 ], "texture": "#main" }, 
                "up":    { "uv": [ 5.25, 7, 7.25, 8 ], "texture": "#main" }, 
                "down":  { "uv": [ 5.25, 7, 7.25, 8 ], "texture": "#main" }
            }
        }, 
        {
            "name": "shull", 
            "from": [ 10, 3, 2 ], 
            "to":   [ 14, 7, 6 ], 
            "rotation": { "angle": -45, "axis": "y", "origin": [12, 5, 4] }, 
            "faces": {
                "north": { "uv": [ 0, 2, 2, 4 ], "texture": "#main" }, 
                "east":  { "uv": [ 2, 2, 4, 4 ], "texture": "#main", "rotation":270 }, 
                "south": { "uv": [ 0, 0, 2, 2 ], "texture": "#main", "rotation":90 }, 
                "west":  { "uv": [ 2, 2, 4, 4 ], "texture": "#main" }, 
                "up":    { "uv": [ 0, 0, 2, 2 ], "texture": "#main" }, 
                "down":  { "uv": [ 2, 0, 4, 2 ], "texture": "#main" }
            }
        }, 
        {
            "name": "skull", 
            "from": [ 7, 3, 2 ], 
            "to":   [ 10, 6, 5 ], 
            "rotation": { "angle": -22.5, "axis": "y", "origin": [9, 5, 4] }, 
            "faces": {
                "north": { "uv": [ 0, 2, 2, 4 ], "texture": "#main" }, 
                "east":  { "uv": [ 2, 2, 4, 4 ], "texture": "#main", "rotation":270 }, 
                "south": { "uv": [ 0, 0, 2, 2 ], "texture": "#main", "rotation":90 }, 
                "west":  { "uv": [ 2, 2, 4, 4 ], "texture": "#main" }, 
                "up":    { "uv": [ 0, 0, 2, 2 ], "texture": "#main" }, 
                "down":  { "uv": [ 2, 0, 4, 2 ], "texture": "#main" }
            }
        }, 
        {
            "name": "skull", 
            "from": [ 1, 1, 13 ], 
            "to":   [ 3, 3, 15 ], 
            "rotation": { "angle": -22.5, "axis": "y", "origin": [2, 2, 14] }, 
            "faces": {
                "north": { "uv": [ 2, 2, 4, 4 ], "texture": "#main", "rotation":270 }, 
                "east":  { "uv": [ 0, 0, 2, 2 ], "texture": "#main", "rotation":90 }, 
                "south": { "uv": [ 2, 2, 4, 4 ], "texture": "#main" }, 
                "west":  { "uv": [ 0, 2, 2, 4 ], "texture": "#main" }, 
                "up":    { "uv": [ 0, 0, 2, 2 ], "texture": "#main", "rotation":270 }, 
                "down":  { "uv": [ 2, 0, 4, 2 ], "texture": "#main", "rotation":90 }
            }
        }, 
        {
            "name": "skull", 
            "from": [ 8, 1, 12 ], 
            "to":   [ 11, 4, 15 ], 
            "rotation": { "angle": -22.5, "axis": "y", "origin": [9.5, 2.5, 13.5] }, 
            "faces": {
                "north": { "uv": [ 2, 2, 4, 4 ], "texture": "#main" }, 
                "east":  { "uv": [ 0, 2, 2, 4 ], "texture": "#main" }, 
                "south": { "uv": [ 2, 2, 4, 4 ], "texture": "#main", "rotation":270 }, 
                "west":  { "uv": [ 0, 0, 2, 2 ], "texture": "#main", "rotation":90 }, 
                "up":    { "uv": [ 0, 0, 2, 2 ], "texture": "#main", "rotation":90 }, 
                "down":  { "uv": [ 2, 0, 4, 2 ], "texture": "#main", "rotation":270 }
            }
        }, 
        {
            "name": "body", 
            "from": [ 1, 0, 0 ], 
            "to":   [ 15, 14, 16 ], 
            "faces": {
                "north": { "uv": [ 12, 4, 16, 8 ], "texture": "#main" }, 
                "east":  { "uv": [ 12, 4, 16, 8 ], "texture": "#main" }, 
                "south": { "uv": [ 12, 4, 16, 8 ], "texture": "#main" }, 
                "west":  { "uv": [ 12, 4, 16, 8 ], "texture": "#main" }, 
                "up":    { "uv": [ 12, 4, 16, 8 ], "texture": "#main" }, 
                "down":  { "uv": [ 12, 4, 16, 8 ], "texture": "#main" }
            }
        }, 
        {
            "from": [ 5, 4, 3 ], 
            "to":   [ 12, 11, 12 ], 
            "faces": {
                "north": { "uv": [ 8, 6, 10, 8 ], "texture": "#main" }, 
                "east":  { "uv": [ 10, 6, 12, 8 ], "texture": "#main" }, 
                "south": { "uv": [ 8, 4, 10, 6 ], "texture": "#main" }, 
                "west":  { "uv": [ 10, 4, 12, 6 ], "texture": "#main" }, 
                "up":    { "uv": [ 10, 5, 12, 7 ], "texture": "#main" }, 
                "down":  { "uv": [ 8, 5, 10, 7 ], "texture": "#main" }
            }
        }, 
        {
            "from": [ -1, 0, -2 ], 
            "to":   [ 4, 5, 5 ], 
            "faces": {
                "north": { "uv": [ 12.5, 4.5, 13.75, 5.75 ], "texture": "#main" }, 
                "east":  { "uv": [ 12.5, 4.5, 14.25, 5.75 ], "texture": "#main" }, 
                "south": { "uv": [ 12.5, 4.5, 13.75, 5.75 ], "texture": "#main" }, 
                "west":  { "uv": [ 12.5, 4.5, 14.25, 5.75 ], "texture": "#main" }, 
                "up":    { "uv": [ 12.5, 4.5, 13.75, 6.25 ], "texture": "#main" }, 
                "down":  { "uv": [ 12.5, 4.5, 13.75, 6.25 ], "texture": "#main" }
            }
        }, 
        {
            "from": [ 10, 0, -1 ], 
            "to":   [ 13, 3, 2 ], 
            "faces": {
                "north": { "uv": [ 12.5, 4.5, 13.25, 5.25 ], "texture": "#main" }, 
                "east":  { "uv": [ 12.5, 4.5, 13.25, 5.25 ], "texture": "#main" }, 
                "south": { "uv": [ 12.5, 4.5, 13.25, 5.25 ], "texture": "#main" }, 
                "west":  { "uv": [ 12.5, 4.5, 13.25, 5.25 ], "texture": "#main" }, 
                "up":    { "uv": [ 12.5, 4.5, 13.25, 5.25 ], "texture": "#main" }, 
                "down":  { "uv": [ 12.5, 4.5, 13.25, 5.25 ], "texture": "#main" }
            }
        }, 
        {
            "from": [ 12, 0, 10 ], 
            "to":   [ 17, 2, 17 ], 
            "faces": {
                "north": { "uv": [ 12.5, 4.5, 13.75, 5 ], "texture": "#main" }, 
                "east":  { "uv": [ 12.5, 4.5, 14.25, 5 ], "texture": "#main" }, 
                "south": { "uv": [ 12.5, 4.5, 13.75, 5 ], "texture": "#main" }, 
                "west":  { "uv": [ 12.5, 4.5, 14.25, 5 ], "texture": "#main" }, 
                "up":    { "uv": [ 12.5, 4.5, 13.75, 6.25 ], "texture": "#main" }, 
                "down":  { "uv": [ 12.5, 4.5, 13.75, 6.25 ], "texture": "#main" }
            }
        }, 
        {
            "from": [ -2, 0, -3 ], 
            "to":   [ 1, 2, 2 ], 
            "faces": {
                "north": { "uv": [ 12.5, 4.5, 13.25, 5 ], "texture": "#main" }, 
                "east":  { "uv": [ 12.5, 4.5, 13.75, 5 ], "texture": "#main" }, 
                "south": { "uv": [ 12.5, 4.5, 13.25, 5 ], "texture": "#main" }, 
                "west":  { "uv": [ 12.5, 4.5, 13.75, 5 ], "texture": "#main" }, 
                "up":    { "uv": [ 12.5, 4.5, 13.25, 5.75 ], "texture": "#main" }, 
                "down":  { "uv": [ 12.5, 4.5, 13.25, 5.75 ], "texture": "#main" }
            }
        }, 
        {
            "from": [ 3, 0, -1 ], 
            "to":   [ 6, 2, 4 ], 
            "faces": {
                "north": { "uv": [ 12.5, 4.5, 13.25, 5 ], "texture": "#main" }, 
                "east":  { "uv": [ 12.5, 4.5, 13.75, 5 ], "texture": "#main" }, 
                "south": { "uv": [ 12.5, 4.5, 13.25, 5 ], "texture": "#main" }, 
                "west":  { "uv": [ 12.5, 4.5, 13.75, 5 ], "texture": "#main" }, 
                "up":    { "uv": [ 12.5, 4.5, 13.25, 5.75 ], "texture": "#main" }, 
                "down":  { "uv": [ 12.5, 4.5, 13.25, 5.75 ], "texture": "#main" }
            }
        }, 
        {
            "from": [ 15, 0, 3 ], 
            "to":   [ 16, 7, 8 ], 
            "faces": {
                "north": { "uv": [ 12.5, 4.5, 12.75, 6.25 ], "texture": "#main" }, 
                "east":  { "uv": [ 12.5, 4.5, 13.75, 6.25 ], "texture": "#main" }, 
                "south": { "uv": [ 12.5, 4.5, 12.75, 6.25 ], "texture": "#main" }, 
                "west":  { "uv": [ 12.5, 4.5, 13.75, 6.25 ], "texture": "#main" }, 
                "up":    { "uv": [ 12.5, 4.5, 12.75, 5.75 ], "texture": "#main" }, 
                "down":  { "uv": [ 12.5, 4.5, 12.75, 5.75 ], "texture": "#main" }
            }
        }, 
        {
            "from": [ 15, 0, 9 ], 
            "to":   [ 16, 3, 14 ], 
            "faces": {
                "north": { "uv": [ 12.5, 4.5, 12.75, 5.25 ], "texture": "#main" }, 
                "east":  { "uv": [ 12.5, 4.5, 13.75, 5.25 ], "texture": "#main" }, 
                "south": { "uv": [ 12.5, 4.5, 12.75, 5.25 ], "texture": "#main" }, 
                "west":  { "uv": [ 12.5, 4.5, 13.75, 5.25 ], "texture": "#main" }, 
                "up":    { "uv": [ 12.5, 4.5, 12.75, 5.75 ], "texture": "#main" }, 
                "down":  { "uv": [ 12.5, 4.5, 12.75, 5.75 ], "texture": "#main" }
            }
        }, 
        {
            "from": [ 4, 0, 12 ], 
            "to":   [ 12, 8, 20 ], 
            "faces": {
                "north": { "uv": [ 12.5, 4.5, 14.5, 6.5 ], "texture": "#main" }, 
                "east":  { "uv": [ 12.5, 4.5, 14.5, 6.5 ], "texture": "#main" }, 
                "south": { "uv": [ 12.5, 4.5, 14.5, 6.5 ], "texture": "#main" }, 
                "west":  { "uv": [ 12.5, 4.5, 14.5, 6.5 ], "texture": "#main" }, 
                "up":    { "uv": [ 12.5, 4.5, 14.5, 6.5 ], "texture": "#main" }, 
                "down":  { "uv": [ 12.5, 4.5, 14.5, 6.5 ], "texture": "#main" }
            }
        }, 
        {
            "from": [ 0, 0, 4 ], 
            "to":   [ 5, 3, 11 ], 
            "faces": {
                "north": { "uv": [ 12.5, 4.5, 13.75, 5.25 ], "texture": "#main" }, 
                "east":  { "uv": [ 12.5, 4.5, 14.25, 5.25 ], "texture": "#main" }, 
                "south": { "uv": [ 12.5, 4.5, 13.75, 5.25 ], "texture": "#main" }, 
                "west":  { "uv": [ 12.5, 4.5, 14.25, 5.25 ], "texture": "#main" }, 
                "up":    { "uv": [ 12.5, 4.5, 13.75, 6.25 ], "texture": "#main" }, 
                "down":  { "uv": [ 12.5, 4.5, 13.75, 6.25 ], "texture": "#main" }
            }
        }, 
        {
            "from": [ -1, 0, 11 ], 
            "to":   [ 4, 2, 18 ], 
            "faces": {
                "north": { "uv": [ 12.5, 4.5, 13.75, 5 ], "texture": "#main" }, 
                "east":  { "uv": [ 12.5, 4.5, 14.25, 5 ], "texture": "#main" }, 
                "south": { "uv": [ 12.5, 4.5, 13.75, 5 ], "texture": "#main" }, 
                "west":  { "uv": [ 12.5, 4.5, 14.25, 5 ], "texture": "#main" }, 
                "up":    { "uv": [ 12.5, 4.5, 13.75, 6.25 ], "texture": "#main" }, 
                "down":  { "uv": [ 12.5, 4.5, 13.75, 6.25 ], "texture": "#main" }
            }
        }, 
        {
            "from": [ 4.5, 0, 18 ], 
            "to":   [ 10.5, 4, 23 ], 
            "faces": {
                "north": { "uv": [ 12.5, 4.5, 14, 5.5 ], "texture": "#main" }, 
                "east":  { "uv": [ 12.5, 4.5, 13.75, 5.5 ], "texture": "#main" }, 
                "south": { "uv": [ 12.5, 4.5, 14, 5.5 ], "texture": "#main" }, 
                "west":  { "uv": [ 12.5, 4.5, 13.75, 5.5 ], "texture": "#main" }, 
                "up":    { "uv": [ 12.5, 4.5, 14, 5.75 ], "texture": "#main" }, 
                "down":  { "uv": [ 12.5, 4.5, 14, 5.75 ], "texture": "#main" }
            }
        }, 
        {
            "from": [ -1, 0, 5 ], 
            "to":   [ 6, 1, 12 ], 
            "faces": {
                "north": { "uv": [ 12.5, 4.5, 14.25, 4.75 ], "texture": "#main" }, 
                "east":  { "uv": [ 12.5, 4.5, 14.25, 4.75 ], "texture": "#main" }, 
                "south": { "uv": [ 12.5, 4.5, 14.25, 4.75 ], "texture": "#main" }, 
                "west":  { "uv": [ 12.5, 4.5, 14.25, 4.75 ], "texture": "#main" }, 
                "up":    { "uv": [ 12.5, 4.5, 14.25, 6.25 ], "texture": "#main" }, 
                "down":  { "uv": [ 12.5, 4.5, 14.25, 6.25 ], "texture": "#main" }
            }
        }, 
        {
            "from": [ 0, 0, 11 ], 
            "to":   [ 4, 4, 19 ], 
            "faces": {
                "north": { "uv": [ 12.5, 4.5, 13.5, 5.5 ], "texture": "#main" }, 
                "east":  { "uv": [ 12.5, 4.5, 14.5, 5.5 ], "texture": "#main" }, 
                "south": { "uv": [ 12.5, 4.5, 13.5, 5.5 ], "texture": "#main" }, 
                "west":  { "uv": [ 12.5, 4.5, 14.5, 5.5 ], "texture": "#main" }, 
                "up":    { "uv": [ 12.5, 4.5, 13.5, 6.5 ], "texture": "#main" }, 
                "down":  { "uv": [ 12.5, 4.5, 13.5, 6.5 ], "texture": "#main" }
            }
        }, 
        {
            "from": [ 12, 0, -2 ], 
            "to":   [ 17, 2, 5 ], 
            "faces": {
                "north": { "uv": [ 12.5, 4.5, 13.75, 5 ], "texture": "#main" }, 
                "east":  { "uv": [ 12.5, 4.5, 14.25, 5 ], "texture": "#main" }, 
                "south": { "uv": [ 12.5, 4.5, 13.75, 5 ], "texture": "#main" }, 
                "west":  { "uv": [ 12.5, 4.5, 14.25, 5 ], "texture": "#main" }, 
                "up":    { "uv": [ 12.5, 4.5, 13.75, 6.25 ], "texture": "#main" }, 
                "down":  { "uv": [ 12.5, 4.5, 13.75, 6.25 ], "texture": "#main" }
            }
        }, 
        {
            "from": [ 4, 0, 2 ], 
            "to":   [ 13, 4, 13 ], 
            "faces": {
                "north": { "uv": [ 13.25, 7, 15.25, 8 ], "texture": "#main" }, 
                "east":  { "uv": [ 13.25, 7, 15.25, 8 ], "texture": "#main" }, 
                "south": { "uv": [ 13.25, 7, 15.25, 8 ], "texture": "#main" }, 
                "west":  { "uv": [ 13.25, 7, 15.25, 8 ], "texture": "#main" }, 
                "up":    { "uv": [ 13.25, 7, 15.25, 8 ], "texture": "#main" }, 
                "down":  { "uv": [ 13.25, 7, 15.25, 8 ], "texture": "#main" }
            }
        }, 
        {
            "name": "shull", 
            "from": [ 10, 3, 2 ], 
            "to":   [ 14, 7, 6 ], 
            "rotation": { "angle": -45, "axis": "y", "origin": [12, 5, 4] }, 
            "faces": {
                "north": { "uv": [ 8, 2, 10, 4 ], "texture": "#main" }, 
                "east":  { "uv": [ 10, 2, 12, 4 ], "texture": "#main", "rotation":270 }, 
                "south": { "uv": [ 8, 0, 10, 2 ], "texture": "#main", "rotation":90 }, 
                "west":  { "uv": [ 10, 2, 12, 4 ], "texture": "#main" }, 
                "up":    { "uv": [ 8, 0, 10, 2 ], "texture": "#main" }, 
                "down":  { "uv": [ 10, 0, 12, 2 ], "texture": "#main" }
            }
        }, 
        {
            "name": "skull", 
            "from": [ 7, 3, 2 ], 
            "to":   [ 10, 6, 5 ], 
            "rotation": { "angle": -22.5, "axis": "y", "origin": [9, 5, 4] }, 
            "faces": {
                "north": { "uv": [ 8, 2, 10, 4 ], "texture": "#main" }, 
                "east":  { "uv": [ 10, 2, 12, 4 ], "texture": "#main", "rotation":270 }, 
                "south": { "uv": [ 8, 0, 10, 2 ], "texture": "#main", "rotation":90 }, 
                "west":  { "uv": [ 10, 2, 12, 4 ], "texture": "#main" }, 
                "up":    { "uv": [ 8, 0, 10, 2 ], "texture": "#main" }, 
                "down":  { "uv": [ 10, 0, 12, 2 ], "texture": "#main" }
            }
        }, 
        {
            "name": "skull", 
            "from": [ 1, 1, 13 ], 
            "to":   [ 3, 3, 15 ], 
            "rotation": { "angle": -22.5, "axis": "y", "origin": [2, 2, 14] }, 
            "faces": {
                "north": { "uv": [ 10, 2, 12, 4 ], "texture": "#main", "rotation":270 }, 
                "east":  { "uv": [ 8, 0, 10, 2 ], "texture": "#main", "rotation":90 }, 
                "south": { "uv": [ 10, 2, 12, 4 ], "texture": "#main" }, 
                "west":  { "uv": [ 8, 2, 10, 4 ], "texture": "#main" }, 
                "up":    { "uv": [ 8, 0, 10, 2 ], "texture": "#main", "rotation":270 }, 
                "down":  { "uv": [ 10, 0, 12, 2 ], "texture": "#main", "rotation":90 }
            }
        }, 
        {
            "name": "skull", 
            "from": [ 8, 1, 12 ], 
            "to":   [ 11, 4, 15 ], 
            "rotation": { "angle": -22.5, "axis": "y", "origin": [9.5, 2.5, 13.5] }, 
            "faces": {
                "north": { "uv": [ 10, 2, 12, 4 ], "texture": "#main" }, 
                "east":  { "uv": [ 8, 2, 10, 4 ], "texture": "#main" }, 
                "south": { "uv": [ 10, 2, 12, 4 ], "texture": "#main", "rotation":270 }, 
                "west":  { "uv": [ 8, 0, 10, 2 ], "texture": "#main", "rotation":90 }, 
                "up":    { "uv": [ 8, 0, 10, 2 ], "texture": "#main", "rotation":90 }, 
                "down":  { "uv": [ 10, 0, 12, 2 ], "texture": "#main", "rotation":270 }
            }
        }, 
        {
            "name": "body", 
            "from": [ 1, 0, -1 ], 
            "to":   [ 15, 14, 17 ], 
            "faces": {
                "north": { "uv": [ 4, 12, 8, 16 ], "texture": "#main" }, 
                "east":  { "uv": [ 4, 12, 8, 16 ], "texture": "#main" }, 
                "south": { "uv": [ 4, 12, 8, 16 ], "texture": "#main" }, 
                "west":  { "uv": [ 4, 12, 8, 16 ], "texture": "#main" }, 
                "up":    { "uv": [ 4, 12, 8, 16 ], "texture": "#main" }, 
                "down":  { "uv": [ 4, 12, 8, 16 ], "texture": "#main" }
            }
        }, 
        {
            "from": [ 5, 4, 2 ], 
            "to":   [ 12, 11, 13 ], 
            "faces": {
                "north": { "uv": [ 0, 14, 2, 16 ], "texture": "#main" }, 
                "east":  { "uv": [ 2, 14, 4, 16 ], "texture": "#main" }, 
                "south": { "uv": [ 0, 12, 2, 14 ], "texture": "#main" }, 
                "west":  { "uv": [ 2, 12, 4, 14 ], "texture": "#main" }, 
                "up":    { "uv": [ 2, 13, 4, 15 ], "texture": "#main" }, 
                "down":  { "uv": [ 0, 13, 2, 15 ], "texture": "#main" }
            }
        }, 
        {
            "from": [ -1, 0, -3 ], 
            "to":   [ 4, 5, 6 ], 
            "faces": {
                "north": { "uv": [ 4.5, 12.5, 5.75, 13.75 ], "texture": "#main" }, 
                "east":  { "uv": [ 4.5, 12.5, 6.75, 13.75 ], "texture": "#main" }, 
                "south": { "uv": [ 4.5, 12.5, 5.75, 13.75 ], "texture": "#main" }, 
                "west":  { "uv": [ 4.5, 12.5, 6.75, 13.75 ], "texture": "#main" }, 
                "up":    { "uv": [ 4.5, 12.5, 5.75, 14.75 ], "texture": "#main" }, 
                "down":  { "uv": [ 4.5, 12.5, 5.75, 14.75 ], "texture": "#main" }
            }
        }, 
        {
            "from": [ 10, 0, -2 ], 
            "to":   [ 13, 3, 3 ], 
            "faces": {
                "north": { "uv": [ 4.5, 12.5, 5.25, 13.25 ], "texture": "#main" }, 
                "east":  { "uv": [ 4.5, 12.5, 5.75, 13.25 ], "texture": "#main" }, 
                "south": { "uv": [ 4.5, 12.5, 5.25, 13.25 ], "texture": "#main" }, 
                "west":  { "uv": [ 4.5, 12.5, 5.75, 13.25 ], "texture": "#main" }, 
                "up":    { "uv": [ 4.5, 12.5, 5.25, 13.75 ], "texture": "#main" }, 
                "down":  { "uv": [ 4.5, 12.5, 5.25, 13.75 ], "texture": "#main" }
            }
        }, 
        {
            "from": [ 12, 0, 9 ], 
            "to":   [ 17, 2, 18 ], 
            "faces": {
                "north": { "uv": [ 4.5, 12.5, 5.75, 13 ], "texture": "#main" }, 
                "east":  { "uv": [ 4.5, 12.5, 6.75, 13 ], "texture": "#main" }, 
                "south": { "uv": [ 4.5, 12.5, 5.75, 13 ], "texture": "#main" }, 
                "west":  { "uv": [ 4.5, 12.5, 6.75, 13 ], "texture": "#main" }, 
                "up":    { "uv": [ 4.5, 12.5, 5.75, 14.75 ], "texture": "#main" }, 
                "down":  { "uv": [ 4.5, 12.5, 5.75, 14.75 ], "texture": "#main" }
            }
        }, 
        {
            "from": [ -2, 0, -4 ], 
            "to":   [ 1, 2, 3 ], 
            "faces": {
                "north": { "uv": [ 4.5, 12.5, 5.25, 13 ], "texture": "#main" }, 
                "east":  { "uv": [ 4.5, 12.5, 6.25, 13 ], "texture": "#main" }, 
                "south": { "uv": [ 4.5, 12.5, 5.25, 13 ], "texture": "#main" }, 
                "west":  { "uv": [ 4.5, 12.5, 6.25, 13 ], "texture": "#main" }, 
                "up":    { "uv": [ 4.5, 12.5, 5.25, 14.25 ], "texture": "#main" }, 
                "down":  { "uv": [ 4.5, 12.5, 5.25, 14.25 ], "texture": "#main" }
            }
        }, 
        {
            "from": [ 3, 0, -2 ], 
            "to":   [ 6, 2, 5 ], 
            "faces": {
                "north": { "uv": [ 4.5, 12.5, 5.25, 13 ], "texture": "#main" }, 
                "east":  { "uv": [ 4.5, 12.5, 6.25, 13 ], "texture": "#main" }, 
                "south": { "uv": [ 4.5, 12.5, 5.25, 13 ], "texture": "#main" }, 
                "west":  { "uv": [ 4.5, 12.5, 6.25, 13 ], "texture": "#main" }, 
                "up":    { "uv": [ 4.5, 12.5, 5.25, 14.25 ], "texture": "#main" }, 
                "down":  { "uv": [ 4.5, 12.5, 5.25, 14.25 ], "texture": "#main" }
            }
        }, 
        {
            "from": [ 15, 0, 2 ], 
            "to":   [ 16, 7, 9 ], 
            "faces": {
                "north": { "uv": [ 4.5, 12.5, 4.75, 14.25 ], "texture": "#main" }, 
                "east":  { "uv": [ 4.5, 12.5, 6.25, 14.25 ], "texture": "#main" }, 
                "south": { "uv": [ 4.5, 12.5, 4.75, 14.25 ], "texture": "#main" }, 
                "west":  { "uv": [ 4.5, 12.5, 6.25, 14.25 ], "texture": "#main" }, 
                "up":    { "uv": [ 4.5, 12.5, 4.75, 14.25 ], "texture": "#main" }, 
                "down":  { "uv": [ 4.5, 12.5, 4.75, 14.25 ], "texture": "#main" }
            }
        }, 
        {
            "from": [ 15, 0, 8 ], 
            "to":   [ 16, 3, 15 ], 
            "faces": {
                "north": { "uv": [ 4.5, 12.5, 4.75, 13.25 ], "texture": "#main" }, 
                "east":  { "uv": [ 4.5, 12.5, 6.25, 13.25 ], "texture": "#main" }, 
                "south": { "uv": [ 4.5, 12.5, 4.75, 13.25 ], "texture": "#main" }, 
                "west":  { "uv": [ 4.5, 12.5, 6.25, 13.25 ], "texture": "#main" }, 
                "up":    { "uv": [ 4.5, 12.5, 4.75, 14.25 ], "texture": "#main" }, 
                "down":  { "uv": [ 4.5, 12.5, 4.75, 14.25 ], "texture": "#main" }
            }
        }, 
        {
            "from": [ 4, 0, 11 ], 
            "to":   [ 12, 8, 21 ], 
            "faces": {
                "north": { "uv": [ 4.5, 12.5, 6.5, 14.5 ], "texture": "#main" }, 
                "east":  { "uv": [ 4.5, 12.5, 7, 14.5 ], "texture": "#main" }, 
                "south": { "uv": [ 4.5, 12.5, 6.5, 14.5 ], "texture": "#main" }, 
                "west":  { "uv": [ 4.5, 12.5, 7, 14.5 ], "texture": "#main" }, 
                "up":    { "uv": [ 4.5, 12.5, 6.5, 15 ], "texture": "#main" }, 
                "down":  { "uv": [ 4.5, 12.5, 6.5, 15 ], "texture": "#main" }
            }
        }, 
        {
            "from": [ 0, 0, 3 ], 
            "to":   [ 5, 3, 12 ], 
            "faces": {
                "north": { "uv": [ 4.5, 12.5, 5.75, 13.25 ], "texture": "#main" }, 
                "east":  { "uv": [ 4.5, 12.5, 6.75, 13.25 ], "texture": "#main" }, 
                "south": { "uv": [ 4.5, 12.5, 5.75, 13.25 ], "texture": "#main" }, 
                "west":  { "uv": [ 4.5, 12.5, 6.75, 13.25 ], "texture": "#main" }, 
                "up":    { "uv": [ 4.5, 12.5, 5.75, 14.75 ], "texture": "#main" }, 
                "down":  { "uv": [ 4.5, 12.5, 5.75, 14.75 ], "texture": "#main" }
            }
        }, 
        {
            "from": [ -1, 0, 10 ], 
            "to":   [ 4, 2, 19 ], 
            "faces": {
                "north": { "uv": [ 4.5, 12.5, 5.75, 13 ], "texture": "#main" }, 
                "east":  { "uv": [ 4.5, 12.5, 6.75, 13 ], "texture": "#main" }, 
                "south": { "uv": [ 4.5, 12.5, 5.75, 13 ], "texture": "#main" }, 
                "west":  { "uv": [ 4.5, 12.5, 6.75, 13 ], "texture": "#main" }, 
                "up":    { "uv": [ 4.5, 12.5, 5.75, 14.75 ], "texture": "#main" }, 
                "down":  { "uv": [ 4.5, 12.5, 5.75, 14.75 ], "texture": "#main" }
            }
        }, 
        {
            "from": [ 4.5, 0, 17 ], 
            "to":   [ 10.5, 4, 24 ], 
            "faces": {
                "north": { "uv": [ 4.5, 12.5, 6, 13.5 ], "texture": "#main" }, 
                "east":  { "uv": [ 4.5, 12.5, 6.25, 13.5 ], "texture": "#main" }, 
                "south": { "uv": [ 4.5, 12.5, 6, 13.5 ], "texture": "#main" }, 
                "west":  { "uv": [ 4.5, 12.5, 6.25, 13.5 ], "texture": "#main" }, 
                "up":    { "uv": [ 4.5, 12.5, 6, 14.25 ], "texture": "#main" }, 
                "down":  { "uv": [ 4.5, 12.5, 6, 14.25 ], "texture": "#main" }
            }
        }, 
        {
            "from": [ -1, 0, 4 ], 
            "to":   [ 6, 1, 13 ], 
            "faces": {
                "north": { "uv": [ 4.5, 12.5, 6.25, 12.75 ], "texture": "#main" }, 
                "east":  { "uv": [ 4.5, 12.5, 6.75, 12.75 ], "texture": "#main" }, 
                "south": { "uv": [ 4.5, 12.5, 6.25, 12.75 ], "texture": "#main" }, 
                "west":  { "uv": [ 4.5, 12.5, 6.75, 12.75 ], "texture": "#main" }, 
                "up":    { "uv": [ 4.5, 12.5, 6.25, 14.75 ], "texture": "#main" }, 
                "down":  { "uv": [ 4.5, 12.5, 6.25, 14.75 ], "texture": "#main" }
            }
        }, 
        {
            "from": [ 0, 0, 10 ], 
            "to":   [ 4, 4, 20 ], 
            "faces": {
                "north": { "uv": [ 4.5, 12.5, 5.5, 13.5 ], "texture": "#main" }, 
                "east":  { "uv": [ 4.5, 12.5, 7, 13.5 ], "texture": "#main" }, 
                "south": { "uv": [ 4.5, 12.5, 5.5, 13.5 ], "texture": "#main" }, 
                "west":  { "uv": [ 4.5, 12.5, 7, 13.5 ], "texture": "#main" }, 
                "up":    { "uv": [ 4.5, 12.5, 5.5, 15 ], "texture": "#main" }, 
                "down":  { "uv": [ 4.5, 12.5, 5.5, 15 ], "texture": "#main" }
            }
        }, 
        {
            "from": [ 12, 0, -3 ], 
            "to":   [ 17, 2, 6 ], 
            "faces": {
                "north": { "uv": [ 4.5, 12.5, 5.75, 13 ], "texture": "#main" }, 
                "east":  { "uv": [ 4.5, 12.5, 6.75, 13 ], "texture": "#main" }, 
                "south": { "uv": [ 4.5, 12.5, 5.75, 13 ], "texture": "#main" }, 
                "west":  { "uv": [ 4.5, 12.5, 6.75, 13 ], "texture": "#main" }, 
                "up":    { "uv": [ 4.5, 12.5, 5.75, 14.75 ], "texture": "#main" }, 
                "down":  { "uv": [ 4.5, 12.5, 5.75, 14.75 ], "texture": "#main" }
            }
        }, 
        {
            "from": [ 4, 0, 1 ], 
            "to":   [ 13, 4, 14 ], 
            "faces": {
                "north": { "uv": [ 5.25, 15, 7.25, 16 ], "texture": "#main" }, 
                "east":  { "uv": [ 5.25, 15, 7.25, 16 ], "texture": "#main" }, 
                "south": { "uv": [ 5.25, 15, 7.25, 16 ], "texture": "#main" }, 
                "west":  { "uv": [ 5.25, 15, 7.25, 16 ], "texture": "#main" }, 
                "up":    { "uv": [ 5.25, 15, 7.25, 16 ], "texture": "#main" }, 
                "down":  { "uv": [ 5.25, 15, 7.25, 16 ], "texture": "#main" }
            }
        }, 
        {
            "name": "shull", 
            "from": [ 10, 3, 2 ], 
            "to":   [ 14, 7, 6 ], 
            "rotation": { "angle": -45, "axis": "y", "origin": [12, 5, 4] }, 
            "faces": {
                "north": { "uv": [ 0, 10, 2, 12 ], "texture": "#main" }, 
                "east":  { "uv": [ 2, 10, 4, 12 ], "texture": "#main", "rotation":270 }, 
                "south": { "uv": [ 0, 8, 2, 10 ], "texture": "#main", "rotation":90 }, 
                "west":  { "uv": [ 2, 10, 4, 12 ], "texture": "#main" }, 
                "up":    { "uv": [ 0, 8, 2, 10 ], "texture": "#main" }, 
                "down":  { "uv": [ 2, 8, 4, 10 ], "texture": "#main" }
            }
        }, 
        {
            "name": "skull", 
            "from": [ 7, 3, 2 ], 
            "to":   [ 10, 6, 5 ], 
            "rotation": { "angle": -22.5, "axis": "y", "origin": [9, 5, 4] }, 
            "faces": {
                "north": { "uv": [ 0, 10, 2, 12 ], "texture": "#main" }, 
                "east":  { "uv": [ 2, 10, 4, 12 ], "texture": "#main", "rotation":270 }, 
                "south": { "uv": [ 0, 8, 2, 10 ], "texture": "#main", "rotation":90 }, 
                "west":  { "uv": [ 2, 10, 4, 12 ], "texture": "#main" }, 
                "up":    { "uv": [ 0, 8, 2, 10 ], "texture": "#main" }, 
                "down":  { "uv": [ 2, 8, 4, 10 ], "texture": "#main" }
            }
        }, 
        {
            "name": "skull", 
            "from": [ 1, 1, 13 ], 
            "to":   [ 3, 3, 15 ], 
            "rotation": { "angle": -22.5, "axis": "y", "origin": [2, 2, 14] }, 
            "faces": {
                "north": { "uv": [ 2, 10, 4, 12 ], "texture": "#main", "rotation":270 }, 
                "east":  { "uv": [ 0, 8, 2, 10 ], "texture": "#main", "rotation":90 }, 
                "south": { "uv": [ 2, 10, 4, 12 ], "texture": "#main" }, 
                "west":  { "uv": [ 0, 10, 2, 12 ], "texture": "#main" }, 
                "up":    { "uv": [ 0, 8, 2, 10 ], "texture": "#main", "rotation":270 }, 
                "down":  { "uv": [ 2, 8, 4, 10 ], "texture": "#main", "rotation":90 }
            }
        }, 
        {
            "name": "skull", 
            "from": [ 8, 1, 12 ], 
            "to":   [ 11, 4, 15 ], 
            "rotation": { "angle": -22.5, "axis": "y", "origin": [9.5, 2.5, 13.5] }, 
            "faces": {
                "north": { "uv": [ 2, 10, 4, 12 ], "texture": "#main" }, 
                "east":  { "uv": [ 0, 10, 2, 12 ], "texture": "#main" }, 
                "south": { "uv": [ 2, 10, 4, 12 ], "texture": "#main", "rotation":270 }, 
                "west":  { "uv": [ 0, 8, 2, 10 ], "texture": "#main", "rotation":90 }, 
                "up":    { "uv": [ 0, 8, 2, 10 ], "texture": "#main", "rotation":90 }, 
                "down":  { "uv": [ 2, 8, 4, 10 ], "texture": "#main", "rotation":270 }
            }
        }, 
        {
            "name": "body", 
            "from": [ 1, 0, 2 ], 
            "to":   [ 15, 14, 14 ], 
            "faces": {
                "north": { "uv": [ 12, 12, 16, 16 ], "texture": "#main" }, 
                "east":  { "uv": [ 12, 12, 16, 16 ], "texture": "#main" }, 
                "south": { "uv": [ 12, 12, 16, 16 ], "texture": "#main" }, 
                "west":  { "uv": [ 12, 12, 16, 16 ], "texture": "#main" }, 
                "up":    { "uv": [ 12, 12, 16, 16 ], "texture": "#main" }, 
                "down":  { "uv": [ 12, 12, 16, 16 ], "texture": "#main" }
            }
        }, 
        {
            "from": [ 5, 4, 5 ], 
            "to":   [ 12, 11, 10 ], 
            "faces": {
                "north": { "uv": [ 8, 14, 10, 16 ], "texture": "#main" }, 
                "east":  { "uv": [ 10, 14, 12, 16 ], "texture": "#main" }, 
                "south": { "uv": [ 8, 12, 10, 14 ], "texture": "#main" }, 
                "west":  { "uv": [ 10, 12, 12, 14 ], "texture": "#main" }, 
                "up":    { "uv": [ 10, 13, 12, 15 ], "texture": "#main" }, 
                "down":  { "uv": [ 8, 13, 10, 15 ], "texture": "#main" }
            }
        }, 
        {
            "from": [ -1, 0, 0 ], 
            "to":   [ 4, 5, 3 ], 
            "faces": {
                "north": { "uv": [ 12.5, 12.5, 13.75, 13.75 ], "texture": "#main" }, 
                "east":  { "uv": [ 12.5, 12.5, 13.25, 13.75 ], "texture": "#main" }, 
                "south": { "uv": [ 12.5, 12.5, 13.75, 13.75 ], "texture": "#main" }, 
                "west":  { "uv": [ 12.5, 12.5, 13.25, 13.75 ], "texture": "#main" }, 
                "up":    { "uv": [ 12.5, 12.5, 13.75, 13.25 ], "texture": "#main" }, 
                "down":  { "uv": [ 12.5, 12.5, 13.75, 13.25 ], "texture": "#main" }
            }
        }, 
        {
            "from": [ 10, 0, 1 ], 
            "to":   [ 13, 3, 1 ], 
            "faces": {
                "north": { "uv": [ 12.5, 12.5, 13.25, 13.25 ], "texture": "#main" }, 
                "east":  { "uv": [ 12.5, 12.5, 12.5, 13.25 ], "texture": "#main" }, 
                "south": { "uv": [ 12.5, 12.5, 13.25, 13.25 ], "texture": "#main" }, 
                "west":  { "uv": [ 12.5, 12.5, 12.5, 13.25 ], "texture": "#main" }, 
                "up":    { "uv": [ 12.5, 12.5, 13.25, 12.5 ], "texture": "#main" }, 
                "down":  { "uv": [ 12.5, 12.5, 13.25, 12.5 ], "texture": "#main" }
            }
        }, 
        {
            "from": [ 12, 0, 12 ], 
            "to":   [ 17, 2, 15 ], 
            "faces": {
                "north": { "uv": [ 12.5, 12.5, 13.75, 13 ], "texture": "#main" }, 
                "east":  { "uv": [ 12.5, 12.5, 13.25, 13 ], "texture": "#main" }, 
                "south": { "uv": [ 12.5, 12.5, 13.75, 13 ], "texture": "#main" }, 
                "west":  { "uv": [ 12.5, 12.5, 13.25, 13 ], "texture": "#main" }, 
                "up":    { "uv": [ 12.5, 12.5, 13.75, 13.25 ], "texture": "#main" }, 
                "down":  { "uv": [ 12.5, 12.5, 13.75, 13.25 ], "texture": "#main" }
            }
        }, 
        {
            "from": [ -2, 0, -1 ], 
            "to":   [ 1, 2, 0 ], 
            "faces": {
                "north": { "uv": [ 12.5, 12.5, 13.25, 13 ], "texture": "#main" }, 
                "east":  { "uv": [ 12.5, 12.5, 12.75, 13 ], "texture": "#main" }, 
                "south": { "uv": [ 12.5, 12.5, 13.25, 13 ], "texture": "#main" }, 
                "west":  { "uv": [ 12.5, 12.5, 12.75, 13 ], "texture": "#main" }, 
                "up":    { "uv": [ 12.5, 12.5, 13.25, 12.75 ], "texture": "#main" }, 
                "down":  { "uv": [ 12.5, 12.5, 13.25, 12.75 ], "texture": "#main" }
            }
        }, 
        {
            "from": [ 3, 0, 1 ], 
            "to":   [ 6, 2, 2 ], 
            "faces": {
                "north": { "uv": [ 12.5, 12.5, 13.25, 13 ], "texture": "#main" }, 
                "east":  { "uv": [ 12.5, 12.5, 12.75, 13 ], "texture": "#main" }, 
                "south": { "uv": [ 12.5, 12.5, 13.25, 13 ], "texture": "#main" }, 
                "west":  { "uv": [ 12.5, 12.5, 12.75, 13 ], "texture": "#main" }, 
                "up":    { "uv": [ 12.5, 12.5, 13.25, 12.75 ], "texture": "#main" }, 
                "down":  { "uv": [ 12.5, 12.5, 13.25, 12.75 ], "texture": "#main" }
            }
        }, 
        {
            "from": [ 15, 0, 5 ], 
            "to":   [ 16, 7, 6 ], 
            "faces": {
                "north": { "uv": [ 12.5, 12.5, 12.75, 14.25 ], "texture": "#main" }, 
                "east":  { "uv": [ 12.5, 12.5, 12.75, 14.25 ], "texture": "#main" }, 
                "south": { "uv": [ 12.5, 12.5, 12.75, 14.25 ], "texture": "#main" }, 
                "west":  { "uv": [ 12.5, 12.5, 12.75, 14.25 ], "texture": "#main" }, 
                "up":    { "uv": [ 12.5, 12.5, 12.75, 12.75 ], "texture": "#main" }, 
                "down":  { "uv": [ 12.5, 12.5, 12.75, 12.75 ], "texture": "#main" }
            }
        }, 
        {
            "from": [ 15, 0, 11 ], 
            "to":   [ 16, 3, 12 ], 
            "faces": {
                "north": { "uv": [ 12.5, 12.5, 12.75, 13.25 ], "texture": "#main" }, 
                "east":  { "uv": [ 12.5, 12.5, 12.75, 13.25 ], "texture": "#main" }, 
                "south": { "uv": [ 12.5, 12.5, 12.75, 13.25 ], "texture": "#main" }, 
                "west":  { "uv": [ 12.5, 12.5, 12.75, 13.25 ], "texture": "#main" }, 
                "up":    { "uv": [ 12.5, 12.5, 12.75, 12.75 ], "texture": "#main" }, 
                "down":  { "uv": [ 12.5, 12.5, 12.75, 12.75 ], "texture": "#main" }
            }
        }, 
        {
            "from": [ 4, 0, 14 ], 
            "to":   [ 12, 8, 18 ], 
            "faces": {
                "north": { "uv": [ 12.5, 12.5, 14.5, 14.5 ], "texture": "#main" }, 
                "east":  { "uv": [ 12.5, 12.5, 13.5, 14.5 ], "texture": "#main" }, 
                "south": { "uv": [ 12.5, 12.5, 14.5, 14.5 ], "texture": "#main" }, 
                "west":  { "uv": [ 12.5, 12.5, 13.5, 14.5 ], "texture": "#main" }, 
                "up":    { "uv": [ 12.5, 12.5, 14.5, 13.5 ], "texture": "#main" }, 
                "down":  { "uv": [ 12.5, 12.5, 14.5, 13.5 ], "texture": "#main" }
            }
        }, 
        {
            "from": [ 0, 0, 6 ], 
            "to":   [ 5, 3, 9 ], 
            "faces": {
                "north": { "uv": [ 12.5, 12.5, 13.75, 13.25 ], "texture": "#main" }, 
                "east":  { "uv": [ 12.5, 12.5, 13.25, 13.25 ], "texture": "#main" }, 
                "south": { "uv": [ 12.5, 12.5, 13.75, 13.25 ], "texture": "#main" }, 
                "west":  { "uv": [ 12.5, 12.5, 13.25, 13.25 ], "texture": "#main" }, 
                "up":    { "uv": [ 12.5, 12.5, 13.75, 13.25 ], "texture": "#main" }, 
                "down":  { "uv": [ 12.5, 12.5, 13.75, 13.25 ], "texture": "#main" }
            }
        }, 
        {
            "from": [ -1, 0, 13 ], 
            "to":   [ 4, 2, 16 ], 
            "faces": {
                "north": { "uv": [ 12.5, 12.5, 13.75, 13 ], "texture": "#main" }, 
                "east":  { "uv": [ 12.5, 12.5, 13.25, 13 ], "texture": "#main" }, 
                "south": { "uv": [ 12.5, 12.5, 13.75, 13 ], "texture": "#main" }, 
                "west":  { "uv": [ 12.5, 12.5, 13.25, 13 ], "texture": "#main" }, 
                "up":    { "uv": [ 12.5, 12.5, 13.75, 13.25 ], "texture": "#main" }, 
                "down":  { "uv": [ 12.5, 12.5, 13.75, 13.25 ], "texture": "#main" }
            }
        }, 
        {
            "from": [ 4.5, 0, 20 ], 
            "to":   [ 10.5, 4, 21 ], 
            "faces": {
                "north": { "uv": [ 12.5, 12.5, 14, 13.5 ], "texture": "#main" }, 
                "east":  { "uv": [ 12.5, 12.5, 12.75, 13.5 ], "texture": "#main" }, 
                "south": { "uv": [ 12.5, 12.5, 14, 13.5 ], "texture": "#main" }, 
                "west":  { "uv": [ 12.5, 12.5, 12.75, 13.5 ], "texture": "#main" }, 
                "up":    { "uv": [ 12.5, 12.5, 14, 12.75 ], "texture": "#main" }, 
                "down":  { "uv": [ 12.5, 12.5, 14, 12.75 ], "texture": "#main" }
            }
        }, 
        {
            "from": [ -1, 0, 7 ], 
            "to":   [ 6, 1, 10 ], 
            "faces": {
                "north": { "uv": [ 12.5, 12.5, 14.25, 12.75 ], "texture": "#main" }, 
                "east":  { "uv": [ 12.5, 12.5, 13.25, 12.75 ], "texture": "#main" }, 
                "south": { "uv": [ 12.5, 12.5, 14.25, 12.75 ], "texture": "#main" }, 
                "west":  { "uv": [ 12.5, 12.5, 13.25, 12.75 ], "texture": "#main" }, 
                "up":    { "uv": [ 12.5, 12.5, 14.25, 13.25 ], "texture": "#main" }, 
                "down":  { "uv": [ 12.5, 12.5, 14.25, 13.25 ], "texture": "#main" }
            }
        }, 
        {
            "from": [ 0, 0, 13 ], 
            "to":   [ 4, 4, 17 ], 
            "faces": {
                "north": { "uv": [ 12.5, 12.5, 13.5, 13.5 ], "texture": "#main" }, 
                "east":  { "uv": [ 12.5, 12.5, 13.5, 13.5 ], "texture": "#main" }, 
                "south": { "uv": [ 12.5, 12.5, 13.5, 13.5 ], "texture": "#main" }, 
                "west":  { "uv": [ 12.5, 12.5, 13.5, 13.5 ], "texture": "#main" }, 
                "up":    { "uv": [ 12.5, 12.5, 13.5, 13.5 ], "texture": "#main" }, 
                "down":  { "uv": [ 12.5, 12.5, 13.5, 13.5 ], "texture": "#main" }
            }
        }, 
        {
            "from": [ 12, 0, 0 ], 
            "to":   [ 17, 2, 3 ], 
            "faces": {
                "north": { "uv": [ 12.5, 12.5, 13.75, 13 ], "texture": "#main" }, 
                "east":  { "uv": [ 12.5, 12.5, 13.25, 13 ], "texture": "#main" }, 
                "south": { "uv": [ 12.5, 12.5, 13.75, 13 ], "texture": "#main" }, 
                "west":  { "uv": [ 12.5, 12.5, 13.25, 13 ], "texture": "#main" }, 
                "up":    { "uv": [ 12.5, 12.5, 13.75, 13.25 ], "texture": "#main" }, 
                "down":  { "uv": [ 12.5, 12.5, 13.75, 13.25 ], "texture": "#main" }
            }
        }, 
        {
            "from": [ 4, 0, 4 ], 
            "to":   [ 13, 4, 11 ], 
            "faces": {
                "north": { "uv": [ 13.25, 15, 15.25, 16 ], "texture": "#main" }, 
                "east":  { "uv": [ 13.25, 15, 15.25, 16 ], "texture": "#main" }, 
                "south": { "uv": [ 13.25, 15, 15.25, 16 ], "texture": "#main" }, 
                "west":  { "uv": [ 13.25, 15, 15.25, 16 ], "texture": "#main" }, 
                "up":    { "uv": [ 13.25, 15, 15.25, 16 ], "texture": "#main" }, 
                "down":  { "uv": [ 13.25, 15, 15.25, 16 ], "texture": "#main" }
            }
        }, 
        {
            "name": "shull", 
            "from": [ 10, 3, 3.25 ], 
            "to":   [ 14, 7, 6 ], 
            "rotation": { "angle": -45, "axis": "y", "origin": [12, 5, 4] }, 
            "faces": {
                "north": { "uv": [ 8, 10, 10, 12 ], "texture": "#main" }, 
                "east":  { "uv": [ 10, 10, 12, 12 ], "texture": "#main", "rotation":270 }, 
                "south": { "uv": [ 8, 8, 10, 10 ], "texture": "#main", "rotation":90 }, 
                "west":  { "uv": [ 10, 10, 12, 12 ], "texture": "#main" }, 
                "up":    { "uv": [ 8, 8, 10, 10 ], "texture": "#main" }, 
                "down":  { "uv": [ 10, 8, 12, 10 ], "texture": "#main" }
            }
        }, 
        {
            "name": "skull", 
            "from": [ 7, 3, 3 ], 
            "to":   [ 10, 6, 5 ], 
            "rotation": { "angle": -22.5, "axis": "y", "origin": [9, 5, 4] }, 
            "faces": {
                "north": { "uv": [ 8, 10, 10, 12 ], "texture": "#main" }, 
                "east":  { "uv": [ 10, 10, 12, 12 ], "texture": "#main", "rotation":270 }, 
                "south": { "uv": [ 8, 8, 10, 10 ], "texture": "#main", "rotation":90 }, 
                "west":  { "uv": [ 10, 10, 12, 12 ], "texture": "#main" }, 
                "up":    { "uv": [ 8, 8, 10, 10 ], "texture": "#main" }, 
                "down":  { "uv": [ 10, 8, 12, 10 ], "texture": "#main" }
            }
        }, 
        {
            "name": "skull", 
            "from": [ 1, 1, 13 ], 
            "to":   [ 3, 3, 15 ], 
            "rotation": { "angle": -22.5, "axis": "y", "origin": [2, 2, 14] }, 
            "faces": {
                "north": { "uv": [ 10, 10, 12, 12 ], "texture": "#main", "rotation":270 }, 
                "east":  { "uv": [ 8, 8, 10, 10 ], "texture": "#main", "rotation":90 }, 
                "south": { "uv": [ 10, 10, 12, 12 ], "texture": "#main" }, 
                "west":  { "uv": [ 8, 10, 10, 12 ], "texture": "#main" }, 
                "up":    { "uv": [ 8, 8, 10, 10 ], "texture": "#main", "rotation":270 }, 
                "down":  { "uv": [ 10, 8, 12, 10 ], "texture": "#main", "rotation":90 }
            }
        }, 
        {
            "name": "skull", 
            "from": [ 8, 1, 12 ], 
            "to":   [ 11, 4, 15 ], 
            "rotation": { "angle": -22.5, "axis": "y", "origin": [9.5, 2.5, 13.5] }, 
            "faces": {
                "north": { "uv": [ 10, 10, 12, 12 ], "texture": "#main" }, 
                "east":  { "uv": [ 8, 10, 10, 12 ], "texture": "#main" }, 
                "south": { "uv": [ 10, 10, 12, 12 ], "texture": "#main", "rotation":270 }, 
                "west":  { "uv": [ 8, 8, 10, 10 ], "texture": "#main", "rotation":90 }, 
                "up":    { "uv": [ 8, 8, 10, 10 ], "texture": "#main", "rotation":90 }, 
                "down":  { "uv": [ 10, 8, 12, 10 ], "texture": "#main", "rotation":270 }
            }
        }
    ], 
    "display": {
        "head": {
            "scale": [ 2, 2, 2 ], 
            "translation": [ 0, -15.5, 0 ]
        }
    }, 
    "groups": [
        0, 
        {
            "name": "blobs", 
            "isOpen": false, 
            "shade": true, 
            "display": {
                "visibility": true, 
                "autouv": true
            }, 
            "children": [
                1, 
                2, 
                3, 
                4, 
                5, 
                6, 
                7, 
                8, 
                9, 
                10, 
                11, 
                12, 
                13, 
                14, 
                15, 
                16
            ]
        }, 
        {
            "name": "skulls", 
            "isOpen": false, 
            "shade": true, 
            "display": {
                "visibility": true, 
                "autouv": true
            }, 
            "children": [
                17, 
                18, 
                19, 
                20
            ]
        }
    ], 
    "__comment": "Model animated using Fizzy's model animator - http://fizzy81.github.io/animated-models/"
}