{
	"credit": "Made with Blockbench, a free, modern block model editor by JannisX11",
	"textures": {
		"0": "mobs/hag_hurt",
		"particle": "mobs/hag_hurt"
	},
	"elements": [
		{
			"name": "head",
			"from": [5.5, 19, 1.5],
			"to": [10.5, 24, 6.5],
			"faces": {
				"north": {"uv": [0, 11, 5, 16], "texture": "#0"},
				"east": {"uv": [3, 11, 8, 16], "texture": "#0"},
				"south": {"uv": [4, 11, 9, 16], "texture": "#0"},
				"west": {"uv": [0, 11, 5, 16], "texture": "#0"},
				"up": {"uv": [7, 0.5, 12, 5.5], "texture": "#0", "rotation": 90},
				"down": {"uv": [6, 5, 11, 10], "texture": "#0"}
			}
		},
		{
			"name": "chest",
			"from": [4, 15, 6],
			"to": [12, 20, 10],
			"rotation": {"angle": -22.5, "axis": "x", "origin": [8, 15, 8]},
			"faces": {
				"north": {"uv": [1, 0, 9, 5], "texture": "#0"},
				"east": {"uv": [4, 5.5, 8, 10.5], "texture": "#0"},
				"south": {"uv": [4.5, 5, 12.5, 10], "texture": "#0"},
				"west": {"uv": [0, 0.5, 4, 5.5], "texture": "#0"},
				"up": {"uv": [5, 5, 13, 9], "texture": "#0", "rotation": 180},
				"down": {"uv": [1, 5.5, 9, 9.5], "texture": "#0"}
			}
		},
		{
			"name": "torso",
			"from": [5.1, 11, 7.25],
			"to": [10.9, 15.25, 10.5],
			"rotation": {"angle": -22.5, "axis": "x", "origin": [8, 13, 9]},
			"faces": {
				"north": {"uv": [2, 2, 7.8, 6.25], "texture": "#0"},
				"east": {"uv": [3, 2.5, 6.25, 6.75], "texture": "#0"},
				"south": {"uv": [1, 2.5, 6.8, 6.75], "texture": "#0"},
				"west": {"uv": [2.5, 2.5, 5.75, 6.75], "texture": "#0"},
				"up": {"uv": [0, 0, 5.8, 3.25], "texture": "#0"},
				"down": {"uv": [1, 5, 6.8, 8.25], "texture": "#0"}
			}
		},
		{
			"name": "upper arm",
			"from": [11, 13, 6],
			"to": [13, 19, 8],
			"rotation": {"angle": 22.5, "axis": "z", "origin": [12, 18, 7]},
			"faces": {
				"north": {"uv": [0, 10, 2, 16], "texture": "#0"},
				"east": {"uv": [6, 10, 8, 16], "texture": "#0"},
				"south": {"uv": [2, 10, 4, 16], "texture": "#0"},
				"west": {"uv": [4, 10, 6, 16], "texture": "#0"},
				"up": {"uv": [8, 10, 10, 12], "texture": "#0"},
				"down": {"uv": [10, 10, 12, 12], "texture": "#0"}
			}
		},
		{
			"name": "upper arm",
			"from": [11, 13, 6],
			"to": [13, 19, 8],
			"rotation": {"angle": 22.5, "axis": "z", "origin": [12, 18, 7]},
			"faces": {
				"north": {"uv": [0, 10, 2, 16], "texture": "#0"},
				"east": {"uv": [6, 10, 8, 16], "texture": "#0"},
				"south": {"uv": [2, 10, 4, 16], "texture": "#0"},
				"west": {"uv": [4, 10, 6, 16], "texture": "#0"},
				"up": {"uv": [8, 10, 10, 12], "texture": "#0"},
				"down": {"uv": [10, 10, 12, 12], "texture": "#0"}
			}
		},
		{
			"name": "lower arm",
			"from": [12.9, 10, 6.1],
			"to": [14.7, 14, 7.9],
			"rotation": {"angle": 0, "axis": "z", "origin": [13.9, 13, 7]},
			"faces": {
				"north": {"uv": [0, 12, 1.8, 16], "texture": "#0"},
				"east": {"uv": [6, 12, 7.8, 16], "texture": "#0"},
				"south": {"uv": [2, 12, 3.8, 16], "texture": "#0"},
				"west": {"uv": [4, 12, 5.8, 16], "texture": "#0"},
				"up": {"uv": [6.5, 10, 8.3, 12], "texture": "#0"},
				"down": {"uv": [10, 10, 11.8, 12], "texture": "#0"}
			}
		},
		{
			"name": "upper arm",
			"from": [3, 13, 6],
			"to": [5, 19, 8],
			"rotation": {"angle": -22.5, "axis": "z", "origin": [4, 18, 7]},
			"faces": {
				"north": {"uv": [4.5, 10, 6.5, 16], "texture": "#0"},
				"east": {"uv": [4.5, 10, 6.5, 16], "texture": "#0"},
				"south": {"uv": [4.5, 10, 6.5, 16], "texture": "#0"},
				"west": {"uv": [4.5, 10, 6.5, 16], "texture": "#0"},
				"up": {"uv": [8, 10, 10, 12], "texture": "#0"},
				"down": {"uv": [10, 10, 12, 12], "texture": "#0"}
			}
		},
		{
			"name": "lower arm",
			"from": [1.3, 10, 6.1],
			"to": [3.1, 14, 7.9],
			"rotation": {"angle": 0, "axis": "z", "origin": [2.3, 13, 7]},
			"faces": {
				"north": {"uv": [0, 12, 1.8, 16], "texture": "#0"},
				"east": {"uv": [6, 12, 7.8, 16], "texture": "#0"},
				"south": {"uv": [2, 12, 3.8, 16], "texture": "#0"},
				"west": {"uv": [4, 12, 5.8, 16], "texture": "#0"},
				"up": {"uv": [6.5, 10, 8.3, 12], "texture": "#0"},
				"down": {"uv": [10, 10, 11.8, 12], "texture": "#0"}
			}
		},
		{
			"name": "robe",
			"from": [5, 1, 8],
			"to": [11, 12, 11.2],
			"faces": {
				"north": {"uv": [2, 0, 8, 10], "texture": "#0"},
				"east": {"uv": [9.5, 0, 12.7, 10], "texture": "#0"},
				"south": {"uv": [2, 1.5, 8, 10], "texture": "#0"},
				"west": {"uv": [5, 0, 8.2, 10], "texture": "#0"},
				"up": {"uv": [14.5, 0.5, 15.5, 3.7], "texture": "#0"},
				"down": {"uv": [14.5, 4, 15.5, 5.2], "texture": "#0"}
			}
		},
		{
			"name": "robe",
			"from": [5.25, 1, 11.1],
			"to": [10.75, 7, 12.1],
			"faces": {
				"north": {"uv": [0, 0, 5.5, 6], "texture": "#0"},
				"east": {"uv": [0, 0, 1, 6], "texture": "#0"},
				"south": {"uv": [2.5, 1.5, 8, 7.5], "texture": "#0"},
				"west": {"uv": [0, 0, 1, 6], "texture": "#0"},
				"up": {"uv": [0, 0, 5.5, 1], "texture": "#0"},
				"down": {"uv": [14.5, 4, 15.5, 5.2], "texture": "#0"}
			}
		},
		{
			"name": "robe",
			"from": [5.5, 1, 12.1],
			"to": [10.5, 4, 13.1],
			"faces": {
				"north": {"uv": [0, 0, 5, 3], "texture": "#0"},
				"east": {"uv": [0, 0, 1, 3], "texture": "#0"},
				"south": {"uv": [3, 3, 8, 6], "texture": "#0"},
				"west": {"uv": [0, 0, 1, 3], "texture": "#0"},
				"up": {"uv": [0, 0, 5, 1], "texture": "#0"},
				"down": {"uv": [14.5, 4, 15.5, 5.2], "texture": "#0"}
			}
		},
		{
			"name": "robe",
			"from": [4.25, 0, 7],
			"to": [11.5, 1, 14],
			"faces": {
				"north": {"uv": [2.5, 3, 9.75, 4], "texture": "#0"},
				"east": {"uv": [4, 3, 11, 4], "texture": "#0"},
				"south": {"uv": [2, 2.5, 9.25, 3.5], "texture": "#0"},
				"west": {"uv": [3, 2, 10, 3], "texture": "#0"},
				"up": {"uv": [2, 2, 9.25, 9], "texture": "#0"},
				"down": {"uv": [14.5, 0, 15.75, 1.5], "texture": "#0"}
			}
		},
		{
			"name": "robe",
			"from": [6, 0, 7.5],
			"to": [10, 4, 8],
			"faces": {
				"north": {"uv": [2, 5.5, 6, 9.5], "texture": "#0"},
				"east": {"uv": [0, 0, 0.5, 4], "texture": "#0"},
				"south": {"uv": [0, 0, 4, 4], "texture": "#0"},
				"west": {"uv": [0, 0, 0.5, 4], "texture": "#0"},
				"up": {"uv": [0, 0, 4, 0.5], "texture": "#0"},
				"down": {"uv": [14.5, 4, 15.5, 5.2], "texture": "#0"}
			}
		}
	],
	"display": {
		"head": {
			"scale": [2.2, 2.2, 2.2],
			"translation": [0, -27, 0]
		}
	},
	"groups": [
		{
			"name": "body",
			"isOpen": false,
			"shade": true,
			"display": {
				"visibility": true,
				"autouv": true
			},
			"children": [0, 1, 2]
		},
		{
			"name": "R arm",
			"isOpen": false,
			"shade": true,
			"display": {
				"visibility": true,
				"autouv": true
			},
			"children": [3, 4, 5]
		},
		{
			"name": "L arm",
			"isOpen": false,
			"shade": true,
			"display": {
				"visibility": true,
				"autouv": true
			},
			"children": [6, 7]
		},
		{
			"name": "robe",
			"isOpen": false,
			"shade": true,
			"display": {
				"visibility": true,
				"autouv": true
			},
			"children": [8, 9, 10, 11, 12]
		}
	]
}