{
    "__comment": "Model generated using MrCrayfish's Model Creator (http://mrcrayfish.com/modelcreator/)",
    "textures": {
        "0": "block/spruce_log",
        "1": "block/oak_log_top",
        "2": "block/oak_log",
        "3": "block/birch_log",
        "4": "mobs/leaves"
    },
    "elements": [
        {
            "name": "legs",
            "from": [ 4.0, 0.0, 6.500000007450581 ], 
            "to": [ 7.0, 8.0, 9.50000000745058 ], 
            "faces": {
                "north": { "texture": "#0", "uv": [ 0.0, 0.0, 6.0, 16.0 ] },
                "east": { "texture": "#0", "uv": [ 0.0, 0.0, 7.0, 16.0 ] },
                "south": { "texture": "#0", "uv": [ 0.0, 0.0, 7.0, 16.0 ] },
                "west": { "texture": "#0", "uv": [ 0.0, 0.0, 7.0, 16.0 ] },
                "up": { "texture": "#0", "uv": [ 0.0, 0.0, 7.0, 7.0 ] },
                "down": { "texture": "#1", "uv": [ 5.0, 5.0, 11.0, 11.0 ] }
            }
        },
        {
            "name": "torso",
            "from": [ 5.200000002980232, 7.5999999940395355, 6.0 ], 
            "to": [ 10.600000008940697, 10.599999994039536, 10.0 ], 
            "faces": {
                "north": { "texture": "#2", "uv": [ 0.0, 0.0, 11.400000005960464, 6.0 ] },
                "east": { "texture": "#2", "uv": [ 0.0, 0.0, 11.0, 6.0 ] },
                "south": { "texture": "#2", "uv": [ 0.0, 0.0, 11.400000005960464, 6.0 ] },
                "west": { "texture": "#2", "uv": [ 0.0, 0.0, 10.0, 7.0 ] },
                "up": { "texture": "#2", "uv": [ 0.0, 0.0, 9.400000005960464, 7.0 ] },
                "down": { "texture": "#1", "uv": [ 2.0, 4.0, 13.400000005960464, 12.0 ] }
            }
        },
        {
            "name": "chest",
            "from": [ 3.5000000074505806, 10.299999989569187, 5.4000000059604645 ], 
            "to": [ 12.50000000745058, 15.799999997019768, 10.400000005960464 ], 
            "faces": {
                "north": { "texture": "#2", "uv": [ 0.0, 0.0, 16.0, 9.50000000745058 ] },
                "east": { "texture": "#2", "uv": [ 0.0, 0.0, 12.0, 9.50000000745058 ] },
                "south": { "texture": "#2", "uv": [ 0.0, 0.0, 16.0, 9.50000000745058 ] },
                "west": { "texture": "#2", "uv": [ 0.0, 0.0, 10.0, 8.50000000745058 ] },
                "up": { "texture": "#2", "uv": [ 0.0, 0.0, 16.0, 9.0 ] },
                "down": { "texture": "#1", "uv": [ 2.0, 2.0, 14.0, 14.0 ] }
            }
        },
        {
            "name": "head",
            "from": [ 6.0, 15.799999997019768, 4.899999998509884 ], 
            "to": [ 10.0, 20.799999997019768, 8.899999998509884 ], 
            "faces": {
                "north": { "texture": "#2", "uv": [ 0.0, 0.0, 8.0, 10.0 ] },
                "east": { "texture": "#2", "uv": [ 0.0, 0.0, 8.0, 10.0 ] },
                "south": { "texture": "#2", "uv": [ 0.0, 0.0, 8.0, 10.0 ] },
                "west": { "texture": "#2", "uv": [ 0.0, 0.0, 8.0, 11.0 ] },
                "up": { "texture": "#1", "uv": [ 0.0, 0.0, 16.0, 16.0 ] },
                "down": { "texture": "#1", "uv": [ 0.0, 0.0, 16.0, 16.0 ] }
            }
        },
        {
            "name": "nose",
            "from": [ 7.500000007450581, 15.300000004470348, 3.7999999970197678 ], 
            "to": [ 8.50000000745058, 17.30000000447035, 4.799999997019768 ], 
            "faces": {
                "north": { "texture": "#2", "uv": [ 0.0, 0.0, 6.0, 9.0 ] },
                "east": { "texture": "#2", "uv": [ 0.0, 0.0, 6.0, 8.0 ] },
                "south": { "texture": "#2", "uv": [ 0.0, 0.0, 6.0, 9.0 ] },
                "west": { "texture": "#2", "uv": [ 0.0, 0.0, 6.0, 10.0 ] },
                "up": { "texture": "#2", "uv": [ 0.0, 0.0, 7.0, 8.0 ] },
                "down": { "texture": "#2", "uv": [ 0.0, 0.0, 6.0, 6.0 ] }
            }
        },
        {
            "name": "Cube",
            "from": [ 9.0, 0.0, 6.500000007450581 ], 
            "to": [ 12.0, 8.0, 9.50000000745058 ], 
            "faces": {
                "north": { "texture": "#2", "uv": [ 0.0, 0.0, 6.0, 16.0 ] },
                "east": { "texture": "#2", "uv": [ 0.0, 0.0, 7.0, 16.0 ] },
                "south": { "texture": "#2", "uv": [ 0.0, 0.0, 7.0, 16.0 ] },
                "west": { "texture": "#2", "uv": [ 0.0, 0.0, 7.0, 16.0 ] },
                "up": { "texture": "#2", "uv": [ 0.0, 0.0, 7.0, 7.0 ] },
                "down": { "texture": "#1", "uv": [ 5.0, 5.0, 11.0, 11.0 ] }
            }
        },
        {
            "name": "arm",
            "from": [ 1.5000000074505806, 1.3000000044703484, 6.499999992549419 ], 
            "to": [ 3.5000000074505806, 15.799999997019768, 9.49999999254942 ], 
            "faces": {
                "north": { "texture": "#2", "uv": [ 0.0, 0.0, 5.0, 15.49999999254942 ] },
                "east": { "texture": "#2", "uv": [ 0.0, 0.0, 5.0, 15.49999999254942 ] },
                "south": { "texture": "#2", "uv": [ 0.0, 0.0, 5.0, 15.49999999254942 ] },
                "west": { "texture": "#2", "uv": [ 0.0, 0.0, 5.0, 15.49999999254942 ] },
                "up": { "texture": "#1", "uv": [ 0.0, 0.0, 16.0, 16.0 ] },
                "down": { "texture": "#1", "uv": [ 0.0, 0.0, 16.0, 16.0 ] }
            }
        },
        {
            "name": "arm",
            "from": [ 12.50000000745058, 1.3000000044703484, 6.499999992549419 ], 
            "to": [ 14.50000000745058, 15.799999997019768, 9.49999999254942 ], 
            "faces": {
                "north": { "texture": "#3", "uv": [ 5.0, 0.0, 10.0, 15.49999999254942 ] },
                "east": { "texture": "#3", "uv": [ 10.0, 0.0, 15.0, 15.49999999254942 ] },
                "south": { "texture": "#3", "uv": [ 0.0, 0.0, 5.0, 15.49999999254942 ] },
                "west": { "texture": "#3", "uv": [ 6.0, 0.0, 11.0, 15.49999999254942 ] },
                "up": { "texture": "#1", "uv": [ 2.0, 2.0, 14.0, 14.0 ] },
                "down": { "texture": "#1", "uv": [ 2.0, 2.0, 14.0, 14.0 ] }
            }
        },
        {
            "name": "eye",
            "from": [ 6.500000007450581, 17.30000000447035, 4.799999997019768 ], 
            "to": [ 7.500000007450581, 18.30000000447035, 4.899999998509884 ], 
            "faces": {
                "north": { "texture": "#0", "uv": [ 3.0, 13.0, 5.0, 15.0 ] },
                "east": { "texture": "#0", "uv": [ 0.0, 0.0, 0.10000000149011612, 1.0 ] },
                "south": { "texture": "#0", "uv": [ 0.0, 0.0, 1.0, 1.0 ] },
                "west": { "texture": "#0", "uv": [ 0.0, 0.0, 0.10000000149011612, 1.0 ] },
                "up": { "texture": "#0", "uv": [ 0.0, 0.0, 1.0, 0.10000000149011612 ] },
                "down": { "texture": "#0", "uv": [ 0.0, 0.0, 1.0, 0.10000000149011612 ] }
            }
        },
        {
            "name": "eye",
            "from": [ 8.50000000745058, 17.30000000447035, 4.799999997019768 ], 
            "to": [ 9.50000000745058, 18.30000000447035, 4.899999998509884 ], 
            "faces": {
                "north": { "texture": "#0", "uv": [ 13.0, 13.0, 15.0, 15.0 ] },
                "east": { "texture": "#0", "uv": [ 0.0, 0.0, 0.10000000149011612, 1.0 ] },
                "south": { "texture": "#0", "uv": [ 0.0, 0.0, 1.0, 1.0 ] },
                "west": { "texture": "#0", "uv": [ 0.0, 0.0, 0.10000000149011612, 1.0 ] },
                "up": { "texture": "#0", "uv": [ 0.0, 0.0, 1.0, 0.10000000149011612 ] },
                "down": { "texture": "#0", "uv": [ 0.0, 0.0, 1.0, 0.10000000149011612 ] }
            }
        },
        {
            "name": "leaves",
            "from": [ 1.0, 15.0, 5.0 ], 
            "to": [ 5.0, 19.0, 9.0 ], 
            "faces": {
                "north": { "texture": "#4", "uv": [ 0.0, 0.0, 16.0, 16.0 ] },
                "east": { "texture": "#4", "uv": [ 0.0, 0.0, 16.0, 16.0 ] },
                "south": { "texture": "#4", "uv": [ 0.0, 0.0, 16.0, 16.0 ] },
                "west": { "texture": "#4", "uv": [ 0.0, 0.0, 16.0, 16.0 ] },
                "up": { "texture": "#4", "uv": [ 0.0, 0.0, 16.0, 16.0 ] },
                "down": { "texture": "#4", "uv": [ 0.0, 0.0, 16.0, 16.0 ] }
            }
        },
        {
            "name": "Cube",
            "from": [ 3.0, 15.0, 8.0 ], 
            "to": [ 7.0, 19.0, 12.0 ], 
            "faces": {
                "north": { "texture": "#4", "uv": [ 0.0, 0.0, 16.0, 16.0 ] },
                "east": { "texture": "#4", "uv": [ 0.0, 0.0, 16.0, 16.0 ] },
                "south": { "texture": "#4", "uv": [ 0.0, 0.0, 16.0, 16.0 ] },
                "west": { "texture": "#4", "uv": [ 0.0, 0.0, 16.0, 16.0 ] },
                "up": { "texture": "#4", "uv": [ 0.0, 0.0, 16.0, 16.0 ] },
                "down": { "texture": "#4", "uv": [ 0.0, 0.0, 16.0, 16.0 ] }
            }
        },
        {
            "name": "Cube",
            "from": [ 3.0, 16.0, 6.0 ], 
            "to": [ 7.0, 20.0, 10.0 ], 
            "faces": {
                "north": { "texture": "#4", "uv": [ 0.0, 0.0, 16.0, 16.0 ] },
                "east": { "texture": "#4", "uv": [ 0.0, 0.0, 16.0, 16.0 ] },
                "south": { "texture": "#4", "uv": [ 0.0, 0.0, 16.0, 16.0 ] },
                "west": { "texture": "#4", "uv": [ 0.0, 0.0, 16.0, 16.0 ] },
                "up": { "texture": "#4", "uv": [ 0.0, 0.0, 16.0, 16.0 ] },
                "down": { "texture": "#4", "uv": [ 0.0, 0.0, 16.0, 16.0 ] }
            }
        },
        {
            "name": "Cube",
            "from": [ 9.0, 13.0, 7.0 ], 
            "to": [ 13.0, 17.0, 11.0 ], 
            "faces": {
                "north": { "texture": "#4", "uv": [ 0.0, 0.0, 16.0, 16.0 ] },
                "east": { "texture": "#4", "uv": [ 0.0, 0.0, 16.0, 16.0 ] },
                "south": { "texture": "#4", "uv": [ 0.0, 0.0, 16.0, 16.0 ] },
                "west": { "texture": "#4", "uv": [ 0.0, 0.0, 16.0, 16.0 ] },
                "up": { "texture": "#4", "uv": [ 0.0, 0.0, 16.0, 16.0 ] },
                "down": { "texture": "#4", "uv": [ 0.0, 0.0, 16.0, 16.0 ] }
            }
        },
        {
            "name": "Cube",
            "from": [ 12.0, 14.699999995529652, 6.0 ], 
            "to": [ 16.0, 18.69999999552965, 10.0 ], 
            "faces": {
                "north": { "texture": "#4", "uv": [ 0.0, 0.0, 16.0, 16.0 ] },
                "east": { "texture": "#4", "uv": [ 0.0, 0.0, 16.0, 16.0 ] },
                "south": { "texture": "#4", "uv": [ 0.0, 0.0, 16.0, 16.0 ] },
                "west": { "texture": "#4", "uv": [ 0.0, 0.0, 16.0, 16.0 ] },
                "up": { "texture": "#4", "uv": [ 0.0, 0.0, 16.0, 16.0 ] },
                "down": { "texture": "#4", "uv": [ 0.0, 0.0, 16.0, 16.0 ] }
            }
        },
        {
            "name": "Cube",
            "from": [ 7.500000007450581, 18.49999999254942, 5.799999997019768 ], 
            "to": [ 11.50000000745058, 22.49999999254942, 9.799999997019768 ], 
            "faces": {
                "north": { "texture": "#4", "uv": [ 0.0, 0.0, 16.0, 16.0 ] },
                "east": { "texture": "#4", "uv": [ 0.0, 0.0, 16.0, 16.0 ] },
                "south": { "texture": "#4", "uv": [ 0.0, 0.0, 16.0, 16.0 ] },
                "west": { "texture": "#4", "uv": [ 0.0, 0.0, 16.0, 16.0 ] },
                "up": { "texture": "#4", "uv": [ 0.0, 0.0, 16.0, 16.0 ] },
                "down": { "texture": "#4", "uv": [ 0.0, 0.0, 16.0, 16.0 ] }
            }
        },
        {
            "name": "Cube",
            "from": [ 5.0, 19.299999989569187, 3.9999999701976776 ], 
            "to": [ 9.0, 23.299999989569187, 7.999999970197678 ], 
            "faces": {
                "north": { "texture": "#4", "uv": [ 0.0, 0.0, 16.0, 16.0 ] },
                "east": { "texture": "#4", "uv": [ 0.0, 0.0, 16.0, 16.0 ] },
                "south": { "texture": "#4", "uv": [ 0.0, 0.0, 16.0, 16.0 ] },
                "west": { "texture": "#4", "uv": [ 0.0, 0.0, 16.0, 16.0 ] },
                "up": { "texture": "#4", "uv": [ 0.0, 0.0, 16.0, 16.0 ] },
                "down": { "texture": "#4", "uv": [ 0.0, 0.0, 16.0, 16.0 ] }
            }
        }
    ],"display": {
    "thirdperson_lefthand": {"rotation": [ 30, 45, 0], "translation": [ 0, 0, 0 ], "scale": [ 0.4, 0.4, 0.4 ]},
    "thirdperson_righthand": {"rotation": [ 30, 45, 0], "translation": [ 0, 0, 0 ], "scale": [ 0.4, 0.4, 0.4 ]},
    "firstperson_lefthand": {"rotation": [ 0, 45, 0 ], "translation": [ 0, 1, 0 ], "scale": [ 0.4, 0.4, 0.4 ]},
    "firstperson_righthand": {"rotation": [ 0, 45, 0 ], "translation": [ 0, 1, 0 ], "scale": [ 0.4, 0.4, 0.4 ]},
    "gui": {"rotation": [ 30, 45, 0 ], "translation": [ 0, 0, 0 ], "scale": [ 0.65, 0.65, 0.65 ]},
    "ground": {"rotation": [ 0, 0, 180], "translation": [ 0, 0, 0 ], "scale":[1,1,1]},
    "head": { "translation": [ 0, -13, 0 ], "scale": [ 4, 4, 4 ]},
    "fixed": {"rotation": [ 0, 0, 0], "translation": [ 0, 0, 0 ], "scale":[1,1,1]}
}
}