{
    "credit": "Made with Blockbench,  a free,  modern block model editor by JannisX11", 
    "textures": {
        "main": "mobs/troll_hurt"
    }, 
    "elements": [
        {
            "name": "head", 
            "from": [ 5.5, 18, 1.5 ], 
            "to":   [ 10.5, 23, 6.5 ], 
            "faces": {
                "north": { "uv": [ 0, 6, 2, 8 ], "texture": "#main" }, 
                "east":  { "uv": [ 2, 6, 4, 8 ], "texture": "#main" }, 
                "south": { "uv": [ 2, 6, 4, 8 ], "texture": "#main" }, 
                "west":  { "uv": [ 2, 6, 4, 8 ], "texture": "#main" }, 
                "up":    { "uv": [ 2, 6, 4, 8 ], "texture": "#main" }, 
                "down":  { "uv": [ 2, 6, 4, 8 ], "texture": "#main" }
            }
        }, 
        {
            "name": "chest", 
            "from": [ 4, 14, 6 ], 
            "to":   [ 12, 19, 10 ], 
            "rotation": { "angle": -22.5, "axis": "x", "origin": [8, 14, 8] }, 
            "faces": {
                "north": { "uv": [ 4, 4, 8, 6.5 ], "texture": "#main" }, 
                "east":  { "uv": [ 2, 2.75, 4, 5.25 ], "texture": "#main" }, 
                "south": { "uv": [ 4, 1.5, 8, 4 ], "texture": "#main" }, 
                "west":  { "uv": [ 0, 0.25, 2, 2.75 ], "texture": "#main" }, 
                "up":    { "uv": [ 0, 4, 4, 6 ], "texture": "#main", "rotation":180 }, 
                "down":  { "uv": [ 0, 6, 4, 8 ], "texture": "#main" }
            }
        }, 
        {
            "name": "torso", 
            "from": [ 5, 10, 7.25 ], 
            "to":   [ 11, 14.25, 10.5 ], 
            "rotation": { "angle": -22.5, "axis": "x", "origin": [8, 12, 9] }, 
            "faces": {
                "north": { "uv": [ 0.5, 1.25, 3.5, 3.375 ], "texture": "#main" }, 
                "east":  { "uv": [ 1.5, 1.25, 3.125, 3.375 ], "texture": "#main" }, 
                "south": { "uv": [ 0.5, 1.25, 3.5, 3.375 ], "texture": "#main" }, 
                "west":  { "uv": [ 1.25, 1.25, 2.875, 3.375 ], "texture": "#main" }, 
                "up":    { "uv": [ 0, 0, 3, 1.625 ], "texture": "#main" }, 
                "down":  { "uv": [ 0.5, 2.5, 3.5, 3.375 ], "texture": "#main" }
            }
        }, 
        {
            "name": "cloth", 
            "from": [ 5, 8, 7.5 ], 
            "to":   [ 11, 11, 11.1 ], 
            "faces": {
                "north": { "uv": [ 4.5, 0, 7.5, 1.5 ], "texture": "#main" }, 
                "east":  { "uv": [ 7.75, 0.75, 8, 1 ], "texture": "#main" }, 
                "south": { "uv": [ 4.5, 0, 7.5, 1.5 ], "texture": "#main" }, 
                "west":  { "uv": [ 7.75, 0.5, 8, 0.75 ], "texture": "#main" }, 
                "up":    { "uv": [ 7.75, 0.25, 8, 0.5 ], "texture": "#main" }, 
                "down":  { "uv": [ 7.75, 0.5, 8, 0.75 ], "texture": "#main" }
            }
        }, 
        {
            "name": "upper arm", 
            "from": [ 11, 12, 6 ], 
            "to":   [ 13, 18, 8 ], 
            "rotation": { "angle": 22.5, "axis": "z", "origin": [12, 17, 7] }, 
            "faces": {
                "north": { "uv": [ 3, 2.5, 4, 5.5 ], "texture": "#main" }, 
                "east":  { "uv": [ 3, 2.5, 4, 5.5 ], "texture": "#main" }, 
                "south": { "uv": [ 3, 2.5, 4, 5.5 ], "texture": "#main" }, 
                "west":  { "uv": [ 1.25, 2.5, 2.25, 5.5 ], "texture": "#main" }, 
                "up":    { "uv": [ 3, 2.5, 4, 3.5 ], "texture": "#main" }, 
                "down":  { "uv": [ 0, 7, 1, 8 ], "texture": "#main" }
            }
        }, 
        {
            "name": "lower arm", 
            "from": [ 13, 7.25, 6 ], 
            "to":   [ 15, 13.25, 8 ], 
            "rotation": { "angle": 45, "axis": "x", "origin": [14, 12.25, 7] }, 
            "faces": {
                "north": { "uv": [ 1.5, 1, 2.5, 4 ], "texture": "#main" }, 
                "east":  { "uv": [ 0.5, 1, 1.5, 4 ], "texture": "#main" }, 
                "south": { "uv": [ 0, 1, 1, 4 ], "texture": "#main" }, 
                "west":  { "uv": [ 2.5, 1, 3.5, 4 ], "texture": "#main" }, 
                "up":    { "uv": [ 0, 0, 1, 1 ], "texture": "#main" }, 
                "down":  { "uv": [ 0, 0, 1, 1 ], "texture": "#main" }
            }
        }, 
        {
            "name": "upper arm", 
            "from": [ 3, 12, 6 ], 
            "to":   [ 5, 18, 8 ], 
            "rotation": { "angle": -22.5, "axis": "z", "origin": [4, 17, 7] }, 
            "faces": {
                "north": { "uv": [ 2.25, 5, 3.25, 8 ], "texture": "#main" }, 
                "east":  { "uv": [ 2.25, 5, 3.25, 8 ], "texture": "#main" }, 
                "south": { "uv": [ 2.25, 5, 3.25, 8 ], "texture": "#main" }, 
                "west":  { "uv": [ 2.25, 5, 3.25, 8 ], "texture": "#main" }, 
                "up":    { "uv": [ 2.25, 7, 3.25, 8 ], "texture": "#main" }, 
                "down":  { "uv": [ 2.25, 7, 3.25, 8 ], "texture": "#main" }
            }
        }, 
        {
            "name": "lower arm", 
            "from": [ 1, 7.25, 6 ], 
            "to":   [ 3, 13.25, 8 ], 
            "rotation": { "angle": 45, "axis": "x", "origin": [2, 12.25, 7] }, 
            "faces": {
                "north": { "uv": [ 2.25, 5, 3.25, 8 ], "texture": "#main" }, 
                "east":  { "uv": [ 2.25, 5, 3.25, 8 ], "texture": "#main" }, 
                "south": { "uv": [ 2.25, 5, 3.25, 8 ], "texture": "#main" }, 
                "west":  { "uv": [ 2.25, 5, 3.25, 8 ], "texture": "#main" }, 
                "up":    { "uv": [ 2.25, 7, 3.25, 8 ], "texture": "#main" }, 
                "down":  { "uv": [ 2.25, 7, 3.25, 8 ], "texture": "#main" }
            }
        }, 
        {
            "name": "R foot", 
            "from": [ 9, 0, 7 ], 
            "to":   [ 10.9, 1, 10.1 ], 
            "faces": {
                "north": { "uv": [ 0, 0, 0.95, 0.5 ], "texture": "#main" }, 
                "east":  { "uv": [ 0, 0, 1.55, 0.5 ], "texture": "#main" }, 
                "south": { "uv": [ 0, 0, 0.95, 0.5 ], "texture": "#main" }, 
                "west":  { "uv": [ 0, 0, 1.55, 0.5 ], "texture": "#main" }, 
                "up":    { "uv": [ 0, 0, 0.95, 1.55 ], "texture": "#main" }, 
                "down":  { "uv": [ 0, 0, 0.95, 1.55 ], "texture": "#main" }
            }
        }, 
        {
            "name": "lower leg", 
            "from": [ 9, 0.25, 7 ], 
            "to":   [ 10.9, 6.25, 9 ], 
            "rotation": { "angle": -22.5, "axis": "x", "origin": [10, 3.25, 8] }, 
            "faces": {
                "north": { "uv": [ 1.75, 1, 2.7, 4 ], "texture": "#main" }, 
                "east":  { "uv": [ 2.5, 1, 3.5, 4 ], "texture": "#main" }, 
                "south": { "uv": [ 1.25, 1, 2.2, 4 ], "texture": "#main" }, 
                "west":  { "uv": [ 0, 1, 1, 4 ], "texture": "#main" }, 
                "up":    { "uv": [ 0, 7, 0.95, 8 ], "texture": "#main" }, 
                "down":  { "uv": [ 0, 7, 0.95, 8 ], "texture": "#main" }
            }
        }, 
        {
            "name": "upper leg", 
            "from": [ 9, 5, 7 ], 
            "to":   [ 10.9, 11, 9 ], 
            "rotation": { "angle": 22.5, "axis": "x", "origin": [10, 8, 8] }, 
            "faces": {
                "north": { "uv": [ 2, 5, 2.95, 8 ], "texture": "#main" }, 
                "east":  { "uv": [ 2, 5, 3, 8 ], "texture": "#main" }, 
                "south": { "uv": [ 2, 5, 2.95, 8 ], "texture": "#main" }, 
                "west":  { "uv": [ 2, 5, 3, 8 ], "texture": "#main" }, 
                "up":    { "uv": [ 2, 7, 2.95, 8 ], "texture": "#main" }, 
                "down":  { "uv": [ 2, 7, 2.95, 8 ], "texture": "#main" }
            }
        }, 
        {
            "name": "upper leg", 
            "from": [ 5.1, 5, 7 ], 
            "to":   [ 7, 11, 9 ], 
            "rotation": { "angle": 22.5, "axis": "x", "origin": [6, 8, 8] }, 
            "faces": {
                "north": { "uv": [ 2.25, 5, 3.2, 8 ], "texture": "#main" }, 
                "east":  { "uv": [ 2.25, 5, 3.25, 8 ], "texture": "#main" }, 
                "south": { "uv": [ 2.25, 5, 3.2, 8 ], "texture": "#main" }, 
                "west":  { "uv": [ 2.25, 5, 3.25, 8 ], "texture": "#main" }, 
                "up":    { "uv": [ 2.25, 7, 3.2, 8 ], "texture": "#main" }, 
                "down":  { "uv": [ 2.25, 7, 3.2, 8 ], "texture": "#main" }
            }
        }, 
        {
            "name": "lower leg", 
            "from": [ 5.1, 0.25, 7 ], 
            "to":   [ 7, 6.25, 9 ], 
            "rotation": { "angle": -22.5, "axis": "x", "origin": [6, 3.25, 8] }, 
            "faces": {
                "north": { "uv": [ 1.75, 1, 2.7, 4 ], "texture": "#main" }, 
                "east":  { "uv": [ 2.5, 1, 3.5, 4 ], "texture": "#main" }, 
                "south": { "uv": [ 1.25, 1, 2.2, 4 ], "texture": "#main" }, 
                "west":  { "uv": [ 0, 1, 1, 4 ], "texture": "#main" }, 
                "up":    { "uv": [ 0, 7, 0.95, 8 ], "texture": "#main" }, 
                "down":  { "uv": [ 0, 7, 0.95, 8 ], "texture": "#main" }
            }
        }, 
        {
            "name": "L foot", 
            "from": [ 5.1, 0, 7 ], 
            "to":   [ 7, 1, 10.1 ], 
            "faces": {
                "north": { "uv": [ 0, 0, 0.95, 0.5 ], "texture": "#main" }, 
                "east":  { "uv": [ 0, 0, 1.55, 0.5 ], "texture": "#main" }, 
                "south": { "uv": [ 0, 0, 0.95, 0.5 ], "texture": "#main" }, 
                "west":  { "uv": [ 0, 0, 1.55, 0.5 ], "texture": "#main" }, 
                "up":    { "uv": [ 0, 0, 0.95, 1.55 ], "texture": "#main" }, 
                "down":  { "uv": [ 0, 0, 0.95, 1.55 ], "texture": "#main" }
            }
        }, 
        {
            "name": "head", 
            "from": [ 5.5, 18, 1.5 ], 
            "to":   [ 10.5, 23, 6.5 ], 
            "faces": {
                "north": { "uv": [ 8, 6, 10, 8 ], "texture": "#main" }, 
                "east":  { "uv": [ 10, 6, 12, 8 ], "texture": "#main" }, 
                "south": { "uv": [ 10, 6, 12, 8 ], "texture": "#main" }, 
                "west":  { "uv": [ 10, 6, 12, 8 ], "texture": "#main" }, 
                "up":    { "uv": [ 10, 6, 12, 8 ], "texture": "#main" }, 
                "down":  { "uv": [ 10, 6, 12, 8 ], "texture": "#main" }
            }
        }, 
        {
            "name": "chest", 
            "from": [ 4, 14, 6 ], 
            "to":   [ 12, 19, 10 ], 
            "rotation": { "angle": -22.5, "axis": "x", "origin": [8, 14, 8] }, 
            "faces": {
                "north": { "uv": [ 12, 4, 16, 6.5 ], "texture": "#main" }, 
                "east":  { "uv": [ 10, 2.75, 12, 5.25 ], "texture": "#main" }, 
                "south": { "uv": [ 12, 1.5, 16, 4 ], "texture": "#main" }, 
                "west":  { "uv": [ 8, 0.25, 10, 2.75 ], "texture": "#main" }, 
                "up":    { "uv": [ 8, 4, 12, 6 ], "texture": "#main", "rotation":180 }, 
                "down":  { "uv": [ 8, 6, 12, 8 ], "texture": "#main" }
            }
        }, 
        {
            "name": "torso", 
            "from": [ 5, 10, 7.25 ], 
            "to":   [ 11, 14.25, 10.5 ], 
            "rotation": { "angle": -22.5, "axis": "x", "origin": [8, 12, 9] }, 
            "faces": {
                "north": { "uv": [ 8.5, 1.25, 11.5, 3.375 ], "texture": "#main" }, 
                "east":  { "uv": [ 9.5, 1.25, 11.125, 3.375 ], "texture": "#main" }, 
                "south": { "uv": [ 8.5, 1.25, 11.5, 3.375 ], "texture": "#main" }, 
                "west":  { "uv": [ 9.25, 1.25, 10.875, 3.375 ], "texture": "#main" }, 
                "up":    { "uv": [ 8, 0, 11, 1.625 ], "texture": "#main" }, 
                "down":  { "uv": [ 8.5, 2.5, 11.5, 3.375 ], "texture": "#main" }
            }
        }, 
        {
            "name": "cloth", 
            "from": [ 5, 8, 7.5 ], 
            "to":   [ 11, 11, 11.1 ], 
            "faces": {
                "north": { "uv": [ 12.5, 0, 15.5, 1.5 ], "texture": "#main" }, 
                "east":  { "uv": [ 15.75, 0.75, 16, 1 ], "texture": "#main" }, 
                "south": { "uv": [ 12.5, 0, 15.5, 1.5 ], "texture": "#main" }, 
                "west":  { "uv": [ 15.75, 0.5, 16, 0.75 ], "texture": "#main" }, 
                "up":    { "uv": [ 15.75, 0.25, 16, 0.5 ], "texture": "#main" }, 
                "down":  { "uv": [ 15.75, 0.5, 16, 0.75 ], "texture": "#main" }
            }
        }, 
        {
            "name": "upper arm", 
            "from": [ 11, 12, 6 ], 
            "to":   [ 13, 18, 8 ], 
            "rotation": { "angle": 22.5, "axis": "z", "origin": [12, 17, 7] }, 
            "faces": {
                "north": { "uv": [ 11, 2.5, 12, 5.5 ], "texture": "#main" }, 
                "east":  { "uv": [ 11, 2.5, 12, 5.5 ], "texture": "#main" }, 
                "south": { "uv": [ 11, 2.5, 12, 5.5 ], "texture": "#main" }, 
                "west":  { "uv": [ 9.25, 2.5, 10.25, 5.5 ], "texture": "#main" }, 
                "up":    { "uv": [ 11, 2.5, 12, 3.5 ], "texture": "#main" }, 
                "down":  { "uv": [ 8, 7, 9, 8 ], "texture": "#main" }
            }
        }, 
        {
            "name": "lower arm", 
            "from": [ 13, 7.25, 6 ], 
            "to":   [ 15, 13.25, 8 ], 
            "rotation": { "angle": 45, "axis": "x", "origin": [14, 12.25, 7] }, 
            "faces": {
                "north": { "uv": [ 9.5, 1, 10.5, 4 ], "texture": "#main" }, 
                "east":  { "uv": [ 8.5, 1, 9.5, 4 ], "texture": "#main" }, 
                "south": { "uv": [ 8, 1, 9, 4 ], "texture": "#main" }, 
                "west":  { "uv": [ 10.5, 1, 11.5, 4 ], "texture": "#main" }, 
                "up":    { "uv": [ 8, 0, 9, 1 ], "texture": "#main" }, 
                "down":  { "uv": [ 8, 0, 9, 1 ], "texture": "#main" }
            }
        }, 
        {
            "name": "upper arm", 
            "from": [ 3, 12, 6 ], 
            "to":   [ 5, 18, 8 ], 
            "rotation": { "angle": -22.5, "axis": "z", "origin": [4, 17, 7] }, 
            "faces": {
                "north": { "uv": [ 10.25, 5, 11.25, 8 ], "texture": "#main" }, 
                "east":  { "uv": [ 10.25, 5, 11.25, 8 ], "texture": "#main" }, 
                "south": { "uv": [ 10.25, 5, 11.25, 8 ], "texture": "#main" }, 
                "west":  { "uv": [ 10.25, 5, 11.25, 8 ], "texture": "#main" }, 
                "up":    { "uv": [ 10.25, 7, 11.25, 8 ], "texture": "#main" }, 
                "down":  { "uv": [ 10.25, 7, 11.25, 8 ], "texture": "#main" }
            }
        }, 
        {
            "name": "lower arm", 
            "from": [ 1, 7.25, 6 ], 
            "to":   [ 3, 13.25, 8 ], 
            "rotation": { "angle": 45, "axis": "x", "origin": [2, 12.25, 7] }, 
            "faces": {
                "north": { "uv": [ 10.25, 5, 11.25, 8 ], "texture": "#main" }, 
                "east":  { "uv": [ 10.25, 5, 11.25, 8 ], "texture": "#main" }, 
                "south": { "uv": [ 10.25, 5, 11.25, 8 ], "texture": "#main" }, 
                "west":  { "uv": [ 10.25, 5, 11.25, 8 ], "texture": "#main" }, 
                "up":    { "uv": [ 10.25, 7, 11.25, 8 ], "texture": "#main" }, 
                "down":  { "uv": [ 10.25, 7, 11.25, 8 ], "texture": "#main" }
            }
        }, 
        {
            "name": "R foot", 
            "from": [ 9, 1, 6 ], 
            "to":   [ 10.9, 2, 9.1 ], 
            "rotation": { "angle": -22.5, "axis": "x", "origin": [9.95, 1.5, 7.55] }, 
            "faces": {
                "north": { "uv": [ 8, 0, 8.475, 0.25 ], "texture": "#main" }, 
                "east":  { "uv": [ 8, 0, 8.775, 0.25 ], "texture": "#main" }, 
                "south": { "uv": [ 8, 0, 8.475, 0.25 ], "texture": "#main" }, 
                "west":  { "uv": [ 8, 0, 8.775, 0.25 ], "texture": "#main" }, 
                "up":    { "uv": [ 8, 0, 8.475, 0.775 ], "texture": "#main" }, 
                "down":  { "uv": [ 8, 0, 8.475, 0.775 ], "texture": "#main" }
            }
        }, 
        {
            "name": "lower leg", 
            "from": [ 9, 1.25, 6 ], 
            "to":   [ 10.9, 7.25, 8 ], 
            "rotation": { "angle": -22.5, "axis": "x", "origin": [10, 4.25, 7] }, 
            "faces": {
                "north": { "uv": [ 10.5, 1, 11.5, 4 ], "texture": "#main" }, 
                "east":  { "uv": [ 10.5, 1, 11.5, 4 ], "texture": "#main" }, 
                "south": { "uv": [ 9.25, 1, 10.25, 4 ], "texture": "#main" }, 
                "west":  { "uv": [ 11, 1, 12, 4 ], "texture": "#main" }, 
                "up":    { "uv": [ 10.5, 1, 11.5, 4 ], "texture": "#main" }, 
                "down":  { "uv": [ 10.5, 1, 11.5, 4 ], "texture": "#main" }
            }
        }, 
        {
            "name": "upper leg", 
            "from": [ 9, 5, 7 ], 
            "to":   [ 10.9, 11, 9 ], 
            "rotation": { "angle": 45, "axis": "x", "origin": [10, 8, 8] }, 
            "faces": {
                "north": { "uv": [ 10.75, 3.75, 11.7, 6.75 ], "texture": "#main" }, 
                "east":  { "uv": [ 10.75, 3.75, 11.7, 6.75 ], "texture": "#main" }, 
                "south": { "uv": [ 10.75, 3.75, 11.7, 6.75 ], "texture": "#main" }, 
                "west":  { "uv": [ 10.75, 3.75, 11.7, 6.75 ], "texture": "#main" }, 
                "up":    { "uv": [ 10.75, 2.5, 11.7, 3.5 ], "texture": "#main" }, 
                "down":  { "uv": [ 10.75, 3.75, 11.7, 6.75 ], "texture": "#main" }
            }
        }, 
        {
            "name": "upper leg", 
            "from": [ 5.1, 5, 8 ], 
            "to":   [ 7, 11, 10 ], 
            "rotation": { "angle": 0, "axis": "x", "origin": [6, 8, 9] }, 
            "faces": {
                "north": { "uv": [ 10.25, 5, 10.725, 6.5 ], "texture": "#main" }, 
                "east":  { "uv": [ 10.25, 5, 10.75, 6.5 ], "texture": "#main" }, 
                "south": { "uv": [ 10.25, 5, 10.725, 6.5 ], "texture": "#main" }, 
                "west":  { "uv": [ 10.25, 5, 10.75, 6.5 ], "texture": "#main" }, 
                "up":    { "uv": [ 10.25, 7, 10.725, 7.5 ], "texture": "#main" }, 
                "down":  { "uv": [ 10.25, 7, 10.725, 7.5 ], "texture": "#main" }
            }
        }, 
        {
            "name": "lower leg", 
            "from": [ 5.1, 0.25, 9 ], 
            "to":   [ 7, 6.25, 11 ], 
            "rotation": { "angle": -22.5, "axis": "x", "origin": [6, 3.25, 10] }, 
            "faces": {
                "north": { "uv": [ 8.5, 1, 9.45, 4 ], "texture": "#main" }, 
                "east":  { "uv": [ 10.5, 1, 11.45, 4 ], "texture": "#main" }, 
                "south": { "uv": [ 9.25, 1, 10.25, 4 ], "texture": "#main" }, 
                "west":  { "uv": [ 11, 1, 11.95, 4 ], "texture": "#main" }, 
                "up":    { "uv": [ 10.25, 3.75, 11.2, 4.75 ], "texture": "#main" }, 
                "down":  { "uv": [ 10.25, 3.75, 11.2, 4.75 ], "texture": "#main" }
            }
        }, 
        {
            "name": "L foot", 
            "from": [ 5.1, 0, 9 ], 
            "to":   [ 7, 1, 12.1 ], 
            "faces": {
                "north": { "uv": [ 8, 0, 8.475, 0.25 ], "texture": "#main" }, 
                "east":  { "uv": [ 8, 0, 8.775, 0.25 ], "texture": "#main" }, 
                "south": { "uv": [ 8, 0, 8.475, 0.25 ], "texture": "#main" }, 
                "west":  { "uv": [ 8, 0, 8.775, 0.25 ], "texture": "#main" }, 
                "up":    { "uv": [ 8, 0, 8.475, 0.775 ], "texture": "#main" }, 
                "down":  { "uv": [ 8, 0, 8.475, 0.775 ], "texture": "#main" }
            }
        }, 
        {
            "name": "head", 
            "from": [ 5.5, 18, 1.5 ], 
            "to":   [ 10.5, 23, 6.5 ], 
            "faces": {
                "north": { "uv": [ 0, 14, 2, 16 ], "texture": "#main" }, 
                "east":  { "uv": [ 2, 14, 4, 16 ], "texture": "#main" }, 
                "south": { "uv": [ 2, 14, 4, 16 ], "texture": "#main" }, 
                "west":  { "uv": [ 2, 14, 4, 16 ], "texture": "#main" }, 
                "up":    { "uv": [ 2, 14, 4, 16 ], "texture": "#main" }, 
                "down":  { "uv": [ 2, 14, 4, 16 ], "texture": "#main" }
            }
        }, 
        {
            "name": "chest", 
            "from": [ 4, 14, 6 ], 
            "to":   [ 12, 19, 10 ], 
            "rotation": { "angle": -22.5, "axis": "x", "origin": [8, 14, 8] }, 
            "faces": {
                "north": { "uv": [ 4, 12, 8, 14.5 ], "texture": "#main" }, 
                "east":  { "uv": [ 2, 10.75, 4, 13.25 ], "texture": "#main" }, 
                "south": { "uv": [ 4, 9.5, 8, 12 ], "texture": "#main" }, 
                "west":  { "uv": [ 0, 8.25, 2, 10.75 ], "texture": "#main" }, 
                "up":    { "uv": [ 0, 12, 4, 14 ], "texture": "#main", "rotation":180 }, 
                "down":  { "uv": [ 0, 14, 4, 16 ], "texture": "#main" }
            }
        }, 
        {
            "name": "torso", 
            "from": [ 5, 10, 7.25 ], 
            "to":   [ 11, 14.25, 10.5 ], 
            "rotation": { "angle": -22.5, "axis": "x", "origin": [8, 12, 9] }, 
            "faces": {
                "north": { "uv": [ 0.5, 9.25, 3.5, 11.375 ], "texture": "#main" }, 
                "east":  { "uv": [ 1.5, 9.25, 3.125, 11.375 ], "texture": "#main" }, 
                "south": { "uv": [ 0.5, 9.25, 3.5, 11.375 ], "texture": "#main" }, 
                "west":  { "uv": [ 1.25, 9.25, 2.875, 11.375 ], "texture": "#main" }, 
                "up":    { "uv": [ 0, 8, 3, 9.625 ], "texture": "#main" }, 
                "down":  { "uv": [ 0.5, 10.5, 3.5, 11.375 ], "texture": "#main" }
            }
        }, 
        {
            "name": "cloth", 
            "from": [ 5, 8, 7.5 ], 
            "to":   [ 11, 11, 11.1 ], 
            "faces": {
                "north": { "uv": [ 4.5, 8, 7.5, 9.5 ], "texture": "#main" }, 
                "east":  { "uv": [ 7.75, 8.75, 8, 9 ], "texture": "#main" }, 
                "south": { "uv": [ 4.5, 8, 7.5, 9.5 ], "texture": "#main" }, 
                "west":  { "uv": [ 7.75, 8.5, 8, 8.75 ], "texture": "#main" }, 
                "up":    { "uv": [ 7.75, 8.25, 8, 8.5 ], "texture": "#main" }, 
                "down":  { "uv": [ 7.75, 8.5, 8, 8.75 ], "texture": "#main" }
            }
        }, 
        {
            "name": "upper arm", 
            "from": [ 11, 12, 6 ], 
            "to":   [ 13, 18, 8 ], 
            "rotation": { "angle": 22.5, "axis": "z", "origin": [12, 17, 7] }, 
            "faces": {
                "north": { "uv": [ 3, 10.5, 4, 13.5 ], "texture": "#main" }, 
                "east":  { "uv": [ 3, 10.5, 4, 13.5 ], "texture": "#main" }, 
                "south": { "uv": [ 3, 10.5, 4, 13.5 ], "texture": "#main" }, 
                "west":  { "uv": [ 1.25, 10.5, 2.25, 13.5 ], "texture": "#main" }, 
                "up":    { "uv": [ 3, 10.5, 4, 11.5 ], "texture": "#main" }, 
                "down":  { "uv": [ 0, 15, 1, 16 ], "texture": "#main" }
            }
        }, 
        {
            "name": "lower arm", 
            "from": [ 13, 7.25, 6 ], 
            "to":   [ 15, 13.25, 8 ], 
            "rotation": { "angle": 45, "axis": "x", "origin": [14, 12.25, 7] }, 
            "faces": {
                "north": { "uv": [ 1.5, 9, 2.5, 12 ], "texture": "#main" }, 
                "east":  { "uv": [ 0.5, 9, 1.5, 12 ], "texture": "#main" }, 
                "south": { "uv": [ 0, 9, 1, 12 ], "texture": "#main" }, 
                "west":  { "uv": [ 2.5, 9, 3.5, 12 ], "texture": "#main" }, 
                "up":    { "uv": [ 0, 8, 1, 9 ], "texture": "#main" }, 
                "down":  { "uv": [ 0, 8, 1, 9 ], "texture": "#main" }
            }
        }, 
        {
            "name": "upper arm", 
            "from": [ 3, 12, 6 ], 
            "to":   [ 5, 18, 8 ], 
            "rotation": { "angle": -22.5, "axis": "z", "origin": [4, 17, 7] }, 
            "faces": {
                "north": { "uv": [ 2.25, 13, 3.25, 16 ], "texture": "#main" }, 
                "east":  { "uv": [ 2.25, 13, 3.25, 16 ], "texture": "#main" }, 
                "south": { "uv": [ 2.25, 13, 3.25, 16 ], "texture": "#main" }, 
                "west":  { "uv": [ 2.25, 13, 3.25, 16 ], "texture": "#main" }, 
                "up":    { "uv": [ 2.25, 15, 3.25, 16 ], "texture": "#main" }, 
                "down":  { "uv": [ 2.25, 15, 3.25, 16 ], "texture": "#main" }
            }
        }, 
        {
            "name": "lower arm", 
            "from": [ 1, 7.25, 6 ], 
            "to":   [ 3, 13.25, 8 ], 
            "rotation": { "angle": 45, "axis": "x", "origin": [2, 12.25, 7] }, 
            "faces": {
                "north": { "uv": [ 2.25, 13, 3.25, 16 ], "texture": "#main" }, 
                "east":  { "uv": [ 2.25, 13, 3.25, 16 ], "texture": "#main" }, 
                "south": { "uv": [ 2.25, 13, 3.25, 16 ], "texture": "#main" }, 
                "west":  { "uv": [ 2.25, 13, 3.25, 16 ], "texture": "#main" }, 
                "up":    { "uv": [ 2.25, 15, 3.25, 16 ], "texture": "#main" }, 
                "down":  { "uv": [ 2.25, 15, 3.25, 16 ], "texture": "#main" }
            }
        }, 
        {
            "name": "R foot", 
            "from": [ 9, 0, 9 ], 
            "to":   [ 10.9, 1, 12.1 ], 
            "rotation": { "angle": 0, "axis": "x", "origin": [9.95, 0.5, 10.55] }, 
            "faces": {
                "north": { "uv": [ 0, 8, 0.475, 8.25 ], "texture": "#main" }, 
                "east":  { "uv": [ 0, 8, 0.775, 8.25 ], "texture": "#main" }, 
                "south": { "uv": [ 0, 8, 0.475, 8.25 ], "texture": "#main" }, 
                "west":  { "uv": [ 0, 8, 0.775, 8.25 ], "texture": "#main" }, 
                "up":    { "uv": [ 0, 8, 0.475, 8.775 ], "texture": "#main" }, 
                "down":  { "uv": [ 0, 8, 0.475, 8.775 ], "texture": "#main" }
            }
        }, 
        {
            "name": "lower leg", 
            "from": [ 9, 0.25, 9 ], 
            "to":   [ 10.9, 6.25, 11 ], 
            "rotation": { "angle": -22.5, "axis": "x", "origin": [10, 3.25, 10] }, 
            "faces": {
                "north": { "uv": [ 2.5, 9, 3.5, 12 ], "texture": "#main" }, 
                "east":  { "uv": [ 2.5, 9, 3.5, 12 ], "texture": "#main" }, 
                "south": { "uv": [ 1.25, 9, 2.25, 12 ], "texture": "#main" }, 
                "west":  { "uv": [ 3, 9, 4, 12 ], "texture": "#main" }, 
                "up":    { "uv": [ 2.5, 9, 3.5, 12 ], "texture": "#main" }, 
                "down":  { "uv": [ 2.5, 9, 3.5, 12 ], "texture": "#main" }
            }
        }, 
        {
            "name": "upper leg", 
            "from": [ 9, 5, 8 ], 
            "to":   [ 10.9, 11, 10 ], 
            "rotation": { "angle": 0, "axis": "x", "origin": [10, 8, 9] }, 
            "faces": {
                "north": { "uv": [ 2.75, 11.75, 3.225, 13.25 ], "texture": "#main" }, 
                "east":  { "uv": [ 2.75, 11.75, 3.25, 13.25 ], "texture": "#main" }, 
                "south": { "uv": [ 2.75, 11.75, 3.225, 13.25 ], "texture": "#main" }, 
                "west":  { "uv": [ 2.75, 11.75, 3.25, 13.25 ], "texture": "#main" }, 
                "up":    { "uv": [ 2.75, 10.5, 3.225, 11 ], "texture": "#main" }, 
                "down":  { "uv": [ 2.75, 11.75, 3.225, 12.25 ], "texture": "#main" }
            }
        }, 
        {
            "name": "upper leg", 
            "from": [ 5.1, 5, 7 ], 
            "to":   [ 7, 11, 9 ], 
            "rotation": { "angle": 45, "axis": "x", "origin": [6, 8, 8] }, 
            "faces": {
                "north": { "uv": [ 2.25, 13, 2.725, 14.5 ], "texture": "#main" }, 
                "east":  { "uv": [ 2.25, 13, 2.75, 14.5 ], "texture": "#main" }, 
                "south": { "uv": [ 2.25, 13, 2.725, 14.5 ], "texture": "#main" }, 
                "west":  { "uv": [ 2.25, 13, 2.75, 14.5 ], "texture": "#main" }, 
                "up":    { "uv": [ 2.25, 15, 2.725, 15.5 ], "texture": "#main" }, 
                "down":  { "uv": [ 2.25, 15, 2.725, 15.5 ], "texture": "#main" }
            }
        }, 
        {
            "name": "lower leg", 
            "from": [ 5.1, 1.25, 6 ], 
            "to":   [ 7, 7.25, 8 ], 
            "rotation": { "angle": -22.5, "axis": "x", "origin": [6, 4.25, 7] }, 
            "faces": {
                "north": { "uv": [ 0.5, 9, 1.45, 12 ], "texture": "#main" }, 
                "east":  { "uv": [ 2.5, 9, 3.45, 12 ], "texture": "#main" }, 
                "south": { "uv": [ 1.25, 9, 2.25, 12 ], "texture": "#main" }, 
                "west":  { "uv": [ 3, 9, 3.95, 12 ], "texture": "#main" }, 
                "up":    { "uv": [ 2.25, 11.75, 3.2, 12.75 ], "texture": "#main" }, 
                "down":  { "uv": [ 2.25, 11.75, 3.2, 12.75 ], "texture": "#main" }
            }
        }, 
        {
            "name": "L foot", 
            "from": [ 5.1, 1, 6 ], 
            "to":   [ 7, 2, 9.1 ], 
            "rotation": { "angle": -22.5, "axis": "x", "origin": [6.05, 1.5, 7.55] }, 
            "faces": {
                "north": { "uv": [ 0, 8, 0.475, 8.25 ], "texture": "#main" }, 
                "east":  { "uv": [ 0, 8, 0.775, 8.25 ], "texture": "#main" }, 
                "south": { "uv": [ 0, 8, 0.475, 8.25 ], "texture": "#main" }, 
                "west":  { "uv": [ 0, 8, 0.775, 8.25 ], "texture": "#main" }, 
                "up":    { "uv": [ 0, 8, 0.475, 8.775 ], "texture": "#main" }, 
                "down":  { "uv": [ 0, 8, 0.475, 8.775 ], "texture": "#main" }
            }
        }
    ], 
    "display": {
        "head": {
            "scale": [ 1.6, 1.6, 1.6 ], 
            "translation": [ 0, -32, 0 ]
        }
    }, 
    "groups": [
        {
            "name": "body", 
            "isOpen": true, 
            "shade": true, 
            "display": {
                "visibility": true, 
                "autouv": true
            }, 
            "children": [
                0, 
                1, 
                2, 
                3
            ]
        }, 
        {
            "name": "R arm", 
            "isOpen": true, 
            "shade": true, 
            "display": {
                "visibility": true, 
                "autouv": true
            }, 
            "children": [
                4, 
                5
            ]
        }, 
        {
            "name": "L arm", 
            "isOpen": true, 
            "shade": true, 
            "display": {
                "visibility": true, 
                "autouv": true
            }, 
            "children": [
                6, 
                7
            ]
        }, 
        {
            "name": "R leg", 
            "isOpen": true, 
            "shade": true, 
            "display": {
                "visibility": true, 
                "autouv": true
            }, 
            "children": [
                8, 
                9, 
                10
            ]
        }, 
        {
            "name": "L leg", 
            "isOpen": true, 
            "shade": true, 
            "display": {
                "visibility": true, 
                "autouv": true
            }, 
            "children": [
                11, 
                12, 
                13
            ]
        }
    ], 
    "__comment": "Model animated using Fizzy's model animator - http://fizzy81.github.io/animated-models/"
}