{
    "credit": "Made with Blockbench,  a free,  modern block model editor by JannisX11", 
    "textures": {
        "main": "mobs/yeti_moving"
    }, 
    "elements": [
        {
            "name": "head", 
            "from": [ 5, 22, 4 ], 
            "to":   [ 11, 28, 10 ], 
            "faces": {
                "north": { "uv": [ 6, 0, 8, 2.25 ], "texture": "#main" }, 
                "east":  { "uv": [ 0, 0, 3, 3 ], "texture": "#main" }, 
                "south": { "uv": [ 0, 0, 3, 3 ], "texture": "#main" }, 
                "west":  { "uv": [ 0, 0, 3, 3 ], "texture": "#main" }, 
                "up":    { "uv": [ 0, 0, 3, 3 ], "texture": "#main" }, 
                "down":  { "uv": [ 0, 0, 3, 3 ], "texture": "#main" }
            }
        }, 
        {
            "name": "body", 
            "from": [ 3, 14, 5 ], 
            "to":   [ 13, 25, 11 ], 
            "faces": {
                "north": { "uv": [ 0, 0, 5, 5.5 ], "texture": "#main" }, 
                "east":  { "uv": [ 0, 0, 3, 5.5 ], "texture": "#main" }, 
                "south": { "uv": [ 0, 0, 5, 5.5 ], "texture": "#main" }, 
                "west":  { "uv": [ 0, 0, 3, 5.5 ], "texture": "#main" }, 
                "up":    { "uv": [ 0, 4, 5, 7 ], "texture": "#main" }, 
                "down":  { "uv": [ 0, 3.75, 5, 6.75 ], "texture": "#main" }
            }
        }, 
        {
            "name": "body", 
            "from": [ 4, 12, 6 ], 
            "to":   [ 12, 15, 10 ], 
            "faces": {
                "north": { "uv": [ 0, 0, 4, 1.5 ], "texture": "#main" }, 
                "east":  { "uv": [ 0, 0, 2, 1.5 ], "texture": "#main" }, 
                "south": { "uv": [ 0, 0, 4, 1.5 ], "texture": "#main" }, 
                "west":  { "uv": [ 0, 0, 2, 1.5 ], "texture": "#main" }, 
                "up":    { "uv": [ 0, 0, 4, 2 ], "texture": "#main" }, 
                "down":  { "uv": [ 0, 0, 4, 2 ], "texture": "#main" }
            }
        }, 
        {
            "name": "arm", 
            "from": [ 13, 11, 6 ], 
            "to":   [ 17, 24, 10 ], 
            "faces": {
                "north": { "uv": [ 0, 0, 2, 6.5 ], "texture": "#main" }, 
                "east":  { "uv": [ 0, 0, 2, 6.5 ], "texture": "#main" }, 
                "south": { "uv": [ 0, 0, 2, 6.5 ], "texture": "#main" }, 
                "west":  { "uv": [ 0, 0, 2, 6.5 ], "texture": "#main" }, 
                "up":    { "uv": [ 0, 0, 2, 2 ], "texture": "#main" }, 
                "down":  { "uv": [ 0, 0, 2, 2 ], "texture": "#main" }
            }
        }, 
        {
            "name": "arm", 
            "from": [ -1, 11, 6 ], 
            "to":   [ 3, 24, 10 ], 
            "faces": {
                "north": { "uv": [ 0, 0, 2, 6.5 ], "texture": "#main" }, 
                "east":  { "uv": [ 0, 0, 2, 6.5 ], "texture": "#main" }, 
                "south": { "uv": [ 0, 0, 2, 6.5 ], "texture": "#main" }, 
                "west":  { "uv": [ 0, 0, 2, 6.5 ], "texture": "#main" }, 
                "up":    { "uv": [ 0, 0, 2, 2 ], "texture": "#main" }, 
                "down":  { "uv": [ 0, 0, 2, 2 ], "texture": "#main" }
            }
        }, 
        {
            "name": "hand", 
            "from": [ -0.5, 10, 6.5 ], 
            "to":   [ 2.5, 11, 9.5 ], 
            "faces": {
                "north": { "uv": [ 6.25, 6.75, 7.75, 7.25 ], "texture": "#main" }, 
                "east":  { "uv": [ 6.25, 6.75, 7.75, 7.25 ], "texture": "#main" }, 
                "south": { "uv": [ 6.25, 6.75, 7.75, 7.25 ], "texture": "#main" }, 
                "west":  { "uv": [ 6.25, 6.75, 7.75, 7.25 ], "texture": "#main" }, 
                "up":    { "uv": [ 6.25, 6.75, 7.75, 7.25 ], "texture": "#main" }, 
                "down":  { "uv": [ 6.25, 6.75, 7.75, 7.25 ], "texture": "#main" }
            }
        }, 
        {
            "name": "hand", 
            "from": [ 13.5, 10, 6.5 ], 
            "to":   [ 16.5, 11, 9.5 ], 
            "faces": {
                "north": { "uv": [ 6.25, 6.25, 7.75, 7.75 ], "texture": "#main" }, 
                "east":  { "uv": [ 6.25, 6.25, 7.75, 7.75 ], "texture": "#main" }, 
                "south": { "uv": [ 6.25, 6.25, 7.75, 7.75 ], "texture": "#main" }, 
                "west":  { "uv": [ 6.25, 6.25, 7.75, 7.75 ], "texture": "#main" }, 
                "up":    { "uv": [ 6.25, 6.25, 7.75, 7.75 ], "texture": "#main" }, 
                "down":  { "uv": [ 6.25, 6.25, 7.75, 7.75 ], "texture": "#main" }
            }
        }, 
        {
            "name": "leg", 
            "from": [ 3.5, 0, 6 ], 
            "to":   [ 7.5, 12, 10 ], 
            "faces": {
                "north": { "uv": [ 0, 0, 2, 6 ], "texture": "#main" }, 
                "east":  { "uv": [ 0, 0, 2, 6 ], "texture": "#main" }, 
                "south": { "uv": [ 0, 0, 2, 6 ], "texture": "#main" }, 
                "west":  { "uv": [ 0, 0, 2, 6 ], "texture": "#main" }, 
                "up":    { "uv": [ 0, 0, 2, 2 ], "texture": "#main" }, 
                "down":  { "uv": [ 0, 0, 2, 2 ], "texture": "#main" }
            }
        }, 
        {
            "name": "leg", 
            "from": [ 8.5, 0, 6 ], 
            "to":   [ 12.5, 12, 10 ], 
            "faces": {
                "north": { "uv": [ 0, 0, 2, 6 ], "texture": "#main" }, 
                "east":  { "uv": [ 0, 0, 2, 6 ], "texture": "#main" }, 
                "south": { "uv": [ 0, 0, 2, 6 ], "texture": "#main" }, 
                "west":  { "uv": [ 0, 0, 2, 6 ], "texture": "#main" }, 
                "up":    { "uv": [ 0, 0, 2, 2 ], "texture": "#main" }, 
                "down":  { "uv": [ 0, 0, 2, 2 ], "texture": "#main" }
            }
        }, 
        {
            "name": "toe", 
            "from": [ 3.5, 0, 5 ], 
            "to":   [ 7.5, 1, 6 ], 
            "faces": {
                "north": { "uv": [ 6, 7.5, 8, 8 ], "texture": "#main" }, 
                "east":  { "uv": [ 6, 7.5, 8, 8 ], "texture": "#main" }, 
                "south": { "uv": [ 6, 7.5, 8, 8 ], "texture": "#main" }, 
                "west":  { "uv": [ 6, 7.5, 8, 8 ], "texture": "#main" }, 
                "up":    { "uv": [ 6, 7.5, 8, 8 ], "texture": "#main" }, 
                "down":  { "uv": [ 6, 7.5, 8, 8 ], "texture": "#main" }
            }
        }, 
        {
            "name": "toe", 
            "from": [ 8.5, 0, 5 ], 
            "to":   [ 12.5, 1, 6 ], 
            "faces": {
                "north": { "uv": [ 6, 7, 8, 7.5 ], "texture": "#main" }, 
                "east":  { "uv": [ 6, 7, 8, 7.5 ], "texture": "#main" }, 
                "south": { "uv": [ 6, 7, 8, 7.5 ], "texture": "#main" }, 
                "west":  { "uv": [ 6, 7, 8, 7.5 ], "texture": "#main" }, 
                "up":    { "uv": [ 6, 7, 8, 7.5 ], "texture": "#main" }, 
                "down":  { "uv": [ 6, 7, 8, 7.5 ], "texture": "#main" }
            }
        }, 
        {
            "name": "head", 
            "from": [ 5, 22, 4 ], 
            "to":   [ 11, 28, 10 ], 
            "faces": {
                "north": { "uv": [ 14, 0, 16, 2.25 ], "texture": "#main" }, 
                "east":  { "uv": [ 8, 0, 11, 3 ], "texture": "#main" }, 
                "south": { "uv": [ 8, 0, 11, 3 ], "texture": "#main" }, 
                "west":  { "uv": [ 8, 0, 11, 3 ], "texture": "#main" }, 
                "up":    { "uv": [ 8, 0, 11, 3 ], "texture": "#main" }, 
                "down":  { "uv": [ 8, 0, 11, 3 ], "texture": "#main" }
            }
        }, 
        {
            "name": "body", 
            "from": [ 3, 14, 5 ], 
            "to":   [ 13, 25, 11 ], 
            "faces": {
                "north": { "uv": [ 8, 0, 13, 5.5 ], "texture": "#main" }, 
                "east":  { "uv": [ 8, 0, 11, 5.5 ], "texture": "#main" }, 
                "south": { "uv": [ 8, 0, 13, 5.5 ], "texture": "#main" }, 
                "west":  { "uv": [ 8, 0, 11, 5.5 ], "texture": "#main" }, 
                "up":    { "uv": [ 8, 4, 13, 7 ], "texture": "#main" }, 
                "down":  { "uv": [ 8, 3.75, 13, 6.75 ], "texture": "#main" }
            }
        }, 
        {
            "name": "body", 
            "from": [ 4, 12, 6 ], 
            "to":   [ 12, 15, 10 ], 
            "faces": {
                "north": { "uv": [ 8, 0, 12, 1.5 ], "texture": "#main" }, 
                "east":  { "uv": [ 8, 0, 10, 1.5 ], "texture": "#main" }, 
                "south": { "uv": [ 8, 0, 12, 1.5 ], "texture": "#main" }, 
                "west":  { "uv": [ 8, 0, 10, 1.5 ], "texture": "#main" }, 
                "up":    { "uv": [ 8, 0, 12, 2 ], "texture": "#main" }, 
                "down":  { "uv": [ 8, 0, 12, 2 ], "texture": "#main" }
            }
        }, 
        {
            "name": "arm", 
            "from": [ 13, 11, 6 ], 
            "to":   [ 17, 24, 10 ], 
            "faces": {
                "north": { "uv": [ 8, 0, 10, 6.5 ], "texture": "#main" }, 
                "east":  { "uv": [ 8, 0, 10, 6.5 ], "texture": "#main" }, 
                "south": { "uv": [ 8, 0, 10, 6.5 ], "texture": "#main" }, 
                "west":  { "uv": [ 8, 0, 10, 6.5 ], "texture": "#main" }, 
                "up":    { "uv": [ 8, 0, 10, 2 ], "texture": "#main" }, 
                "down":  { "uv": [ 8, 0, 10, 2 ], "texture": "#main" }
            }
        }, 
        {
            "name": "arm", 
            "from": [ -1, 11, 6 ], 
            "to":   [ 3, 24, 10 ], 
            "faces": {
                "north": { "uv": [ 8, 0, 10, 6.5 ], "texture": "#main" }, 
                "east":  { "uv": [ 8, 0, 10, 6.5 ], "texture": "#main" }, 
                "south": { "uv": [ 8, 0, 10, 6.5 ], "texture": "#main" }, 
                "west":  { "uv": [ 8, 0, 10, 6.5 ], "texture": "#main" }, 
                "up":    { "uv": [ 8, 0, 10, 2 ], "texture": "#main" }, 
                "down":  { "uv": [ 8, 0, 10, 2 ], "texture": "#main" }
            }
        }, 
        {
            "name": "hand", 
            "from": [ -0.5, 10, 6.5 ], 
            "to":   [ 2.5, 11, 9.5 ], 
            "faces": {
                "north": { "uv": [ 14.25, 6.75, 15.75, 7.25 ], "texture": "#main" }, 
                "east":  { "uv": [ 14.25, 6.75, 15.75, 7.25 ], "texture": "#main" }, 
                "south": { "uv": [ 14.25, 6.75, 15.75, 7.25 ], "texture": "#main" }, 
                "west":  { "uv": [ 14.25, 6.75, 15.75, 7.25 ], "texture": "#main" }, 
                "up":    { "uv": [ 14.25, 6.75, 15.75, 7.25 ], "texture": "#main" }, 
                "down":  { "uv": [ 14.25, 6.75, 15.75, 7.25 ], "texture": "#main" }
            }
        }, 
        {
            "name": "hand", 
            "from": [ 13.5, 10, 6.5 ], 
            "to":   [ 16.5, 11, 9.5 ], 
            "faces": {
                "north": { "uv": [ 14.25, 6.25, 15.75, 7.75 ], "texture": "#main" }, 
                "east":  { "uv": [ 14.25, 6.25, 15.75, 7.75 ], "texture": "#main" }, 
                "south": { "uv": [ 14.25, 6.25, 15.75, 7.75 ], "texture": "#main" }, 
                "west":  { "uv": [ 14.25, 6.25, 15.75, 7.75 ], "texture": "#main" }, 
                "up":    { "uv": [ 14.25, 6.25, 15.75, 7.75 ], "texture": "#main" }, 
                "down":  { "uv": [ 14.25, 6.25, 15.75, 7.75 ], "texture": "#main" }
            }
        }, 
        {
            "name": "leg", 
            "from": [ 3.5, 0, 6 ], 
            "to":   [ 7.5, 12, 10 ], 
            "rotation": { "angle": 22.5, "axis": "x", "origin": [5.5, 11, 8] }, 
            "faces": {
                "north": { "uv": [ 8, 0, 10, 6 ], "texture": "#main" }, 
                "east":  { "uv": [ 8, 0, 10, 6 ], "texture": "#main" }, 
                "south": { "uv": [ 8, 0, 10, 6 ], "texture": "#main" }, 
                "west":  { "uv": [ 8, 0, 10, 6 ], "texture": "#main" }, 
                "up":    { "uv": [ 8, 0, 10, 2 ], "texture": "#main" }, 
                "down":  { "uv": [ 8, 0, 10, 2 ], "texture": "#main" }
            }
        }, 
        {
            "name": "leg", 
            "from": [ 8.5, 0, 6 ], 
            "to":   [ 12.5, 12, 10 ], 
            "rotation": { "angle": -22.5, "axis": "x", "origin": [10.5, 11, 8] }, 
            "faces": {
                "north": { "uv": [ 8, 0, 10, 6 ], "texture": "#main" }, 
                "east":  { "uv": [ 8, 0, 10, 6 ], "texture": "#main" }, 
                "south": { "uv": [ 8, 0, 10, 6 ], "texture": "#main" }, 
                "west":  { "uv": [ 8, 0, 10, 6 ], "texture": "#main" }, 
                "up":    { "uv": [ 8, 0, 10, 2 ], "texture": "#main" }, 
                "down":  { "uv": [ 8, 0, 10, 2 ], "texture": "#main" }
            }
        }, 
        {
            "name": "toe", 
            "from": [ 3.5, 0, 5 ], 
            "to":   [ 7.5, 1, 6 ], 
            "rotation": { "angle": 22.5, "axis": "x", "origin": [5.5, 11, 8] }, 
            "faces": {
                "north": { "uv": [ 14, 7.5, 16, 8 ], "texture": "#main" }, 
                "east":  { "uv": [ 14, 7.5, 16, 8 ], "texture": "#main" }, 
                "south": { "uv": [ 14, 7.5, 16, 8 ], "texture": "#main" }, 
                "west":  { "uv": [ 14, 7.5, 16, 8 ], "texture": "#main" }, 
                "up":    { "uv": [ 14, 7.5, 16, 8 ], "texture": "#main" }, 
                "down":  { "uv": [ 14, 7.5, 16, 8 ], "texture": "#main" }
            }
        }, 
        {
            "name": "toe", 
            "from": [ 8.5, 0, 5 ], 
            "to":   [ 12.5, 1, 6 ], 
            "rotation": { "angle": -22.5, "axis": "x", "origin": [10.5, 11, 8] }, 
            "faces": {
                "north": { "uv": [ 14, 7, 16, 7.5 ], "texture": "#main" }, 
                "east":  { "uv": [ 14, 7, 16, 7.5 ], "texture": "#main" }, 
                "south": { "uv": [ 14, 7, 16, 7.5 ], "texture": "#main" }, 
                "west":  { "uv": [ 14, 7, 16, 7.5 ], "texture": "#main" }, 
                "up":    { "uv": [ 14, 7, 16, 7.5 ], "texture": "#main" }, 
                "down":  { "uv": [ 14, 7, 16, 7.5 ], "texture": "#main" }
            }
        }, 
        {
            "name": "head", 
            "from": [ 5, 22, 4 ], 
            "to":   [ 11, 28, 10 ], 
            "faces": {
                "north": { "uv": [ 6, 8, 8, 10.25 ], "texture": "#main" }, 
                "east":  { "uv": [ 0, 8, 3, 11 ], "texture": "#main" }, 
                "south": { "uv": [ 0, 8, 3, 11 ], "texture": "#main" }, 
                "west":  { "uv": [ 0, 8, 3, 11 ], "texture": "#main" }, 
                "up":    { "uv": [ 0, 8, 3, 11 ], "texture": "#main" }, 
                "down":  { "uv": [ 0, 8, 3, 11 ], "texture": "#main" }
            }
        }, 
        {
            "name": "body", 
            "from": [ 3, 14, 5 ], 
            "to":   [ 13, 25, 11 ], 
            "faces": {
                "north": { "uv": [ 0, 8, 5, 13.5 ], "texture": "#main" }, 
                "east":  { "uv": [ 0, 8, 3, 13.5 ], "texture": "#main" }, 
                "south": { "uv": [ 0, 8, 5, 13.5 ], "texture": "#main" }, 
                "west":  { "uv": [ 0, 8, 3, 13.5 ], "texture": "#main" }, 
                "up":    { "uv": [ 0, 12, 5, 15 ], "texture": "#main" }, 
                "down":  { "uv": [ 0, 11.75, 5, 14.75 ], "texture": "#main" }
            }
        }, 
        {
            "name": "body", 
            "from": [ 4, 12, 6 ], 
            "to":   [ 12, 15, 10 ], 
            "faces": {
                "north": { "uv": [ 0, 8, 4, 9.5 ], "texture": "#main" }, 
                "east":  { "uv": [ 0, 8, 2, 9.5 ], "texture": "#main" }, 
                "south": { "uv": [ 0, 8, 4, 9.5 ], "texture": "#main" }, 
                "west":  { "uv": [ 0, 8, 2, 9.5 ], "texture": "#main" }, 
                "up":    { "uv": [ 0, 8, 4, 10 ], "texture": "#main" }, 
                "down":  { "uv": [ 0, 8, 4, 10 ], "texture": "#main" }
            }
        }, 
        {
            "name": "arm", 
            "from": [ 13, 11, 6 ], 
            "to":   [ 17, 24, 10 ], 
            "faces": {
                "north": { "uv": [ 0, 8, 2, 14.5 ], "texture": "#main" }, 
                "east":  { "uv": [ 0, 8, 2, 14.5 ], "texture": "#main" }, 
                "south": { "uv": [ 0, 8, 2, 14.5 ], "texture": "#main" }, 
                "west":  { "uv": [ 0, 8, 2, 14.5 ], "texture": "#main" }, 
                "up":    { "uv": [ 0, 8, 2, 10 ], "texture": "#main" }, 
                "down":  { "uv": [ 0, 8, 2, 10 ], "texture": "#main" }
            }
        }, 
        {
            "name": "arm", 
            "from": [ -1, 11, 6 ], 
            "to":   [ 3, 24, 10 ], 
            "faces": {
                "north": { "uv": [ 0, 8, 2, 14.5 ], "texture": "#main" }, 
                "east":  { "uv": [ 0, 8, 2, 14.5 ], "texture": "#main" }, 
                "south": { "uv": [ 0, 8, 2, 14.5 ], "texture": "#main" }, 
                "west":  { "uv": [ 0, 8, 2, 14.5 ], "texture": "#main" }, 
                "up":    { "uv": [ 0, 8, 2, 10 ], "texture": "#main" }, 
                "down":  { "uv": [ 0, 8, 2, 10 ], "texture": "#main" }
            }
        }, 
        {
            "name": "hand", 
            "from": [ -0.5, 10, 6.5 ], 
            "to":   [ 2.5, 11, 9.5 ], 
            "faces": {
                "north": { "uv": [ 6.25, 14.75, 7.75, 15.25 ], "texture": "#main" }, 
                "east":  { "uv": [ 6.25, 14.75, 7.75, 15.25 ], "texture": "#main" }, 
                "south": { "uv": [ 6.25, 14.75, 7.75, 15.25 ], "texture": "#main" }, 
                "west":  { "uv": [ 6.25, 14.75, 7.75, 15.25 ], "texture": "#main" }, 
                "up":    { "uv": [ 6.25, 14.75, 7.75, 15.25 ], "texture": "#main" }, 
                "down":  { "uv": [ 6.25, 14.75, 7.75, 15.25 ], "texture": "#main" }
            }
        }, 
        {
            "name": "hand", 
            "from": [ 13.5, 10, 6.5 ], 
            "to":   [ 16.5, 11, 9.5 ], 
            "faces": {
                "north": { "uv": [ 6.25, 14.25, 7.75, 15.75 ], "texture": "#main" }, 
                "east":  { "uv": [ 6.25, 14.25, 7.75, 15.75 ], "texture": "#main" }, 
                "south": { "uv": [ 6.25, 14.25, 7.75, 15.75 ], "texture": "#main" }, 
                "west":  { "uv": [ 6.25, 14.25, 7.75, 15.75 ], "texture": "#main" }, 
                "up":    { "uv": [ 6.25, 14.25, 7.75, 15.75 ], "texture": "#main" }, 
                "down":  { "uv": [ 6.25, 14.25, 7.75, 15.75 ], "texture": "#main" }
            }
        }, 
        {
            "name": "leg", 
            "from": [ 3.5, 0, 6 ], 
            "to":   [ 7.5, 12, 10 ], 
            "rotation": { "angle": -22.5, "axis": "x", "origin": [5.5, 11, 8] }, 
            "faces": {
                "north": { "uv": [ 0, 8, 2, 14 ], "texture": "#main" }, 
                "east":  { "uv": [ 0, 8, 2, 14 ], "texture": "#main" }, 
                "south": { "uv": [ 0, 8, 2, 14 ], "texture": "#main" }, 
                "west":  { "uv": [ 0, 8, 2, 14 ], "texture": "#main" }, 
                "up":    { "uv": [ 0, 8, 2, 10 ], "texture": "#main" }, 
                "down":  { "uv": [ 0, 8, 2, 10 ], "texture": "#main" }
            }
        }, 
        {
            "name": "leg", 
            "from": [ 8.5, 0, 6 ], 
            "to":   [ 12.5, 12, 10 ], 
            "rotation": { "angle": 22.5, "axis": "x", "origin": [10.5, 11, 8] }, 
            "faces": {
                "north": { "uv": [ 0, 8, 2, 14 ], "texture": "#main" }, 
                "east":  { "uv": [ 0, 8, 2, 14 ], "texture": "#main" }, 
                "south": { "uv": [ 0, 8, 2, 14 ], "texture": "#main" }, 
                "west":  { "uv": [ 0, 8, 2, 14 ], "texture": "#main" }, 
                "up":    { "uv": [ 0, 8, 2, 10 ], "texture": "#main" }, 
                "down":  { "uv": [ 0, 8, 2, 10 ], "texture": "#main" }
            }
        }, 
        {
            "name": "toe", 
            "from": [ 3.5, 0, 5 ], 
            "to":   [ 7.5, 1, 6 ], 
            "rotation": { "angle": -22.5, "axis": "x", "origin": [5.5, 11, 8] }, 
            "faces": {
                "north": { "uv": [ 6, 15.5, 8, 16 ], "texture": "#main" }, 
                "east":  { "uv": [ 6, 15.5, 8, 16 ], "texture": "#main" }, 
                "south": { "uv": [ 6, 15.5, 8, 16 ], "texture": "#main" }, 
                "west":  { "uv": [ 6, 15.5, 8, 16 ], "texture": "#main" }, 
                "up":    { "uv": [ 6, 15.5, 8, 16 ], "texture": "#main" }, 
                "down":  { "uv": [ 6, 15.5, 8, 16 ], "texture": "#main" }
            }
        }, 
        {
            "name": "toe", 
            "from": [ 8.5, 0, 5 ], 
            "to":   [ 12.5, 1, 6 ], 
            "rotation": { "angle": 22.5, "axis": "x", "origin": [10.5, 11, 8] }, 
            "faces": {
                "north": { "uv": [ 6, 15, 8, 15.5 ], "texture": "#main" }, 
                "east":  { "uv": [ 6, 15, 8, 15.5 ], "texture": "#main" }, 
                "south": { "uv": [ 6, 15, 8, 15.5 ], "texture": "#main" }, 
                "west":  { "uv": [ 6, 15, 8, 15.5 ], "texture": "#main" }, 
                "up":    { "uv": [ 6, 15, 8, 15.5 ], "texture": "#main" }, 
                "down":  { "uv": [ 6, 15, 8, 15.5 ], "texture": "#main" }
            }
        }
    ], 
    "display": {
        "head": {
            "scale": [ 3, 3, 3 ], 
            "translation": [ 0, -20.5, 0 ]
        }
    }, 
    "__comment": "Model animated using Fizzy's model animator - http://fizzy81.github.io/animated-models/"
}