{
    "__comment": "Model generated using MrCrayfish's Model Creator (http://mrcrayfish.com/modelcreator/)",
    "textures": {
        "0": "mobs/skeleton_zombie"
    },
    "elements": [
        {
            "name": "Cube",
            "from": [ 6.0, 0.0, 2.0 ], 
            "to": [ 10.0, 4.0, 14.0 ], 
            "faces": {
                "north": { "texture": "#0", "uv": [ 14.0, 12.0, 16.0, 14.0 ] },
                "east": { "texture": "#0", "uv": [ 6.0, 10.0, 12.0, 12.0 ] },
                "south": { "texture": "#0", "uv": [ 14.0, 12.0, 16.0, 14.0 ] },
                "west": { "texture": "#0", "uv": [ 11.0, 10.0, 6.0, 12.0 ] },
                "up": { "texture": "#0", "uv": [ 6.0, 16.0, 8.0, 10.0 ] },
                "down": { "texture": "#0", "uv": [ 6.0, 10.0, 8.0, 16.0 ] }
            }
        }
    ],"display": {
    "thirdperson_lefthand": {"rotation": [ 0, 0, 0], "translation": [ 0, 4.7, 6.1 ], "scale": [ 1.1, 1.1, 1.1 ]},
    "thirdperson_righthand": {"rotation": [ 0, 0, 0], "translation": [ 0, 4.7, 6.1 ], "scale": [ 1.1, 1.1, 1.1 ]},
    "firstperson_lefthand": {"rotation": [ 0, 45, 0 ], "translation": [ 0, 1, 0 ], "scale": [ 0.4, 0.4, 0.4 ]},
    "firstperson_righthand": {"rotation": [ 0, 45, 0 ], "translation": [ 0, 1, 0 ], "scale": [ 0.4, 0.4, 0.4 ]},
    "gui": {"rotation": [ 30, 45, 0 ], "translation": [ 0, 0, 0 ], "scale": [ 0.65, 0.65, 0.65 ]},
    "ground": {"rotation": [ 0, 0, 180], "translation": [ 0, 0, 0 ], "scale":[1,1,1]},
    "head": { "translation": [ 0, -29, 0 ], "scale": [ 2, 2, 2 ]},
    "fixed": {"rotation": [ 0, 0, 0], "translation": [ 0, 0, 0 ], "scale":[1,1,1]}
}
}