{
    "variants": {
        "type=bottom,waterlogged=false": { "model": "mechanization:machines/copper_ore" },
        "type=top,waterlogged=false": { "model": "mechanization:machines/copper_ore" },
        "type=double,waterlogged=false": { "model": "mechanization:machines/tin_ore" },
		"type=bottom,waterlogged=true": { "model": "mechanization:machines/copper_ore" },
        "type=top,waterlogged=true": { "model": "mechanization:machines/copper_ore" },
        "type=double,waterlogged=true": { "model": "mechanization:machines/titanium_ore" }
    }
}
