{
    "parent": "item/handheld",
    "textures": {
        "layer0": "item/diamond_shovel"
    },
    "overrides": [
		{"predicate": {"damaged": 0,"damage": 0.00064020486}, "model": "mechanization:base/battery_t1_0"},
		{"predicate": {"damaged": 0,"damage": 0.00128040973}, "model": "mechanization:base/battery_t1_1"},
		{"predicate": {"damaged": 0,"damage": 0.00192061459}, "model": "mechanization:base/battery_t1_2"},
		{"predicate": {"damaged": 0,"damage": 0.00256081946}, "model": "mechanization:base/battery_t1_3"},
		{"predicate": {"damaged": 0,"damage": 0.00320102432}, "model": "mechanization:base/battery_t1_4"},
		{"predicate": {"damaged": 0,"damage": 0.00384122919}, "model": "mechanization:base/battery_t1_5"},
		{"predicate": {"damaged": 0,"damage": 0.00448143405}, "model": "mechanization:base/battery_t1_6"},
		{"predicate": {"damaged": 0,"damage": 0.00512163892}, "model": "mechanization:base/battery_t1_7"},
		{"predicate": {"damaged": 0,"damage": 0.00576184379}, "model": "mechanization:base/battery_t1_8"},
		{"predicate": {"damaged": 0,"damage": 0.00640204865}, "model": "mechanization:base/battery_t2_0"},
		{"predicate": {"damaged": 0,"damage": 0.00704225352}, "model": "mechanization:base/battery_t2_1"},
		{"predicate": {"damaged": 0,"damage": 0.00768245838}, "model": "mechanization:base/battery_t2_2"},
		{"predicate": {"damaged": 0,"damage": 0.00832266325}, "model": "mechanization:base/battery_t2_3"},
		{"predicate": {"damaged": 0,"damage": 0.00896286811}, "model": "mechanization:base/battery_t2_4"},
		{"predicate": {"damaged": 0,"damage": 0.00960307298}, "model": "mechanization:base/battery_t2_5"},
		{"predicate": {"damaged": 0,"damage": 0.01024327784}, "model": "mechanization:base/battery_t2_6"},
		{"predicate": {"damaged": 0,"damage": 0.01024327784}, "model": "mechanization:base/battery_t2_7"},
		{"predicate": {"damaged": 0,"damage": 0.01024327784}, "model": "mechanization:base/battery_t2_8"},
		{"predicate": {"damaged": 0,"damage": 0.01216389244}, "model": "mechanization:base/battery_t3_0"},
		{"predicate": {"damaged": 0,"damage": 0.01280409731}, "model": "mechanization:base/battery_t3_1"},
		{"predicate": {"damaged": 0,"damage": 0.01344430217}, "model": "mechanization:base/battery_t3_2"},
		{"predicate": {"damaged": 0,"damage": 0.01408450704}, "model": "mechanization:base/battery_t3_3"},
		{"predicate": {"damaged": 0,"damage": 0.01472471190}, "model": "mechanization:base/battery_t3_4"},
		{"predicate": {"damaged": 0,"damage": 0.01536491677}, "model": "mechanization:base/battery_t3_5"},
		{"predicate": {"damaged": 0,"damage": 0.01600512163}, "model": "mechanization:base/battery_t3_6"},
		{"predicate": {"damaged": 0,"damage": 0.01664532650}, "model": "mechanization:base/battery_t3_7"},
		{"predicate": {"damaged": 0,"damage": 0.01728553137}, "model": "mechanization:base/battery_t3_8"},
		{"predicate": {"damaged": 0,"damage": 0.01792573623}, "model": "mechanization:base/battery_qu_0"},
		{"predicate": {"damaged": 0,"damage": 0.01856594110}, "model": "mechanization:base/battery_qu_1"},
		{"predicate": {"damaged": 0,"damage": 0.01920614596}, "model": "mechanization:base/battery_qu_2"},
		{"predicate": {"damaged": 0,"damage": 0.01984635083}, "model": "mechanization:base/battery_qu_3"},
		{"predicate": {"damaged": 0,"damage": 0.02048655569}, "model": "mechanization:base/battery_qu_4"},
		{"predicate": {"damaged": 0,"damage": 0.02112676056}, "model": "mechanization:base/battery_qu_5"},
		{"predicate": {"damaged": 0,"damage": 0.02176696542}, "model": "mechanization:base/battery_qu_6"},
		{"predicate": {"damaged": 0,"damage": 0.02240717029}, "model": "mechanization:base/battery_qu_7"},
		{"predicate": {"damaged": 0,"damage": 0.02304737516}, "model": "mechanization:base/battery_qu_8"},
		{"predicate": {"damaged": 0,"damage": 0.02368758002}, "model": "mechanization:base/energy_relay"},
		{"predicate": {"damaged": 0,"damage": 0.02432778489}, "model": "mechanization:base/machine_crafter"},
		{"predicate": {"damaged": 0,"damage": 0.02496798975}, "model": "mechanization:base/network_reformer"},
		{"predicate": {"damaged": 0,"damage": 0.02560819462}, "model": "mechanization:base/wrench"},
		{"predicate": {"damaged": 0,"damage": 0.02624839948}, "model": "mechanization:base/multimeter"},
		{"predicate": {"damaged": 0,"damage": 0.02688860435}, "model": "mechanization:base/machine_upgrade"},
		
		{"predicate": {"damaged": 0,"damage": 0.02752880921}, "model": "mechanization:machines/gui_air"},
		{"predicate": {"damaged": 0,"damage": 0.02816901408}, "model": "mechanization:machines/furnace_generator_off"},
		{"predicate": {"damaged": 0,"damage": 0.02880921895}, "model": "mechanization:machines/furnace_generator_on"},
		{"predicate": {"damaged": 0,"damage": 0.02944942381}, "model": "mechanization:machines/electric_furnace_off"},
		{"predicate": {"damaged": 0,"damage": 0.03008962868}, "model": "mechanization:machines/electric_furnace_on"},
		{"predicate": {"damaged": 0,"damage": 0.03072983354}, "model": "mechanization:machines/alloy_furnace_off"},
		{"predicate": {"damaged": 0,"damage": 0.03137003841}, "model": "mechanization:machines/alloy_furnace_on"},
		{"predicate": {"damaged": 0,"damage": 0.03201024327}, "model": "mechanization:machines/alloy_furnace_gui"},
		{"predicate": {"damaged": 0,"damage": 0.03265044814}, "model": "mechanization:machines/tree_feller_item"},
		{"predicate": {"damaged": 0,"damage": 0.03329065300}, "model": "mechanization:machines/tree_feller_base"}, 
		{"predicate": {"damaged": 0,"damage": 0.03393085787}, "model": "mechanization:machines/tree_feller_model"},
		{"predicate": {"damaged": 0,"damage": 0.03457106274}, "model": "mechanization:machines/growth_accelerator"},
		{"predicate": {"damaged": 0,"damage": 0.03521126760}, "model": "mechanization:machines/block_breaker"},
		{"predicate": {"damaged": 0,"damage": 0.03585147247}, "model": "mechanization:machines/solar_item"},
		{"predicate": {"damaged": 0,"damage": 0.03649167733}, "model": "mechanization:machines/solar_base"},
		{"predicate": {"damaged": 0,"damage": 0.03713188220}, "model": "mechanization:machines/solar_model"},
		{"predicate": {"damaged": 0,"damage": 0.03777208706}, "model": "mechanization:machines/solar_lunar_model"},
		{"predicate": {"damaged": 0,"damage": 0.03841229193}, "model": "mechanization:machines/grinder_off"},
		{"predicate": {"damaged": 0,"damage": 0.03905249679}, "model": "mechanization:machines/grinder_on"},
		{"predicate": {"damaged": 0,"damage": 0.03969270166}, "model": "mechanization:machines/quarry"},
		{"predicate": {"damaged": 0,"damage": 0.04033290653}, "model": "mechanization:machines/mob_grinder"},
		{"predicate": {"damaged": 0,"damage": 0.04097311139}, "model": "mechanization:machines/auto_farm"},
		{"predicate": {"damaged": 0,"damage": 0.04161331626}, "model": "mechanization:machines/lava_fabricator"},
		{"predicate": {"damaged": 0,"damage": 0.04225352112}, "model": "mechanization:machines/fisher"},
		{"predicate": {"damaged": 0,"damage": 0.04289372599}, "model": "mechanization:machines/bio_generator_off"},
		{"predicate": {"damaged": 0,"damage": 0.04353393085}, "model": "mechanization:machines/bio_generator_on"},
		{"predicate": {"damaged": 0,"damage": 0.04417413572}, "model": "mechanization:machines/turn_table"},
		{"predicate": {"damaged": 0,"damage": 0.04481434058}, "model": "mechanization:machines/super_piston"},
		{"predicate": {"damaged": 0,"damage": 0.04545454545}, "model": "mechanization:machines/super_sticky_piston"},
		{"predicate": {"damaged": 0,"damage": 0.04609475032}, "model": "mechanization:machines/reformer"},
		{"predicate": {"damaged": 0,"damage": 0.04673495518}, "model": "mechanization:machines/ender_generator_off"},
		{"predicate": {"damaged": 0,"damage": 0.04737516005}, "model": "mechanization:machines/ender_generator_on"},
		{"predicate": {"damaged": 0,"damage": 0.04801536491}, "model": "mechanization:machines/chunk_loader"},
		{"predicate": {"damaged": 0,"damage": 0.04865556978}, "model": "mechanization:machines/teleporter"},
		{"predicate": {"damaged": 0,"damage": 0.04929577464}, "model": "mechanization:machines/spawner_controller"},
		{"predicate": {"damaged": 0,"damage": 0.04993597951}, "model": "mechanization:machines/disenchanter"},
		{"predicate": {"damaged": 0,"damage": 0.05057618437}, "model": "mechanization:machines/machine_frame_1"},
		{"predicate": {"damaged": 0,"damage": 0.05121638924}, "model": "mechanization:machines/machine_frame_2"},
		{"predicate": {"damaged": 0,"damage": 0.05185659411}, "model": "mechanization:machines/machine_frame_3"},
		{"predicate": {"damaged": 0,"damage": 0.05249679897}, "model": "mechanization:machines/spawner_mover"},
		{"predicate": {"damaged": 0,"damage": 0.05313700384}, "model": "mechanization:machines/spawner_box"},
		
		{"predicate": {"damaged": 0,"damage": 0.05377720870}, "model": "mechanization:nuclear/centrifuge_item"},
		{"predicate": {"damaged": 0,"damage": 0.05441741357}, "model": "mechanization:nuclear/centrifuge_base"},
		{"predicate": {"damaged": 0,"damage": 0.05505761843}, "model": "mechanization:nuclear/centrifuge_model"},
		{"predicate": {"damaged": 0,"damage": 0.05569782330}, "model": "mechanization:nuclear/fission_reactor"},
		{"predicate": {"damaged": 0,"damage": 0.05633802816}, "model": "mechanization:nuclear/fission_reactor_uranium"},
		{"predicate": {"damaged": 0,"damage": 0.05697823303}, "model": "mechanization:nuclear/fission_reactor_plutonium"},
		{"predicate": {"damaged": 0,"damage": 0.05761843790}, "model": "mechanization:nuclear/steam_turbine_item"},
		{"predicate": {"damaged": 0,"damage": 0.05825864276}, "model": "mechanization:nuclear/steam_turbine_base"},
		{"predicate": {"damaged": 0,"damage": 0.05889884763}, "model": "mechanization:nuclear/steam_turbine_model"},
		{"predicate": {"damaged": 0,"damage": 0.05953905249}, "model": "mechanization:nuclear/temp_observer"},
		{"predicate": {"damaged": 0,"damage": 0.06017925736}, "model": "mechanization:nuclear/rate_observer"},
		{"predicate": {"damaged": 0,"damage": 0.06081946222}, "model": "mechanization:nuclear/control_rod"},
		{"predicate": {"damaged": 0,"damage": 0.06145966709}, "model": "mechanization:nuclear/control_rod_up"},
		{"predicate": {"damaged": 0,"damage": 0.06209987195}, "model": "mechanization:nuclear/empty_cell"},
		{"predicate": {"damaged": 0,"damage": 0.06274007682}, "model": "mechanization:nuclear/uranium_cell"},
		{"predicate": {"damaged": 0,"damage": 0.06338028169}, "model": "mechanization:nuclear/plutonium_cell"},
		{"predicate": {"damaged": 0,"damage": 0.06402048655}, "model": "mechanization:nuclear/place_holder"},
		{"predicate": {"damaged": 0,"damage": 0.06466069142}, "model": "mechanization:nuclear/place_holder"},
		{"predicate": {"damaged": 0,"damage": 0.06530089628}, "model": "mechanization:nuclear/place_holder"},
		{"predicate": {"damaged": 0,"damage": 0.06594110115}, "model": "mechanization:nuclear/place_holder"},
		{"predicate": {"damaged": 0,"damage": 0.06658130601}, "model": "mechanization:nuclear/place_holder"},
		{"predicate": {"damaged": 0,"damage": 0.06722151088}, "model": "mechanization:nuclear/place_holder"},
		{"predicate": {"damaged": 0,"damage": 0.06786171574}, "model": "mechanization:nuclear/place_holder"},
		{"predicate": {"damaged": 0,"damage": 0.06850192061}, "model": "mechanization:nuclear/place_holder"},
		{"predicate": {"damaged": 0,"damage": 0.06914212548}, "model": "mechanization:nuclear/place_holder"},
		{"predicate": {"damaged": 0,"damage": 0.06978233034}, "model": "mechanization:nuclear/place_holder"},
		{"predicate": {"damaged": 0,"damage": 0.07042253521}, "model": "mechanization:nuclear/place_holder"},
		
		{"predicate": {"damaged": 0,"damage": 0.07106274007}, "model": "mechanization:gadgets/charging_station"},
		{"predicate": {"damaged": 0,"damage": 0.07170294494}, "model": "mechanization:gadgets/tinker_table"},
		{"predicate": {"damaged": 0,"damage": 0.07234314980}, "model": "mechanization:gadgets/tinker_table_gui"},
		{"predicate": {"damaged": 0,"damage": 0.07298335467}, "model": "mechanization:gadgets/xp_tank_0"},
		{"predicate": {"damaged": 0,"damage": 0.07362355953}, "model": "mechanization:gadgets/xp_tank_1"},
		{"predicate": {"damaged": 0,"damage": 0.07426376440}, "model": "mechanization:gadgets/xp_tank_2"},
		{"predicate": {"damaged": 0,"damage": 0.07490396927}, "model": "mechanization:gadgets/xp_tank_3"},
		{"predicate": {"damaged": 0,"damage": 0.07554417413}, "model": "mechanization:gadgets/xp_tank_4"},
		{"predicate": {"damaged": 0,"damage": 0.07618437900}, "model": "mechanization:gadgets/xp_tank_5"},
		{"predicate": {"damaged": 0,"damage": 0.07682458386}, "model": "mechanization:gadgets/xp_tank_6"},
		{"predicate": {"damaged": 0,"damage": 0.07746478873}, "model": "mechanization:gadgets/xp_tank_7"},
		{"predicate": {"damaged": 0,"damage": 0.07810499359}, "model": "mechanization:gadgets/xp_tank_8"},
		
		{"predicate": {"damaged": 0,"damage": 0.07874519846}, "model": "mechanization:gadgets/portable_battery_0"},
		{"predicate": {"damaged": 0,"damage": 0.07938540332}, "model": "mechanization:gadgets/portable_battery_1"},
		{"predicate": {"damaged": 0,"damage": 0.08002560819}, "model": "mechanization:gadgets/portable_battery_2"},
		{"predicate": {"damaged": 0,"damage": 0.08066581306}, "model": "mechanization:gadgets/portable_battery_3"},
		{"predicate": {"damaged": 0,"damage": 0.08130601792}, "model": "mechanization:gadgets/portable_battery_4"},
		{"predicate": {"damaged": 0,"damage": 0.08194622279}, "model": "mechanization:gadgets/portable_battery_5"},
		{"predicate": {"damaged": 0,"damage": 0.08258642765}, "model": "mechanization:gadgets/portable_battery_6"},
		{"predicate": {"damaged": 0,"damage": 0.08322663252}, "model": "mechanization:gadgets/portable_battery_7"},
		{"predicate": {"damaged": 0,"damage": 0.08386683738}, "model": "mechanization:gadgets/portable_battery_8"},
		
		{"predicate": {"damaged": 0,"damage": 0.08450704225}, "model": "mechanization:gadgets/pistol"},
		{"predicate": {"damaged": 0,"damage": 0.08514724711}, "model": "mechanization:gadgets/pistol_ads"},
		{"predicate": {"damaged": 0,"damage": 0.08578745198}, "model": "mechanization:gadgets/pistol_sight"},
		{"predicate": {"damaged": 0,"damage": 0.08642765685}, "model": "mechanization:gadgets/pistol_sight_ads"},
		{"predicate": {"damaged": 0,"damage": 0.08706786171}, "model": "mechanization:gadgets/rifle"},
		{"predicate": {"damaged": 0,"damage": 0.08770806658}, "model": "mechanization:gadgets/rifle_ads"},
		{"predicate": {"damaged": 0,"damage": 0.08834827144}, "model": "mechanization:gadgets/rifle_sight"},
		{"predicate": {"damaged": 0,"damage": 0.08898847631}, "model": "mechanization:gadgets/rifle_sight_ads"},
		{"predicate": {"damaged": 0,"damage": 0.08962868117}, "model": "mechanization:gadgets/rifle_scope"},
		{"predicate": {"damaged": 0,"damage": 0.09026888604}, "model": "mechanization:gadgets/rifle_scope_ads"},
		{"predicate": {"damaged": 0,"damage": 0.09090909090}, "model": "mechanization:gadgets/sniper"},
		{"predicate": {"damaged": 0,"damage": 0.09154929577}, "model": "mechanization:gadgets/sniper_ads"},
		{"predicate": {"damaged": 0,"damage": 0.09218950064}, "model": "mechanization:gadgets/sniper_scope"},
		{"predicate": {"damaged": 0,"damage": 0.09282970550}, "model": "mechanization:gadgets/sniper_scope_ads"},
		{"predicate": {"damaged": 0,"damage": 0.09346991037}, "model": "mechanization:gadgets/smg"},
		{"predicate": {"damaged": 0,"damage": 0.09411011523}, "model": "mechanization:gadgets/smg_ads"},
		{"predicate": {"damaged": 0,"damage": 0.09475032010}, "model": "mechanization:gadgets/smg_sight"},
		{"predicate": {"damaged": 0,"damage": 0.09539052496}, "model": "mechanization:gadgets/smg_sight_ads"},
		{"predicate": {"damaged": 0,"damage": 0.09603072983}, "model": "mechanization:gadgets/sight"},
		{"predicate": {"damaged": 0,"damage": 0.09667093469}, "model": "mechanization:gadgets/scope"},
		{"predicate": {"damaged": 0,"damage": 0.09731113956}, "model": "mechanization:gadgets/upgrade_vertical_grip"},
		{"predicate": {"damaged": 0,"damage": 0.09795134443}, "model": "mechanization:gadgets/upgrade_angled_grip"},
		{"predicate": {"damaged": 0,"damage": 0.09859154929}, "model": "mechanization:gadgets/upgrade_super_charger"},
		{"predicate": {"damaged": 0,"damage": 0.09923175416}, "model": "mechanization:gadgets/upgrade_plasma_pump"},
		{"predicate": {"damaged": 0,"damage": 0.09987195902}, "model": "mechanization:gadgets/upgrade_fluid_actuator"},
		{"predicate": {"damaged": 0,"damage": 0.10051216389}, "model": "mechanization:gadgets/upgrade_cryo_unit"},
		
		{"predicate": {"damaged": 0,"damage": 0.10115236875}, "model": "mechanization:gadgets/upgrade_base"},
		{"predicate": {"damaged": 0,"damage": 0.10179257362}, "model": "mechanization:gadgets/upgrade_auto_smelt"},
		{"predicate": {"damaged": 0,"damage": 0.10243277848}, "model": "mechanization:gadgets/upgrade_empowered"},
		{"predicate": {"damaged": 0,"damage": 0.10307298335}, "model": "mechanization:gadgets/upgrade_magnetic"},
		{"predicate": {"damaged": 0,"damage": 0.10371318822}, "model": "mechanization:gadgets/upgrade_trash"},
		{"predicate": {"damaged": 0,"damage": 0.10435339308}, "model": "mechanization:gadgets/upgrade_smash"},
		{"predicate": {"damaged": 0,"damage": 0.10499359795}, "model": "mechanization:gadgets/upgrade_damage"},
		{"predicate": {"damaged": 0,"damage": 0.10563380281}, "model": "mechanization:gadgets/upgrade_attack_speed"},
		{"predicate": {"damaged": 0,"damage": 0.10627400768}, "model": "mechanization:gadgets/upgrade_poison"},
		{"predicate": {"damaged": 0,"damage": 0.10691421254}, "model": "mechanization:gadgets/upgrade_wither"},
		{"predicate": {"damaged": 0,"damage": 0.10755441741}, "model": "mechanization:gadgets/upgrade_vamparic"},
		{"predicate": {"damaged": 0,"damage": 0.10819462227}, "model": "mechanization:gadgets/upgrade_slowness"},
		{"predicate": {"damaged": 0,"damage": 0.10883482714}, "model": "mechanization:gadgets/upgrade_weakness"},
		{"predicate": {"damaged": 0,"damage": 0.10947503201}, "model": "mechanization:gadgets/upgrade_glow"},
		{"predicate": {"damaged": 0,"damage": 0.11011523687}, "model": "mechanization:gadgets/upgrade_armor"},
		{"predicate": {"damaged": 0,"damage": 0.11075544174}, "model": "mechanization:gadgets/upgrade_toughness"},
		{"predicate": {"damaged": 0,"damage": 0.11139564660}, "model": "mechanization:gadgets/upgrade_speed"},
		{"predicate": {"damaged": 0,"damage": 0.11203585147}, "model": "mechanization:gadgets/upgrade_knock_resist"},
		{"predicate": {"damaged": 0,"damage": 0.11267605633}, "model": "mechanization:gadgets/upgrade_health"},
		{"predicate": {"damaged": 0,"damage": 0.11331626120}, "model": "mechanization:gadgets/upgrade_flight"},
		{"predicate": {"damaged": 0,"damage": 0.11395646606}, "model": "mechanization:gadgets/upgrade_slowfall"},
		{"predicate": {"damaged": 0,"damage": 0.11459667093}, "model": "mechanization:gadgets/upgrade_night_vision"},
		{"predicate": {"damaged": 0,"damage": 0.11523687580}, "model": "mechanization:gadgets/upgrade_water_breathing"},
		{"predicate": {"damaged": 0,"damage": 0.11587708066}, "model": "mechanization:gadgets/upgrade_eater"},
		{"predicate": {"damaged": 0,"damage": 0.11651728553}, "model": "mechanization:gadgets/upgrade_invisibility"},
		{"predicate": {"damaged": 0,"damage": 0.11715749039}, "model": "mechanization:gadgets/upgrade_shield"},
		{"predicate": {"damaged": 0,"damage": 0.11779769526}, "model": "mechanization:gadgets/upgrade_antidote"},
		
		{"predicate": {"damaged": 0,"damage": 0.11843790012}, "model": "mechanization:gadgets/iron_ecolocater"},
		{"predicate": {"damaged": 0,"damage": 0.11907810499}, "model": "mechanization:gadgets/diamond_ecolocater"},
		
		{"predicate": {"damaged": 0,"damage": 0.12035851472}, "model": "mechanization:gadgets/gun_barrel"},
		{"predicate": {"damaged": 0,"damage": 0.12099871959}, "model": "mechanization:gadgets/gun_stock"},
		{"predicate": {"damaged": 0,"damage": 0.12163892445}, "model": "mechanization:gadgets/gun_trigger"},
		{"predicate": {"damaged": 0,"damage": 0.12227912932}, "model": "mechanization:gadgets/gun_magazine"},
		{"predicate": {"damaged": 0,"damage": 0.12291933418}, "model": "mechanization:gadgets/upgrade_bouncy"},
		
		
		
		{"predicate": {"damaged": 0,"damage": 0.12355953905}, "model": "mechanization:assembly/ender_hopper_item"},
		{"predicate": {"damaged": 0,"damage": 0.12419974391}, "model": "mechanization:assembly/ender_hopper"},
		{"predicate": {"damaged": 0,"damage": 0.12483994878}, "model": "mechanization:assembly/speed_hopper_item"},
		{"predicate": {"damaged": 0,"damage": 0.12548015364}, "model": "mechanization:assembly/speed_hopper"},
		{"predicate": {"damaged": 0,"damage": 0.12612035851}, "model": "mechanization:assembly/filter_hopper_item"},
		{"predicate": {"damaged": 0,"damage": 0.12676056338}, "model": "mechanization:assembly/filter_hopper"},
		{"predicate": {"damaged": 0,"damage": 0.12740076824}, "model": "mechanization:assembly/compressor"},
		{"predicate": {"damaged": 0,"damage": 0.12804097311}, "model": "mechanization:assembly/decompressor"},
		{"predicate": {"damaged": 0,"damage": 0.12868117797}, "model": "mechanization:assembly/stone_cutter"},
		{"predicate": {"damaged": 0,"damage": 0.12932138284}, "model": "mechanization:assembly/dye_machine"},
		{"predicate": {"damaged": 0,"damage": 0.12996158770}, "model": "mechanization:assembly/dye_machine_gui"},
		{"predicate": {"damaged": 0,"damage": 0.13060179257}, "model": "mechanization:assembly/unlimited_storage"},
		{"predicate": {"damaged": 0,"damage": 0.13124199743}, "model": "mechanization:assembly/auto_jukebox"},
		{"predicate": {"damaged": 0,"damage": 0.13188220230}, "model": "mechanization:gadgets/xp_tank_item"},
		
		{"predicate": {"damaged": 0,"damage": 0.13252240717}, "model": "mechanization:base/machine_crafter_gui"},
		
		{"predicate": {"damaged": 0,"damage": 0.25608194622}, "model": "mechanization:base/manual/item"},
		{"predicate": {"damaged": 0,"damage": 0.25672215108}, "model": "mechanization:base/manual/page_1"},
		{"predicate": {"damaged": 0,"damage": 0.25736235595}, "model": "mechanization:base/manual/page_2"},
		{"predicate": {"damaged": 0,"damage": 0.2580025608194622}, "model": "mechanization:base/manual/page_3"},
		{"predicate": {"damaged": 0,"damage": 0.2586427656850192}, "model": "mechanization:base/manual/page_4"},
		{"predicate": {"damaged": 0,"damage": 0.2592829705505762}, "model": "mechanization:base/manual/page_5"},
		{"predicate": {"damaged": 0,"damage": 0.2599231754161331}, "model": "mechanization:base/manual/page_6"},
		{"predicate": {"damaged": 0,"damage": 0.2605633802816901}, "model": "mechanization:base/manual/page_7"},
		{"predicate": {"damaged": 0,"damage": 0.2612035851472471}, "model": "mechanization:base/manual/page_8"},
		{"predicate": {"damaged": 0,"damage": 0.2618437900128041}, "model": "mechanization:base/manual/page_9"},
		{"predicate": {"damaged": 0,"damage": 0.2624839948783610}, "model": "mechanization:base/manual/page_10"},
		{"predicate": {"damaged": 0,"damage": 0.2631241997439180}, "model": "mechanization:base/manual/page_11"},
		{"predicate": {"damaged": 0,"damage": 0.2637644046094750}, "model": "mechanization:base/manual/page_12"},
		{"predicate": {"damaged": 0,"damage": 0.2644046094750320}, "model": "mechanization:base/manual/page_13"},
		{"predicate": {"damaged": 0,"damage": 0.2650448143405889}, "model": "mechanization:base/manual/page_14"},
		{"predicate": {"damaged": 0,"damage": 0.2656850192061459}, "model": "mechanization:base/manual/page_15"},
		{"predicate": {"damaged": 0,"damage": 0.2663252240717029}, "model": "mechanization:base/manual/page_16"},
		{"predicate": {"damaged": 0,"damage": 0.2669654289372599}, "model": "mechanization:base/manual/page_17"},
		{"predicate": {"damaged": 0,"damage": 0.2676056338028169}, "model": "mechanization:base/manual/page_18"},
		{"predicate": {"damaged": 0,"damage": 0.2682458386683738}, "model": "mechanization:base/manual/page_19"},
		{"predicate": {"damaged": 0,"damage": 0.2688860435339308}, "model": "mechanization:base/manual/page_20"},
		{"predicate": {"damaged": 0,"damage": 0.2695262483994878}, "model": "mechanization:base/manual/page_21"},
		{"predicate": {"damaged": 0,"damage": 0.2701664532650448}, "model": "mechanization:base/manual/page_22"},
		{"predicate": {"damaged": 0,"damage": 0.2708066581306018}, "model": "mechanization:base/manual/page_23"},
		{"predicate": {"damaged": 0,"damage": 0.2714468629961588}, "model": "mechanization:base/manual/page_24"},
		{"predicate": {"damaged": 0,"damage": 0.2720870678617157}, "model": "mechanization:base/manual/page_25"},
		{"predicate": {"damaged": 0,"damage": 0.2727272727272727}, "model": "mechanization:base/manual/page_26"},
		{"predicate": {"damaged": 0,"damage": 0.2733674775928297}, "model": "mechanization:base/manual/page_27"},
		{"predicate": {"damaged": 0,"damage": 0.2740076824583867}, "model": "mechanization:base/manual/page_28"},
		{"predicate": {"damaged": 0,"damage": 0.2746478873239436}, "model": "mechanization:base/manual/page_29"},
		{"predicate": {"damaged": 0,"damage": 0.2752880921895006}, "model": "mechanization:base/manual/page_30"},
		{"predicate": {"damaged": 0,"damage": 0.2759282970550576}, "model": "mechanization:base/manual/page_31"},
		{"predicate": {"damaged": 0,"damage": 0.2765685019206146}, "model": "mechanization:base/manual/page_32"},
		{"predicate": {"damaged": 0,"damage": 0.2772087067861715}, "model": "mechanization:base/manual/page_33"},
		{"predicate": {"damaged": 0,"damage": 0.2778489116517285}, "model": "mechanization:base/manual/page_34"},
		{"predicate": {"damaged": 0,"damage": 0.2784891165172855}, "model": "mechanization:base/manual/page_35"},
		{"predicate": {"damaged": 0,"damage": 0.2791293213828425}, "model": "mechanization:base/manual/page_36"},
		{"predicate": {"damaged": 0,"damage": 0.2797695262483994}, "model": "mechanization:base/manual/page_37"},
		{"predicate": {"damaged": 0,"damage": 0.2804097311139564}, "model": "mechanization:base/manual/page_38"},
		{"predicate": {"damaged": 0,"damage": 0.2810499359795134}, "model": "mechanization:base/manual/page_39"},
		{"predicate": {"damaged": 0,"damage": 0.2816901408450704}, "model": "mechanization:base/manual/page_40"},
		{"predicate": {"damaged": 0,"damage": 0.2823303457106274}, "model": "mechanization:base/manual/page_41"},
		{"predicate": {"damaged": 0,"damage": 0.2829705505761843}, "model": "mechanization:base/manual/page_42"},
		{"predicate": {"damaged": 0,"damage": 0.2836107554417413}, "model": "mechanization:base/manual/page_43"},
		{"predicate": {"damaged": 0,"damage": 0.2842509603072983}, "model": "mechanization:base/manual/page_44"},
		{"predicate": {"damaged": 0,"damage": 0.2848911651728553}, "model": "mechanization:base/manual/page_45"},
		{"predicate": {"damaged": 0,"damage": 0.2855313700384123}, "model": "mechanization:base/manual/page_46"},
		{"predicate": {"damaged": 0,"damage": 0.2861715749039693}, "model": "mechanization:base/manual/page_47"},
		{"predicate": {"damaged": 0,"damage": 0.2868117797695262}, "model": "mechanization:base/manual/page_48"},
		{"predicate": {"damaged": 0,"damage": 0.2874519846350832}, "model": "mechanization:base/manual/page_49"},
		{"predicate": {"damaged": 0,"damage": 0.2880921895006402}, "model": "mechanization:base/manual/page_50"},
		{"predicate": {"damaged": 0,"damage": 0.2887323943661972}, "model": "mechanization:base/manual/page_51"},
		{"predicate": {"damaged": 0,"damage": 0.2893725992317541}, "model": "mechanization:base/manual/page_52"},
		{"predicate": {"damaged": 0,"damage": 0.2900128040973111}, "model": "mechanization:base/manual/page_53"},
		{"predicate": {"damaged": 0,"damage": 0.2906530089628681}, "model": "mechanization:base/manual/page_54"},
		{"predicate": {"damaged": 0,"damage": 0.2912932138284251}, "model": "mechanization:base/manual/page_55"},
		{"predicate": {"damaged": 0,"damage": 0.2919334186939820}, "model": "mechanization:base/manual/page_56"},
		{"predicate": {"damaged": 0,"damage": 0.2925736235595390}, "model": "mechanization:base/manual/page_57"},
		{"predicate": {"damaged": 0,"damage": 0.2932138284250960}, "model": "mechanization:base/manual/page_58"},
		{"predicate": {"damaged": 0,"damage": 0.2938540332906530}, "model": "mechanization:base/manual/page_59"},
		{"predicate": {"damaged": 0,"damage": 0.2944942381562099}, "model": "mechanization:base/manual/page_60"},
		{"predicate": {"damaged": 0,"damage": 0.2951344430217669}, "model": "mechanization:base/manual/page_61"},
		{"predicate": {"damaged": 0,"damage": 0.2957746478873239}, "model": "mechanization:base/manual/page_62"},
		{"predicate": {"damaged": 0,"damage": 0.2964148527528809}, "model": "mechanization:base/manual/page_63"},
		{"predicate": {"damaged": 0,"damage": 0.2970550576184378}, "model": "mechanization:base/manual/page_64"},
		{"predicate": {"damaged": 0,"damage": 0.2976952624839948}, "model": "mechanization:base/manual/page_65"},
		{"predicate": {"damaged": 0,"damage": 0.2983354673495518}, "model": "mechanization:base/manual/page_66"},
		{"predicate": {"damaged": 0,"damage": 0.2989756722151088}, "model": "mechanization:base/manual/page_67"},
		{"predicate": {"damaged": 0,"damage": 0.2996158770806658}, "model": "mechanization:base/manual/page_68"},
		{"predicate": {"damaged": 0,"damage": 0.3002560819462228}, "model": "mechanization:base/manual/page_69"},
		{"predicate": {"damaged": 0,"damage": 0.3008962868117797}, "model": "mechanization:base/manual/page_70"},
		{"predicate": {"damaged": 0,"damage": 0.3015364916773367}, "model": "mechanization:base/manual/page_71"},
		{"predicate": {"damaged": 0,"damage": 0.3021766965428937}, "model": "mechanization:base/manual/page_72"},
		{"predicate": {"damaged": 0,"damage": 0.3028169014084507}, "model": "mechanization:base/manual/page_73"},
		{"predicate": {"damaged": 0,"damage": 0.3034571062740077}, "model": "mechanization:base/manual/page_74"},
		{"predicate": {"damaged": 0,"damage": 0.3040973111395647}, "model": "mechanization:base/manual/page_75"},
		{"predicate": {"damaged": 0,"damage": 0.3047375160051216}, "model": "mechanization:base/manual/page_76"},
		{"predicate": {"damaged": 0,"damage": 0.3053777208706786}, "model": "mechanization:base/manual/page_77"},
		{"predicate": {"damaged": 0,"damage": 0.3060179257362356}, "model": "mechanization:base/manual/page_78"},
		{"predicate": {"damaged": 0,"damage": 0.3066581306017926}, "model": "mechanization:base/manual/page_79"},
		{"predicate": {"damaged": 0,"damage": 0.3072983354673495}, "model": "mechanization:base/manual/page_80"},
		{"predicate": {"damaged": 0,"damage": 0.3079385403329065}, "model": "mechanization:base/manual/page_81"},
		{"predicate": {"damaged": 0,"damage": 0.3085787451984635}, "model": "mechanization:base/manual/page_81"},
		{"predicate": {"damaged": 0,"damage": 0.3092189500640204}, "model": "mechanization:base/manual/page_81"},
		{"predicate": {"damaged": 0,"damage": 0.3098591549295774}, "model": "mechanization:base/manual/page_81"},
		{"predicate": {"damaged": 0,"damage": 0.3104993597951344}, "model": "mechanization:base/manual/page_81"},
		{"predicate": {"damaged": 0,"damage": 0.3111395646606914}, "model": "mechanization:base/manual/page_81"},
		{"predicate": {"damaged": 0,"damage": 0.3117797695262483}, "model": "mechanization:base/manual/page_81"},
		{"predicate": {"damaged": 0,"damage": 0.3124199743918053}, "model": "mechanization:base/manual/page_81"},
		{"predicate": {"damaged": 0,"damage": 0.3130601792573623}, "model": "mechanization:base/manual/page_81"},
		{"predicate": {"damaged": 0,"damage": 0.3137003841229193}, "model": "mechanization:base/manual/page_81"},
		{"predicate": {"damaged": 0,"damage": 0.3143405889884763}, "model": "mechanization:base/manual/page_81"},
		{"predicate": {"damaged": 0,"damage": 0.3149807938540332}, "model": "mechanization:base/manual/page_81"},
		{"predicate": {"damaged": 0,"damage": 0.3156209987195902}, "model": "mechanization:base/manual/page_81"},
		{"predicate": {"damaged": 0,"damage": 0.3162612035851472}, "model": "mechanization:base/manual/page_81"},
		{"predicate": {"damaged": 0,"damage": 0.3169014084507042}, "model": "mechanization:base/manual/page_81"},
		{"predicate": {"damaged": 0,"damage": 0.3175416133162612}, "model": "mechanization:base/manual/page_81"},
		{"predicate": {"damaged": 0,"damage": 0.3181818181818182}, "model": "mechanization:base/manual/page_81"},
		{"predicate": {"damaged": 0,"damage": 0.3188220230473751}, "model": "mechanization:base/manual/page_81"},
		{"predicate": {"damaged": 0,"damage": 0.3194622279129321}, "model": "mechanization:base/manual/page_81"},
		
		{"predicate": {"damaged": 0,"damage": 0.99871959026}, "model": "mechanization:gadgets/crystal_shovel"},
		{"predicate": {"damaged": 0,"damage": 1.0}, "model": "mechanization:gadgets/titanium_shovel"},
		{"predicate": {"damaged": 1,"damage": 0}, "model": "item/diamond_shovel"}
	]
}
