{
	"music.fool": {
		"sounds": [
			{
			"name": "music/fool"
			"streaming": "true"
			}
		]
	},
	"music.who_are_you": {
		"sounds": [
			{
			"name": "music/who_are_you"
			"streaming": "true"
			}
		]
	},
	"music.we_shall_see": {
		"sounds": [
			{
			"name": "music/we_shall_see"
			"streaming": "true"
			}
		]
	},
	"music.hahaha": {
		"sounds": [
			{
			"name": "music/hahaha"
			"streaming": "true"
			}
		]
	},
	"music.very_well": {
		"sounds": [
			{
			"name": "music/very_well"
			"streaming": "true"
			}
		]
	},
	"music.request_granted": {
		"sounds": [
			{
			"name": "music/request_granted"
			"streaming": "true"
			}
		]
	},
	"music.to_kill_you": {
		"sounds": [
			{
			"name": "music/to_kill_you"
			"streaming": "true"
			}
		]
	}
}
